Workbook

Sheet MASTER
G1: 1 | H1: 2 | I1: 3 | J1: 4 | K1: 5 | L1: 6 | M1: 7 | N1: 8 | O1: 9 | P1: 10 | Q1: 11 | R1: 12 | S1: 13 | T1: 14 | U1: 15 | V1: 16 | W1: 17 | X1: 18 | Y1: 19 | Z1: 20 | AA1: 21 | AB1: 22 | AC1: 23 | AD1: 24 | AE1: 25 | AF1: 26 | AG1: 27 | AH1: 28 | AI1: 29 | AJ1: 30 | AK1: 31 | AL1: 32 | AM1: 33 | AN1: 34 | AO1: 35 | AP1: 36 | AQ1: 37 | AR1: 38 | AS1: 39 | AT1: 40 | AU1: 41 | AV1: 42 | AW1: 43 | AX1: 44 | AY1: 45 | AZ1: 46 | BA1: 47 | BB1: 48 | BC1: 49 | BD1: 50 | BE1: 51 | BF1: 52 | BG1: 53 | BH1: 54 | BI1: 55 | BJ1: 56 | BK1: 57 | BL1: 58 | BM1: 59 | BN1: 60 | BO1: 61 | BP1: 62 | BQ1: 63 | BR1: 64 | BS1: 65 | BT1: 66 | BU1: 67 | BV1: 68 | BW1: 69 | BX1: 70 | BY1: 71 | BZ1: 72 | CA1: 73 | CB1: 74 | CC1: 75 | CD1: 76 | CE1: 77 | CF1: 78
DA2: DIKETAHUI | DC2: DISETUJUI
DA10: TIGOR F. | DB10: OCTA YUDHA P. | DC10: EKO H./ANGGONO | DD10: M. RAJIEF A.P.
AH14: =200/15 -> 13.333333
AH15: =13*15 -> 195
G18: Hari Kerja | H18: 20
M21: Prod. Volume / month | P21: Prod. Volume | T21: Lot Size | Y21: Safety | AC21: Total | AD21: Ratio | AE21: PALLET | AK21: (meter) | AN21: (m2) | AQ21: (sec) | AR21: (minutes) / ITEM | AT21: (minutes) / MASTER | AZ21: CT Repair | BA21: TT/Part | BB21: PRESS LINE A | BF21: PRESS LINE B | BJ21: PRESS LINE C | BN21: PRESS LINE D | BU21: Total | BV21: Total | BW21: Item | BX21: Dies | CA21: Route
B22: SAME JOB | C22: PROSES LINE | E22: MACH | F22: NO | G22: JOB NO | H22: MASTER | I22: PART NO | J22: IRM NUMBER | K22: PART NAME | L22: Qty/Unit | M22: Regular | N22: Serv. Part | O22: TOTAL | P22: AVG/SHIFT | Q22: Avg/Shift (Master) | R22: Max/Shift | S22: Lot Cycle | T22: Each Part | U22: Master | V22: Lot/Shift | W22: Qty/Kbn | X22: Lot Size | Y22: Fluctuation | Z22: Down Time | AA22: Rep. Process | AB22: Total | AC22: Kanban | AD22: Kanban | AE22: Type Pallet | AF22: Type (Data IFP) | AG22: Qty | AH22: Total Need | AI22: Total Need (Mst) | AJ22: Act. Available | AK22: Panjang | AL22: Lebar | AM22: Toleransi | AN22: Std Tumpukan | AO22: Luas Area / Plt | AP22: Area FP | AQ22: CT | AR22: DCT | AS22: REG ACTIVITY | AT22: DCT | AU22: MCT | AV22: PCT | AW22: IP | AX22: DC | AY22: DT / Master | AZ22: (Sec.) | BA22: (Min) | BB22: A1 | BC22: A2 | BD22: A3 | BE22: A4 | BF22: B1 | BG22: B2 | BH22: B3 | BI22: B4 | BJ22: C1 | BK22: C2 | BL22: C3 | BM22: C4 | BN22: D1 | BO22: D2 | BP22: D3 | BQ22: D4 | BR22: Stroke/ Item | BS22: Total Process | BT22: Machine Process | BU22: Stroke/ Machine | BV22: Stroke/ Month/ Machine | BW22: Master/ Common | BX22: Mst/ Comm/ Gank | BY22: Sub Assy | BZ22: COSTUMER | CA22: CBU | CB22: CKD | CC22: Shut Height (mm) | CD22: Cushion Pressure (kg/cm2) | CE22: Remarks | CF22: TPT | CG22: PALLET AREA | CL22: Standard Safety 2~4 Hours | CM22: Lead Time (hours) | CN22: Takt Time Welding Assy Plant | CO22: Lead Time (Kanban) | CR22: SHUTHEIHGT
D23: variant | E23: A | G23: AAS-084 BLK | H23: AAS-084 BLK | I23: D57411 BZ280 | J23: IRM-093175 | K23: MBR FLOOR SIDE INNER RH | L23: 1 | M23: 3000 | O23: =+M23+N23 -> 3000 | P23: =+O23/$H$18 -> 150 | Q23: =IF($H23=G23,SUMIF($H:$H,H23,$P:$P),P23) -> 150 | R23: =Q23*10%+Q23 -> 165 | S23: 2 | T23: =IF(M23=0,"0",ROUNDUP(P23*S23/AG23,0)*AG23) -> 480 | U23: =IF($H23=G23,SUMIF($H:$H,H23,$T:$T),T23) -> 480 | V23: =IF(M23=0,"0",ROUND(P23/W23,1)) -> 2.5 | W23: 60 | X23: =ROUNDUP(T23/W23,0) -> 8 | AE23: KAYU | AG23: 240 | AQ23: 5.9 | AR23: 5 | BB23: 1 | BQ23: 1 | BR23: 1 | BS23: 1 | BU23: 1 | BV23: 6080 | BW23: M | BX23: M | BZ23: ADM | CF23: 40.416667
B24: AAS-084 | D24: variant | E24: A | G24: AAS-085 BLK | H24: AAS-085 BLK | I24: D57411 BZ280 | J24: IRM-093175 | K24: MBR FLOOR SIDE INNER RH | L24: 1 | M24: 3000 | O24: =+M24+N24 -> 3000 | P24: =+O24/$H$18 -> 150 | Q24: =IF($H24=G24,SUMIF($H:$H,H24,$P:$P),P24) -> 150 | R24: =Q24*10%+Q24 -> 165 | S24: 2 | T24: =IF(M24=0,"0",ROUNDUP(P24*S24/AG24,0)*AG24) -> 480 | U24: =IF($H24=G24,SUMIF($H:$H,H24,$T:$T),T24) -> 480 | V24: =IF(M24=0,"0",ROUND(P24/W24,1)) -> 2.5 | W24: 60 | X24: =ROUNDUP(T24/W24,0) -> 8 | AE24: KAYU | AG24: 240 | AQ24: 5.7 | AR24: 5 | BB24: 1 | BR24: 1 | BS24: 1 | BU24: 1 | BV24: 6080 | BW24: M | BX24: M | BZ24: ADM | CF24: 40.416667
B25: AAS-084 | D25: variant | E25: A | G25: AAS-084- | H25: AAS-009 | I25: D57411 BZ280 | J25: IRM-093175 | K25: MBR FLOOR SIDE INNER RH | L25: 1 | M25: 3000 | O25: =+M25+N25 -> 3000 | P25: =+O25/$H$18 -> 150 | Q25: =IF($H25=G25,SUMIF($H:$H,H25,$P:$P),P25) -> 150 | R25: =Q25*10%+Q25 -> 165 | S25: 2 | T25: =IF(M25=0,"0",ROUNDUP(P25*S25/AG25,0)*AG25) -> 300 | U25: =IF($H25=G25,SUMIF($H:$H,H25,$T:$T),T25) -> 300 | V25: =IF(M25=0,"0",ROUND(P25/W25,1)) -> 2.5 | W25: 60 | X25: =ROUNDUP(T25/W25,0) -> 5 | AE25: I | AG25: 60 | AQ25: 5.7 | AR25: 5 | BD25: 1 | BE25: 1 | BR25: 1 | BS25: 2 | BU25: 2 | BV25: 9960 | BW25: M | BX25: M | BZ25: ADM | CF25: 40.416667
B26: AAS-084 | D26: variant | E26: A | G26: AAS-084 | H26: AAS-009 | I26: D57411 BZ280 | J26: IRM-093175 | K26: MBR FLOOR SIDE INNER RH | L26: 1 | M26: 3000 | O26: =+M26+N26 -> 3000 | P26: =+O26/$H$18 -> 150 | Q26: =IF($H26=G26,SUMIF($H:$H,H26,$P:$P),P26) -> 150 | R26: =Q26*10%+Q26 -> 165 | S26: 2 | T26: =IF(M26=0,"0",ROUNDUP(P26*S26/AG26,0)*AG26) -> 300 | U26: =IF($H26=G26,SUMIF($H:$H,H26,$T:$T),T26) -> 300 | V26: =IF(M26=0,"0",ROUND(P26/W26,1)) -> 2.5 | W26: 60 | X26: =ROUNDUP(T26/W26,0) -> 5 | AE26: I | AG26: 60 | AQ26: 5.7 | AR26: 5 | BC26: 1 | BD26: 1 | BE26: 1 | BR26: 1 | BS26: 3 | BU26: 3 | BV26: 14940 | BW26: M | BX26: M | BZ26: ADM | CF26: 40.416667
B27: AAS-084 | D27: variant | E27: A | G27: AAS-085- | H27: AAS-010 | I27: D57412 BZ380 | J27: IRM-093175 | K27: MBR FLOOR SIDE INNER LH | L27: 1 | M27: 3000 | O27: =+M27+N27 -> 3000 | P27: =+O27/$H$18 -> 150 | Q27: =IF($H27=G27,SUMIF($H:$H,H27,$P:$P),P27) -> 150 | R27: =Q27*10%+Q27 -> 165 | S27: 2 | T27: =IF(M27=0,"0",ROUNDUP(P27*S27/AG27,0)*AG27) -> 300 | U27: =IF($H27=G27,SUMIF($H:$H,H27,$T:$T),T27) -> 300 | V27: =IF(M27=0,"0",ROUND(P27/W27,1)) -> 2.5 | W27: 60 | X27: =ROUNDUP(T27/W27,0) -> 5 | AE27: I | AG27: 60 | AQ27: 5.7 | AR27: 5 | BB27: 1 | BC27: 1 | BR27: 1 | BS27: 2 | BU27: 2 | BV27: 9960 | BW27: M | BX27: M | BZ27: ADM | CF27: 40.416667
B28: AAS-084 | D28: variant | E28: A | G28: AAS-085 | H28: AAS-010 | I28: D57412 BZ380 | J28: IRM-093175 | K28: MBR FLOOR SIDE INNER LH | L28: 1 | M28: 3000 | O28: =+M28+N28 -> 3000 | P28: =+O28/$H$18 -> 150 | Q28: =IF($H28=G28,SUMIF($H:$H,H28,$P:$P),P28) -> 150 | R28: =Q28*10%+Q28 -> 165 | S28: 2 | T28: =IF(M28=0,"0",ROUNDUP(P28*S28/AG28,0)*AG28) -> 300 | U28: =IF($H28=G28,SUMIF($H:$H,H28,$T:$T),T28) -> 300 | V28: =IF(M28=0,"0",ROUND(P28/W28,1)) -> 2.5 | W28: 60 | X28: =ROUNDUP(T28/W28,0) -> 5 | AE28: I | AG28: 60 | AQ28: 5.7 | AR28: 5 | BC28: 1 | BD28: 1 | BE28: 1 | BR28: 1 | BS28: 3 | BU28: 3 | BV28: 14940 | BW28: M | BX28: M | BZ28: ADM | CF28: 40.416667
B29: AAS-084 | D29: variant | E29: A | G29: AAS-009- | H29: AAS-009 | I29: D57411 BZ110 | J29: IRM-093175 | K29: MEMBER FLOOR SIDE INNER RH | L29: 1 | M29: 700 | O29: =+M29+N29 -> 700 | P29: =+O29/$H$18 -> 35 | Q29: =IF($H29=G29,SUMIF($H:$H,H29,$P:$P),P29) -> 35 | R29: =Q29*10%+Q29 -> 38.5 | S29: 2 | T29: =IF(M29=0,"0",ROUNDUP(P29*S29/AG29,0)*AG29) -> 100 | U29: =IF($H29=G29,SUMIF($H:$H,H29,$T:$T),T29) -> 100 | V29: =IF(M29=0,"0",ROUND(P29/W29,1)) -> 0.7 | W29: 50 | X29: =ROUNDUP(T29/W29,0) -> 2 | AE29: I | AG29: 50 | AQ29: 5.7 | AR29: 5 | BD29: 1 | BE29: 1 | BR29: 1 | BS29: 2 | BU29: 2 | BV29: 2200 | BW29: C | BX29: C | BZ29: ADM | CF29: 34.416667
B30: AAS-084 | D30: variant | E30: A | G30: AAS-009 | H30: AAS-009 | I30: D57411 BZ110 | J30: IRM-093175 | K30: MEMBER FLOOR SIDE INNER RH | L30: 1 | M30: 700 | O30: =+M30+N30 -> 700 | P30: =+O30/$H$18 -> 35 | Q30: =IF($H30=G30,SUMIF($H:$H,H30,$P:$P),P30) -> 370 | R30: =Q30*10%+Q30 -> 407 | S30: 2 | T30: =IF(M30=0,"0",ROUNDUP(P30*S30/AG30,0)*AG30) -> 100 | U30: =IF($H30=G30,SUMIF($H:$H,H30,$T:$T),T30) -> 800 | V30: =IF(M30=0,"0",ROUND(P30/W30,1)) -> 0.7 | W30: 50 | X30: =ROUNDUP(T30/W30,0) -> 2 | AE30: I | AG30: 50 | AQ30: 5.7 | AR30: 5 | BC30: 1 | BD30: 1 | BE30: 1 | BR30: 1 | BS30: 3 | BU30: 3 | BV30: 3300 | BW30: C | BX30: C | BZ30: ADM | CF30: 34.416667
B31: AAS-084 | D31: variant | E31: A | G31: AAS-010- | H31: AAS-010 | I31: D57412 BZ150 | J31: IRM-093175 | K31: MEMBER FLOOR SIDE INNER LH | L31: 1 | M31: 700 | O31: =+M31+N31 -> 700 | P31: =+O31/$H$18 -> 35 | Q31: =IF($H31=G31,SUMIF($H:$H,H31,$P:$P),P31) -> 35 | R31: =Q31*10%+Q31 -> 38.5 | S31: 2 | T31: =IF(M31=0,"0",ROUNDUP(P31*S31/AG31,0)*AG31) -> 100 | U31: =IF($H31=G31,SUMIF($H:$H,H31,$T:$T),T31) -> 100 | V31: =IF(M31=0,"0",ROUND(P31/W31,1)) -> 0.7 | W31: 50 | X31: =ROUNDUP(T31/W31,0) -> 2 | AE31: I | AG31: 50 | AQ31: 5.7 | AR31: 5 | BB31: 1 | BC31: 1 | BR31: 1 | BS31: 2 | BU31: 2 | BV31: 2200 | BW31: C | BX31: C | BZ31: ADM | CF31: 34.416667
B32: AAS-084 | D32: variant | E32: A | G32: AAS-010 | H32: AAS-010 | I32: D57412 BZ150 | J32: IRM-093175 | K32: MEMBER FLOOR SIDE INNER LH | L32: 1 | M32: 700 | O32: =+M32+N32 -> 700 | P32: =+O32/$H$18 -> 35 | Q32: =IF($H32=G32,SUMIF($H:$H,H32,$P:$P),P32) -> 370 | R32: =Q32*10%+Q32 -> 407 | S32: 2 | T32: =IF(M32=0,"0",ROUNDUP(P32*S32/AG32,0)*AG32) -> 100 | U32: =IF($H32=G32,SUMIF($H:$H,H32,$T:$T),T32) -> 800 | V32: =IF(M32=0,"0",ROUND(P32/W32,1)) -> 0.7 | W32: 50 | X32: =ROUNDUP(T32/W32,0) -> 2 | AE32: I | AG32: 50 | AQ32: 5.7 | AR32: 5 | BC32: 1 | BD32: 1 | BE32: 1 | BR32: 1 | BS32: 3 | BU32: 3 | BV32: 3300 | BW32: C | BX32: C | BZ32: ADM | CF32: 34.416667
B33: AAS-034 | E33: A | G33: AAS-034 | H33: AAS-034 | I33: D61231 BZ160 | J33: IRM-111401 | K33: RAIL ROOF SIDE INNER RH | L33: 1 | M33: 3675 | O33: =+M33+N33 -> 3675 | P33: =+O33/$H$18 -> 183.75 | Q33: =IF($H33=G33,SUMIF($H:$H,H33,$P:$P),P33) -> 367.5 | R33: =Q33*10%+Q33 -> 404.25 | S33: 2 | T33: =IF(M33=0,"0",ROUNDUP(P33*S33/AG33,0)*AG33) -> 720 | U33: =IF($H33=G33,SUMIF($H:$H,H33,$T:$T),T33) -> 1440 | V33: =IF(M33=0,"0",ROUND(P33/W33,1)) -> 7.4 | W33: 25 | X33: =ROUNDUP(T33/W33,0) -> 29 | AE33: I | AG33: 360 | AQ33: 6.5 | AR33: 5 | BB33: 1 | BR33: 1 | BS33: 1 | BU33: 1 | BV33: 6000 | BW33: M | BX33: M | BZ33: ADM | CF33: 48
B34: AAS-034 | E34: A | G34: AAS-035 | H34: AAS-034 | I34: D61232 BZ160 | J34: IRM-111401 | K34: RAIL ROOF SIDE INNER LH | L34: 1 | M34: 3675 | O34: =+M34+N34 -> 3675 | P34: =+O34/$H$18 -> 183.75 | Q34: =IF($H34=G34,SUMIF($H:$H,H34,$P:$P),P34) -> 183.75 | R34: =Q34*10%+Q34 -> 202.125 | S34: 2 | T34: =IF(M34=0,"0",ROUNDUP(P34*S34/AG34,0)*AG34) -> 720 | U34: =IF($H34=G34,SUMIF($H:$H,H34,$T:$T),T34) -> 720 | V34: =IF(M34=0,"0",ROUND(P34/W34,1)) -> 7.4 | W34: 25 | X34: =ROUNDUP(T34/W34,0) -> 29 | AE34: I | AG34: 360 | AQ34: 6.5 | AR34: 5 | BB34: 1 | BR34: 1 | BS34: 1 | BU34: 1 | BV34: 6000 | BW34: M | BX34: M | BZ34: ADM | CF34: 48
B35: AAS-054 | D35: variant | E35: A-D | G35: AAS-054 BLK | H35: AAS-054 | I35: D58213 BZ130 | J35: VRM-090474 | K35: REINF CTR FLOOR PANEL | L35: 1 | M35: 5540 | O35: =+M35+N35 -> 5540 | P35: =+O35/$H$18 -> 277 | Q35: =IF($H35=G35,SUMIF($H:$H,H35,$P:$P),P35) -> 277 | R35: =Q35*10%+Q35 -> 304.7 | S35: 2 | T35: =IF(M35=0,"0",ROUNDUP(P35*S35/AG35,0)*AG35) -> 720 | U35: =IF($H35=G35,SUMIF($H:$H,H35,$T:$T),T35) -> 720 | V35: =IF(M35=0,"0",ROUND(P35/W35,1)) -> 2.8 | W35: 100 | X35: =ROUNDUP(T35/W35,0) -> 8 | AE35: KHS | AG35: 360 | AQ35: 6 | AR35: 5 | BB35: 1 | BC35: 1 | BD35: 1 | BE35: 1 | BQ35: 1 | BR35: 1 | BS35: 4 | BU35: 4 | BV35: 31640 | BW35: M | BX35: M | BZ35: ADM | CF35: 91.333333
B36: AAS-054 | D36: variant | E36: A-D | G36: AAS-054 FNS | H36: AAS-054 | I36: D58213 BZ130 | J36: VRM-090474 | K36: REINF CTR FLOOR PANEL | L36: 1 | M36: 5540 | O36: =+M36+N36 -> 5540 | P36: =+O36/$H$18 -> 277 | Q36: =IF($H36=G36,SUMIF($H:$H,H36,$P:$P),P36) -> 277 | R36: =Q36*10%+Q36 -> 304.7 | S36: 2 | T36: =IF(M36=0,"0",ROUNDUP(P36*S36/AG36,0)*AG36) -> 720 | U36: =IF($H36=G36,SUMIF($H:$H,H36,$T:$T),T36) -> 720 | V36: =IF(M36=0,"0",ROUND(P36/W36,1)) -> 2.8 | W36: 100 | X36: =ROUNDUP(T36/W36,0) -> 8 | AE36: R | AG36: 180 | AQ36: 6 | AR36: 5 | BB36: 1 | BC36: 1 | BD36: 1 | BE36: 1 | BN36: 1 | BO36: 1 | BP36: 1 | BR36: 1 | BS36: 4 | BU36: 4 | BV36: 31640 | BW36: M | BX36: M | BZ36: ADM | CF36: 91.333333
B37: AAS-054 | D37: variant | E37: A | G37: AAS-082 | H37: AAS-054 | I37: DV58213 BZ150 | J37: VRM-090474 | K37: REINF CTR FLOOR PANEL | L37: 1 | M37: 1440 | O37: =+M37+N37 -> 1440 | P37: =+O37/$H$18 -> 72 | Q37: =IF($H37=G37,SUMIF($H:$H,H37,$P:$P),P37) -> 72 | R37: =Q37*10%+Q37 -> 79.2 | S37: 2 | T37: =IF(M37=0,"0",ROUNDUP(P37*S37/AG37,0)*AG37) -> 180 | U37: =IF($H37=G37,SUMIF($H:$H,H37,$T:$T),T37) -> 180 | V37: =IF(M37=0,"0",ROUND(P37/W37,1)) -> 1.2 | W37: 60 | X37: =ROUNDUP(T37/W37,0) -> 3 | AE37: R | AG37: 180 | AQ37: 5.7 | AR37: 5 | BB37: 1 | BC37: 1 | BD37: 1 | BE37: 1 | BR37: 1 | BS37: 4 | BU37: 4 | BV37: 10560 | BW37: C | BX37: C | BZ37: ADM | CF37: 85.333333
B38: AAS-054 | D38: variant | E38: A | G38: AAS-083 | H38: AAS-054 | I38: DV58213 BZ160 | J38: VRM-090474 | K38: REINF CTR FLOOR PANEL | L38: 1 | M38: 1620 | O38: =+M38+N38 -> 1620 | P38: =+O38/$H$18 -> 81 | Q38: =IF($H38=G38,SUMIF($H:$H,H38,$P:$P),P38) -> 81 | R38: =Q38*10%+Q38 -> 89.1 | S38: 2 | T38: =IF(M38=0,"0",ROUNDUP(P38*S38/AG38,0)*AG38) -> 180 | U38: =IF($H38=G38,SUMIF($H:$H,H38,$T:$T),T38) -> 180 | V38: =IF(M38=0,"0",ROUND(P38/W38,1)) -> 1.4 | W38: 60 | X38: =ROUNDUP(T38/W38,0) -> 3 | AE38: R | AG38: 180 | AQ38: 5.7 | AR38: 5 | BB38: 1 | BC38: 1 | BD38: 1 | BE38: 1 | BR38: 1 | BS38: 4 | BU38: 4 | BV38: 9360 | BW38: C | BX38: C | BZ38: ADM | CF38: 85.333333
B39: AAS-058 | C39: A-B | D39: SEP | E39: A | G39: AAS-058 | H39: AAS-058/59 | I39: D61343 BZ180 | J39: VRM-090127 | K39: PILLAR CTR BODY INNER RH | L39: 1 | M39: 5550 | O39: =+M39+N39 -> 5550 | P39: =+O39/$H$18 -> 277.5 | Q39: =IF($H39=G39,SUMIF($H:$H,H39,$P:$P),P39) -> 277.5 | R39: =Q39*10%+Q39 -> 305.25 | S39: 2 | T39: =IF(M39=0,"0",ROUNDUP(P39*S39/AG39,0)*AG39) -> 600 | U39: =IF($H39=G39,SUMIF($H:$H,H39,$T:$T),T39) -> 600 | V39: =IF(M39=0,"0",ROUND(P39/W39,1)) -> 5.6 | W39: 50 | X39: =ROUNDUP(T39/W39,0) -> 12 | AE39: D2 | AG39: 200 | AQ39: 6.3 | AR39: 5 | BC39: 1 | BD39: 1 | BE39: 1 | BF39: 1 | BG39: 1 | BH39: 1 | BN39: 1 | BO39: 1 | BP39: 1 | BR39: 1 | BS39: 3 | BU39: 3 | BV39: 23400 | BW39: M | BX39: M | BZ39: ADM | CF39: 57.166667
B40: AAS-058 | C40: A-B | D40: SEP | E40: A | G40: AAS-059 | H40: AAS-058 | I40: D61344 BZ190 | J40: VRM-090127 | K40: PILLAR CTR BODY INNER LH | L40: 1 | M40: 5550 | O40: =+M40+N40 -> 5550 | P40: =+O40/$H$18 -> 277.5 | Q40: =IF($H40=G40,SUMIF($H:$H,H40,$P:$P),P40) -> 277.5 | R40: =Q40*10%+Q40 -> 305.25 | S40: 2 | T40: =IF(M40=0,"0",ROUNDUP(P40*S40/AG40,0)*AG40) -> 600 | U40: =IF($H40=G40,SUMIF($H:$H,H40,$T:$T),T40) -> 600 | V40: =IF(M40=0,"0",ROUND(P40/W40,1)) -> 5.6 | W40: 50 | X40: =ROUNDUP(T40/W40,0) -> 12 | AE40: D2 | AG40: 200 | AQ40: 6.3 | AR40: 5 | BC40: 1 | BD40: 1 | BE40: 1 | BR40: 1 | BS40: 3 | BU40: 3 | BV40: 23400 | BW40: C | BX40: C | BZ40: ADM | CF40: 57.166667
B41: AAS-074 | D41: variant | E41: A | G41: AAS-074 | H41: AAS-074 | I41: D58213-BZ190 | J41: IRM-046703 | K41: REINF CTR FLOOR PANEL | L41: 1 | M41: 180 | O41: =+M41+N41 -> 180 | P41: =+O41/$H$18 -> 9 | Q41: =IF($H41=G41,SUMIF($H:$H,H41,$P:$P),P41) -> 40.5 | R41: =Q41*10%+Q41 -> 44.55 | S41: 14 | T41: =IF(M41=0,"0",ROUNDUP(P41*S41/AG41,0)*AG41) -> 180 | U41: =IF($H41=G41,SUMIF($H:$H,H41,$T:$T),T41) -> 420 | V41: =IF(M41=0,"0",ROUND(P41/W41,1)) -> 0.2 | W41: 60 | X41: =ROUNDUP(T41/W41,0) -> 3 | AE41: I | AG41: 60 | AQ41: 5.7 | AR41: 5 | BB41: 1 | BC41: 1 | BD41: 1 | BE41: 1 | BR41: 1 | BS41: 4 | BU41: 4 | BV41: 360 | BW41: M | BX41: M | BZ41: ADM | CF41: 15.5
B42: AAS-074 | D42: variant | E42: A | G42: AAS-075 | H42: AAS-074 | I42: D58213-BZ180 | J42: IRM-046703 | K42: REINF CTR FLOOR PANEL | L42: 1 | M42: 630 | O42: =+M42+N42 -> 630 | P42: =+O42/$H$18 -> 31.5 | Q42: =IF($H42=G42,SUMIF($H:$H,H42,$P:$P),P42) -> 31.5 | R42: =Q42*10%+Q42 -> 34.65 | S42: 7 | T42: =IF(M42=0,"0",ROUNDUP(P42*S42/AG42,0)*AG42) -> 240 | U42: =IF($H42=G42,SUMIF($H:$H,H42,$T:$T),T42) -> 240 | V42: =IF(M42=0,"0",ROUND(P42/W42,1)) -> 0.5 | W42: 60 | X42: =ROUNDUP(T42/W42,0) -> 4 | AE42: I | AG42: 60 | AQ42: 5.7 | AR42: 5 | BB42: 1 | BC42: 1 | BD42: 1 | BE42: 1 | BR42: 1 | BS42: 4 | BU42: 4 | BV42: 4320 | BW42: M | BX42: M | BZ42: ADM | CF42: 41.5
E43: A | G43: G-002 | H43: G-005 | I43: D61162 BZ081G2 | J43: IRM-090551 | K43: PILLAR FR BODY INNER LH | L43: 1 | M43: 300 | O43: =+M43+N43 -> 300 | P43: =+O43/$H$18 -> 15 | Q43: =IF($H43=G43,SUMIF($H:$H,H43,$P:$P),P43) -> 15 | R43: =Q43*10%+Q43 -> 16.5 | S43: 4 | T43: =IF(M43=0,"0",ROUNDUP(P43*S43/AG43,0)*AG43) -> 180 | U43: =IF($H43=G43,SUMIF($H:$H,H43,$T:$T),T43) -> 180 | V43: =IF(M43=0,"0",ROUND(P43/W43,1)) -> 0.3 | W43: 60 | X43: =ROUNDUP(T43/W43,0) -> 3 | AE43: D | AG43: 180 | AQ43: 6.3 | AR43: 6 | BB43: 1 | BN43: 1 | BO43: 1 | BP43: 1 | BR43: 1 | BS43: 1 | BU43: 1 | BV43: 900 | BW43: M | BX43: M | BZ43: ADM | CF43: 22
E44: A | G44: G-002 FNS | H44: G-005 | I44: D61162 BZ081G2 | J44: IRM-090551 | K44: PILLAR FR BODY INNER LH | L44: 1 | M44: 300 | O44: =+M44+N44 -> 300 | P44: =+O44/$H$18 -> 15 | Q44: =IF($H44=G44,SUMIF($H:$H,H44,$P:$P),P44) -> 15 | R44: =Q44*10%+Q44 -> 16.5 | S44: 4 | T44: =IF(M44=0,"0",ROUNDUP(P44*S44/AG44,0)*AG44) -> 180 | U44: =IF($H44=G44,SUMIF($H:$H,H44,$T:$T),T44) -> 180 | V44: =IF(M44=0,"0",ROUND(P44/W44,1)) -> 0.3 | W44: 60 | X44: =ROUNDUP(T44/W44,0) -> 3 | AE44: D | AG44: 180 | AQ44: 6.3 | AR44: 6 | BB44: 1 | BN44: 1 | BO44: 1 | BP44: 1 | BR44: 1 | BS44: 1 | BU44: 1 | BV44: 900 | BW44: M | BX44: M | BZ44: ADM | CF44: 22
B45: G-005 | E45: A | G45: G-009 WIP | H45: G-005 | I45: D61161 BZ131G9 | J45: IRM-090551 | K45: PILLAR FR BODY INNER RH | L45: 1 | M45: 60 | O45: =+M45+N45 -> 60 | P45: =+O45/$H$18 -> 3 | Q45: =IF($H45=G45,SUMIF($H:$H,H45,$P:$P),P45) -> 3 | R45: =Q45*10%+Q45 -> 3.3 | S45: 4 | T45: =IF(M45=0,"0",ROUNDUP(P45*S45/AG45,0)*AG45) -> 180 | U45: =IF($H45=G45,SUMIF($H:$H,H45,$T:$T),T45) -> 180 | V45: =IF(M45=0,"0",ROUND(P45/W45,1)) -> 0.1 | W45: 60 | X45: =ROUNDUP(T45/W45,0) -> 3 | AE45: KHS | AG45: 180 | AQ45: 6.3 | AR45: 6 | BB45: 1 | BN45: 1 | BO45: 1 | BP45: 1 | BR45: 1 | BS45: 1 | BU45: 1 | BV45: 360 | BW45: C | BX45: C | BZ45: ADM | CF45: 22
E46: A | G46: G-009 FNS | H46: G-005 | I46: D61161 BZ131G9 | J46: IRM-090551 | K46: PILLAR FR BODY INNER RH | L46: 1 | M46: 60 | O46: =+M46+N46 -> 60 | P46: =+O46/$H$18 -> 3 | Q46: =IF($H46=G46,SUMIF($H:$H,H46,$P:$P),P46) -> 3 | R46: =Q46*10%+Q46 -> 3.3 | S46: 4 | T46: =IF(M46=0,"0",ROUNDUP(P46*S46/AG46,0)*AG46) -> 180 | U46: =IF($H46=G46,SUMIF($H:$H,H46,$T:$T),T46) -> 180 | V46: =IF(M46=0,"0",ROUND(P46/W46,1)) -> 0.1 | W46: 60 | X46: =ROUNDUP(T46/W46,0) -> 3 | AE46: D | AG46: 180 | AQ46: 6.3 | AR46: 6 | BB46: 1 | BN46: 1 | BO46: 1 | BP46: 1 | BR46: 1 | BS46: 1 | BU46: 1 | BV46: 360 | BW46: C | BX46: C | BZ46: ADM | CF46: 22
B47: G-005 | E47: A | G47: G-003 WIP | H47: G-005 | I47: D61161 BZ091G3 | J47: IRM-090551 | K47: PILLAR FR BODY INNER RH | L47: 1 | M47: 960 | O47: =+M47+N47 -> 960 | P47: =+O47/$H$18 -> 48 | Q47: =IF($H47=G47,SUMIF($H:$H,H47,$P:$P),P47) -> 48 | R47: =Q47*10%+Q47 -> 52.8 | S47: 4 | T47: =IF(M47=0,"0",ROUNDUP(P47*S47/AG47,0)*AG47) -> 360 | U47: =IF($H47=G47,SUMIF($H:$H,H47,$T:$T),T47) -> 360 | V47: =IF(M47=0,"0",ROUND(P47/W47,1)) -> 0.8 | W47: 60 | X47: =ROUNDUP(T47/W47,0) -> 6 | AE47: KHS | AG47: 180 | AQ47: 6.3 | AR47: 6 | BB47: 1 | BN47: 1 | BO47: 1 | BP47: 1 | BR47: 1 | BS47: 1 | BU47: 1 | BV47: 2340 | BW47: C | BX47: C | BZ47: ADM | CF47: 35
E48: A | G48: G-003 FNS | H48: G-005 | I48: D61161 BZ091G3 | J48: IRM-090551 | K48: PILLAR FR BODY INNER RH | L48: 1 | M48: 960 | O48: =+M48+N48 -> 960 | P48: =+O48/$H$18 -> 48 | Q48: =IF($H48=G48,SUMIF($H:$H,H48,$P:$P),P48) -> 48 | R48: =Q48*10%+Q48 -> 52.8 | S48: 4 | T48: =IF(M48=0,"0",ROUNDUP(P48*S48/AG48,0)*AG48) -> 360 | U48: =IF($H48=G48,SUMIF($H:$H,H48,$T:$T),T48) -> 360 | V48: =IF(M48=0,"0",ROUND(P48/W48,1)) -> 0.8 | W48: 60 | X48: =ROUNDUP(T48/W48,0) -> 6 | AE48: D | AG48: 180 | AQ48: 6.3 | AR48: 6 | BB48: 1 | BN48: 1 | BO48: 1 | BP48: 1 | BR48: 1 | BS48: 1 | BU48: 1 | BV48: 2340 | BW48: C | BX48: C | BZ48: ADM | CF48: 35
B49: G-005 | E49: A | G49: G-004 WIP | H49: G-005 | I49: D61162 BZ091G4 | J49: IRM-090551 | K49: PILLAR FR BODY INNER LH | L49: 1 | M49: 960 | O49: =+M49+N49 -> 960 | P49: =+O49/$H$18 -> 48 | Q49: =IF($H49=G49,SUMIF($H:$H,H49,$P:$P),P49) -> 48 | R49: =Q49*10%+Q49 -> 52.8 | S49: 4 | T49: =IF(M49=0,"0",ROUNDUP(P49*S49/AG49,0)*AG49) -> 360 | U49: =IF($H49=G49,SUMIF($H:$H,H49,$T:$T),T49) -> 360 | V49: =IF(M49=0,"0",ROUND(P49/W49,1)) -> 0.8 | W49: 60 | X49: =ROUNDUP(T49/W49,0) -> 6 | AE49: KHS | AG49: 180 | AQ49: 6.3 | AR49: 6 | BB49: 1 | BN49: 1 | BO49: 1 | BP49: 1 | BR49: 1 | BS49: 1 | BU49: 1 | BV49: 2640 | BW49: M | BX49: M | BZ49: ADM | CF49: 35
E50: A | G50: G-004 FNS | H50: G-005 | I50: D61162 BZ091G4 | J50: IRM-090551 | K50: PILLAR FR BODY INNER LH | L50: 1 | M50: 960 | O50: =+M50+N50 -> 960 | P50: =+O50/$H$18 -> 48 | Q50: =IF($H50=G50,SUMIF($H:$H,H50,$P:$P),P50) -> 48 | R50: =Q50*10%+Q50 -> 52.8 | S50: 4 | T50: =IF(M50=0,"0",ROUNDUP(P50*S50/AG50,0)*AG50) -> 360 | U50: =IF($H50=G50,SUMIF($H:$H,H50,$T:$T),T50) -> 360 | V50: =IF(M50=0,"0",ROUND(P50/W50,1)) -> 0.8 | W50: 60 | X50: =ROUNDUP(T50/W50,0) -> 6 | AE50: D | AG50: 180 | AQ50: 6.3 | AR50: 6 | BB50: 1 | BN50: 1 | BO50: 1 | BP50: 1 | BR50: 1 | BS50: 1 | BU50: 1 | BV50: 2640 | BW50: M | BX50: M | BZ50: ADM | CF50: 35
B51: G-005 | E51: A | G51: G-003N WIP | H51: G-005 | L51: 1 | M51: 960 | O51: =+M51+N51 -> 960 | P51: =+O51/$H$18 -> 48 | Q51: =IF($H51=G51,SUMIF($H:$H,H51,$P:$P),P51) -> 48 | R51: =Q51*10%+Q51 -> 52.8 | S51: 4 | T51: =IF(M51=0,"0",ROUNDUP(P51*S51/AG51,0)*AG51) -> 360 | U51: =IF($H51=G51,SUMIF($H:$H,H51,$T:$T),T51) -> 360 | V51: =IF(M51=0,"0",ROUND(P51/W51,1)) -> 0.8 | W51: 60 | X51: =ROUNDUP(T51/W51,0) -> 6 | AE51: KHS | AG51: 180 | AQ51: 6.5 | AR51: 5 | BB51: 1 | BF51: 1 | BG51: 1 | BH51: 1 | BI51: 1 | BN51: 1 | BO51: 1 | BP51: 1 | BQ51: 1 | BR51: 3 | BS51: 3 | BU51: 1 | BV51: 2340 | BW51: C | BX51: C | BZ51: ADM | CF51: 35
B52: G-005 | E52: A | G52: G-003N WIP1 | H52: G-005 | L52: 1 | M52: 960 | O52: =+M52+N52 -> 960 | P52: =+O52/$H$18 -> 48 | Q52: =IF($H52=G52,SUMIF($H:$H,H52,$P:$P),P52) -> 48 | R52: =Q52*10%+Q52 -> 52.8 | S52: 4 | T52: =IF(M52=0,"0",ROUNDUP(P52*S52/AG52,0)*AG52) -> 360 | U52: =IF($H52=G52,SUMIF($H:$H,H52,$T:$T),T52) -> 360 | V52: =IF(M52=0,"0",ROUND(P52/W52,1)) -> 0.8 | W52: 60 | X52: =ROUNDUP(T52/W52,0) -> 6 | AE52: D | AG52: 180 | AQ52: 6.5 | AR52: 5 | BB52: 1 | BR52: 1 | BS52: 1 | BU52: 1 | BV52: 2340 | BW52: C | BX52: C | BZ52: ADM | CF52: 35
E53: A | G53: G-003N FNS | H53: G-005 | L53: 1 | M53: 960 | O53: =+M53+N53 -> 960 | P53: =+O53/$H$18 -> 48 | Q53: =IF($H53=G53,SUMIF($H:$H,H53,$P:$P),P53) -> 48 | R53: =Q53*10%+Q53 -> 52.8 | S53: 4 | T53: =IF(M53=0,"0",ROUNDUP(P53*S53/AG53,0)*AG53) -> 360 | U53: =IF($H53=G53,SUMIF($H:$H,H53,$T:$T),T53) -> 360 | V53: =IF(M53=0,"0",ROUND(P53/W53,1)) -> 0.8 | W53: 60 | X53: =ROUNDUP(T53/W53,0) -> 6 | AE53: D | AG53: 180 | AQ53: 6.5 | AR53: 5 | BB53: 1 | BI53: 1 | BQ53: 1 | BR53: 3 | BS53: 3 | BU53: 1 | BV53: 2340 | BW53: C | BX53: C | BZ53: ADM | CF53: 35
E54: A | G54: G-003N FNS1 | H54: G-005 | L54: 1 | M54: 960 | O54: =+M54+N54 -> 960 | P54: =+O54/$H$18 -> 48 | Q54: =IF($H54=G54,SUMIF($H:$H,H54,$P:$P),P54) -> 48 | R54: =Q54*10%+Q54 -> 52.8 | S54: 4 | T54: =IF(M54=0,"0",ROUNDUP(P54*S54/AG54,0)*AG54) -> 360 | U54: =IF($H54=G54,SUMIF($H:$H,H54,$T:$T),T54) -> 360 | V54: =IF(M54=0,"0",ROUND(P54/W54,1)) -> 0.8 | W54: 60 | X54: =ROUNDUP(T54/W54,0) -> 6 | AE54: D | AG54: 180 | AQ54: 6.5 | AR54: 5 | BB54: 1 | BI54: 1 | BR54: 1 | BS54: 1 | BU54: 1 | BV54: 2340 | BW54: C | BX54: C | BZ54: ADM | CF54: 35
B55: G-005 | E55: A | G55: G-003N WIP2 | H55: G-005 | L55: 1 | M55: 960 | O55: =+M55+N55 -> 960 | P55: =+O55/$H$18 -> 48 | Q55: =IF($H55=G55,SUMIF($H:$H,H55,$P:$P),P55) -> 48 | R55: =Q55*10%+Q55 -> 52.8 | S55: 4 | T55: =IF(M55=0,"0",ROUNDUP(P55*S55/AG55,0)*AG55) -> 360 | U55: =IF($H55=G55,SUMIF($H:$H,H55,$T:$T),T55) -> 360 | V55: =IF(M55=0,"0",ROUND(P55/W55,1)) -> 0.8 | W55: 60 | X55: =ROUNDUP(T55/W55,0) -> 6 | AE55: D | AG55: 180 | AQ55: 6.5 | AR55: 5 | BB55: 1 | BR55: 1 | BS55: 1 | BU55: 1 | BV55: 2640 | BW55: M | BX55: M | BZ55: ADM | CF55: 35
E56: A | G56: G-003N FNS2 | H56: G-005 | L56: 1 | M56: 960 | O56: =+M56+N56 -> 960 | P56: =+O56/$H$18 -> 48 | Q56: =IF($H56=G56,SUMIF($H:$H,H56,$P:$P),P56) -> 48 | R56: =Q56*10%+Q56 -> 52.8 | S56: 4 | T56: =IF(M56=0,"0",ROUNDUP(P56*S56/AG56,0)*AG56) -> 360 | U56: =IF($H56=G56,SUMIF($H:$H,H56,$T:$T),T56) -> 360 | V56: =IF(M56=0,"0",ROUND(P56/W56,1)) -> 0.8 | W56: 60 | X56: =ROUNDUP(T56/W56,0) -> 6 | AE56: D | AG56: 180 | AQ56: 6.5 | AR56: 5 | BB56: 1 | BR56: 1 | BS56: 1 | BU56: 1 | BV56: 2640 | BW56: M | BX56: M | BZ56: ADM | CF56: 35
B57: G-005 | E57: A | G57: G-005 WIP | H57: G-005 | I57: D61161 BZ101G5 | J57: IRM-090551 | K57: PILLAR FR BODY INNER RH | L57: 1 | M57: 1020 | O57: =+M57+N57 -> 1020 | P57: =+O57/$H$18 -> 51 | Q57: =IF($H57=G57,SUMIF($H:$H,H57,$P:$P),P57) -> 51 | R57: =Q57*10%+Q57 -> 56.1 | S57: 4 | T57: =IF(M57=0,"0",ROUNDUP(P57*S57/AG57,0)*AG57) -> 360 | U57: =IF($H57=G57,SUMIF($H:$H,H57,$T:$T),T57) -> 360 | V57: =IF(M57=0,"0",ROUND(P57/W57,1)) -> 0.9 | W57: 60 | X57: =ROUNDUP(T57/W57,0) -> 6 | AE57: D | AG57: 180 | AQ57: 6.3 | AR57: 6 | BB57: 1 | BN57: 1 | BO57: 1 | BP57: 1 | BR57: 1 | BS57: 1 | BU57: 1 | BV57: 5100 | BW57: M | BX57: M | BZ57: ADM | CF57: 35
E58: A | G58: G-005 FNS | H58: G-005 | I58: D61161 BZ101G5 | J58: IRM-090551 | K58: PILLAR FR BODY INNER RH | L58: 1 | M58: 1020 | O58: =+M58+N58 -> 1020 | P58: =+O58/$H$18 -> 51 | Q58: =IF($H58=G58,SUMIF($H:$H,H58,$P:$P),P58) -> 51 | R58: =Q58*10%+Q58 -> 56.1 | S58: 4 | T58: =IF(M58=0,"0",ROUNDUP(P58*S58/AG58,0)*AG58) -> 360 | U58: =IF($H58=G58,SUMIF($H:$H,H58,$T:$T),T58) -> 360 | V58: =IF(M58=0,"0",ROUND(P58/W58,1)) -> 0.9 | W58: 60 | X58: =ROUNDUP(T58/W58,0) -> 6 | AE58: D | AG58: 180 | AQ58: 6.3 | AR58: 6 | BB58: 1 | BN58: 1 | BO58: 1 | BP58: 1 | BR58: 1 | BS58: 1 | BU58: 1 | BV58: 5100 | BW58: M | BX58: M | BZ58: ADM | CF58: 35
B59: G-005 | E59: A | G59: G-008 WIP | H59: G-005 | I59: D61162 BZ111G8 | J59: IRM-090551 | K59: PILLAR FR BODY INNER LH | L59: 1 | M59: 780 | O59: =+M59+N59 -> 780 | P59: =+O59/$H$18 -> 39 | Q59: =IF($H59=G59,SUMIF($H:$H,H59,$P:$P),P59) -> 39 | R59: =Q59*10%+Q59 -> 42.9 | S59: 4 | T59: =IF(M59=0,"0",ROUNDUP(P59*S59/AG59,0)*AG59) -> 180 | U59: =IF($H59=G59,SUMIF($H:$H,H59,$T:$T),T59) -> 180 | V59: =IF(M59=0,"0",ROUND(P59/W59,1)) -> 0.7 | W59: 60 | X59: =ROUNDUP(T59/W59,0) -> 3 | AE59: D | AG59: 180 | AQ59: 6.3 | AR59: 6 | BB59: 1 | BN59: 1 | BO59: 1 | BP59: 1 | BR59: 1 | BS59: 1 | BU59: 1 | BV59: 4200 | BW59: C | BX59: C | BZ59: ADM | CF59: 35
E60: A | G60: G-008 FNS | H60: G-005 | I60: D61162 BZ111G8 | J60: IRM-090551 | K60: PILLAR FR BODY INNER LH | L60: 1 | M60: 780 | O60: =+M60+N60 -> 780 | P60: =+O60/$H$18 -> 39 | Q60: =IF($H60=G60,SUMIF($H:$H,H60,$P:$P),P60) -> 39 | R60: =Q60*10%+Q60 -> 42.9 | S60: 4 | T60: =IF(M60=0,"0",ROUNDUP(P60*S60/AG60,0)*AG60) -> 180 | U60: =IF($H60=G60,SUMIF($H:$H,H60,$T:$T),T60) -> 180 | V60: =IF(M60=0,"0",ROUND(P60/W60,1)) -> 0.7 | W60: 60 | X60: =ROUNDUP(T60/W60,0) -> 3 | AE60: D | AG60: 180 | AQ60: 6.3 | AR60: 6 | BB60: 1 | BN60: 1 | BO60: 1 | BP60: 1 | BR60: 1 | BS60: 1 | BU60: 1 | BV60: 4200 | BW60: C | BX60: C | BZ60: ADM | CF60: 35
B61: G-005 | E61: A | G61: G-005- | H61: G-005 | I61: D61161 BZ101G5 | J61: IRM-090551 | K61: PILLAR FR BODY INNER RH | L61: 1 | M61: 1020 | O61: =+M61+N61 -> 1020 | P61: =+O61/$H$18 -> 51 | Q61: =IF($H61=G61,SUMIF($H:$H,H61,$P:$P),P61) -> 51 | R61: =Q61*10%+Q61 -> 56.1 | S61: 4 | T61: =IF(M61=0,"0",ROUNDUP(P61*S61/AG61,0)*AG61) -> 360 | U61: =IF($H61=G61,SUMIF($H:$H,H61,$T:$T),T61) -> 360 | V61: =IF(M61=0,"0",ROUND(P61/W61,1)) -> 0.9 | W61: 60 | X61: =ROUNDUP(T61/W61,0) -> 6 | AE61: D | AG61: 180 | AQ61: 6.3 | AR61: 6 | BB61: 1 | BC61: 1 | BN61: 1 | BO61: 1 | BP61: 1 | BR61: 1 | BS61: 2 | BU61: 2 | BV61: 10200 | BW61: M | BX61: M | BZ61: ADM | CF61: 35
B62: G-005 | E62: A | G62: G-008 | H62: G-005 | I62: D61162 BZ111G8 | J62: IRM-090551 | K62: PILLAR FR BODY INNER LH | L62: 1 | M62: 780 | O62: =+M62+N62 -> 780 | P62: =+O62/$H$18 -> 39 | Q62: =IF($H62=G62,SUMIF($H:$H,H62,$P:$P),P62) -> 39 | R62: =Q62*10%+Q62 -> 42.9 | S62: 4 | T62: =IF(M62=0,"0",ROUNDUP(P62*S62/AG62,0)*AG62) -> 180 | U62: =IF($H62=G62,SUMIF($H:$H,H62,$T:$T),T62) -> 180 | V62: =IF(M62=0,"0",ROUND(P62/W62,1)) -> 0.7 | W62: 60 | X62: =ROUNDUP(T62/W62,0) -> 3 | AE62: D | AG62: 180 | AQ62: 6.3 | AR62: 6 | BB62: 1 | BC62: 1 | BN62: 1 | BO62: 1 | BP62: 1 | BR62: 1 | BS62: 2 | BU62: 2 | BV62: 8400 | BW62: C | BX62: C | BZ62: ADM | CF62: 35
B63: G-005 | E63: A | G63: G-002 | H63: G-005 | I63: D61162 BZ081G2 | J63: IRM-090551 | K63: PILLAR FR BODY INNER LH | L63: 1 | M63: 300 | O63: =+M63+N63 -> 300 | P63: =+O63/$H$18 -> 15 | Q63: =IF($H63=G63,SUMIF($H:$H,H63,$P:$P),P63) -> 15 | R63: =Q63*10%+Q63 -> 16.5 | S63: 4 | T63: =IF(M63=0,"0",ROUNDUP(P63*S63/AG63,0)*AG63) -> 180 | U63: =IF($H63=G63,SUMIF($H:$H,H63,$T:$T),T63) -> 180 | V63: =IF(M63=0,"0",ROUND(P63/W63,1)) -> 0.3 | W63: 60 | X63: =ROUNDUP(T63/W63,0) -> 3 | AE63: D | AG63: 180 | AQ63: 6.3 | AR63: 6 | BB63: 1 | BC63: 1 | BN63: 1 | BO63: 1 | BP63: 1 | BR63: 1 | BS63: 2 | BU63: 2 | BV63: 1800 | BW63: C | BX63: C | BZ63: ADM | CF63: 22
B64: G-005 | E64: A | G64: G-004 | H64: G-005 | I64: D61162 BZ091G4 | J64: IRM-090551 | K64: PILLAR FR BODY INNER LH | L64: 1 | M64: 960 | O64: =+M64+N64 -> 960 | P64: =+O64/$H$18 -> 48 | Q64: =IF($H64=G64,SUMIF($H:$H,H64,$P:$P),P64) -> 48 | R64: =Q64*10%+Q64 -> 52.8 | S64: 4 | T64: =IF(M64=0,"0",ROUNDUP(P64*S64/AG64,0)*AG64) -> 360 | U64: =IF($H64=G64,SUMIF($H:$H,H64,$T:$T),T64) -> 360 | V64: =IF(M64=0,"0",ROUND(P64/W64,1)) -> 0.8 | W64: 60 | X64: =ROUNDUP(T64/W64,0) -> 6 | AE64: D | AG64: 180 | AQ64: 6.3 | AR64: 6 | BB64: 1 | BC64: 1 | BN64: 1 | BO64: 1 | BP64: 1 | BR64: 1 | BS64: 2 | BU64: 2 | BV64: 5280 | BW64: M | BX64: M | BZ64: ADM | CF64: 35
B65: G-005 | E65: A | G65: G-003 | H65: G-005 | I65: D61161 BZ091G3 | J65: IRM-090551 | K65: PILLAR FR BODY INNER RH | L65: 1 | M65: 960 | O65: =+M65+N65 -> 960 | P65: =+O65/$H$18 -> 48 | Q65: =IF($H65=G65,SUMIF($H:$H,H65,$P:$P),P65) -> 48 | R65: =Q65*10%+Q65 -> 52.8 | S65: 4 | T65: =IF(M65=0,"0",ROUNDUP(P65*S65/AG65,0)*AG65) -> 360 | U65: =IF($H65=G65,SUMIF($H:$H,H65,$T:$T),T65) -> 360 | V65: =IF(M65=0,"0",ROUND(P65/W65,1)) -> 0.8 | W65: 60 | X65: =ROUNDUP(T65/W65,0) -> 6 | AE65: D | AG65: 180 | AQ65: 6.3 | AR65: 6 | BB65: 1 | BC65: 1 | BD65: 1 | BF65: 1 | BG65: 1 | BH65: 1 | BN65: 1 | BO65: 1 | BP65: 1 | BR65: 1 | BS65: 3 | BU65: 3 | BV65: 4680 | BW65: C | BX65: C | BZ65: ADM | CF65: 35
B66: G-005 | E66: A | G66: G-003N | H66: G-003N/4N | K66: PILLAR FR BODY INNER RH ( d-040l ) | L66: 1 | M66: 960 | O66: =+M66+N66 -> 960 | P66: =+O66/$H$18 -> 48 | Q66: =IF($H66=G66,SUMIF($H:$H,H66,$P:$P),P66) -> 48 | R66: =Q66*10%+Q66 -> 52.8 | S66: 4 | T66: =IF(M66=0,"0",ROUNDUP(P66*S66/AG66,0)*AG66) -> 360 | U66: =IF($H66=G66,SUMIF($H:$H,H66,$T:$T),T66) -> 360 | V66: =IF(M66=0,"0",ROUND(P66/W66,1)) -> 0.8 | W66: 60 | X66: =ROUNDUP(T66/W66,0) -> 6 | AE66: D | AG66: 180 | AQ66: 6.3 | AR66: 6 | BB66: 1 | BC66: 1 | BD66: 1 | BE66: 1 | BN66: 1 | BO66: 1 | BP66: 1 | BQ66: 1 | BR66: 1 | BS66: 4 | BU66: 4 | BV66: 4680 | BW66: C | BX66: C | BZ66: ADM | CF66: 35
B67: G-005 | E67: A | G67: G-005 | H67: G-005 | I67: D61161 BZ101G5 | J67: IRM-090551 | K67: PILLAR FR BODY INNER RH | L67: 1 | M67: 1020 | O67: =+M67+N67 -> 1020 | P67: =+O67/$H$18 -> 51 | Q67: =IF($H67=G67,SUMIF($H:$H,H67,$P:$P),P67) -> 951 | R67: =Q67*10%+Q67 -> 1046.1 | S67: 4 | T67: =IF(M67=0,"0",ROUNDUP(P67*S67/AG67,0)*AG67) -> 360 | U67: =IF($H67=G67,SUMIF($H:$H,H67,$T:$T),T67) -> 7380 | V67: =IF(M67=0,"0",ROUND(P67/W67,1)) -> 0.9 | W67: 60 | X67: =ROUNDUP(T67/W67,0) -> 6 | AE67: D | AG67: 180 | AQ67: 6.3 | AR67: 6 | BB67: 1 | BC67: 1 | BD67: 1 | BF67: 1 | BG67: 1 | BH67: 1 | BN67: 1 | BO67: 1 | BP67: 1 | BR67: 1 | BS67: 3 | BU67: 3 | BV67: 10200 | BW67: M | BX67: M | BZ67: ADM | CF67: 35
B68: G-005 | E68: A | G68: G-009 | H68: G-005 | I68: D61161 BZ131G9 | J68: IRM-090551 | K68: PILLAR FR BODY INNER RH | L68: 1 | M68: 60 | O68: =+M68+N68 -> 60 | P68: =+O68/$H$18 -> 3 | Q68: =IF($H68=G68,SUMIF($H:$H,H68,$P:$P),P68) -> 3 | R68: =Q68*10%+Q68 -> 3.3 | S68: 4 | T68: =IF(M68=0,"0",ROUNDUP(P68*S68/AG68,0)*AG68) -> 180 | U68: =IF($H68=G68,SUMIF($H:$H,H68,$T:$T),T68) -> 180 | V68: =IF(M68=0,"0",ROUND(P68/W68,1)) -> 0.1 | W68: 60 | X68: =ROUNDUP(T68/W68,0) -> 3 | AE68: D | AG68: 180 | AQ68: 6.3 | AR68: 6 | BB68: 1 | BC68: 1 | BD68: 1 | BF68: 1 | BG68: 1 | BH68: 1 | BN68: 1 | BO68: 1 | BP68: 1 | BR68: 1 | BS68: 3 | BU68: 3 | BV68: 720 | BW68: C | BX68: C | BZ68: ADM | CF68: 22
C69: IKAR | E69: A | G69: IB-022 | H69: IB-022 | I69: ISF-8975839105 | J69: IRM-093021 | K69: FLOOR;PANEL,FRONT | L69: 1 | M69: 936 | O69: =+M69+N69 -> 936 | P69: =+O69/$H$18 -> 46.8 | Q69: =IF($H69=G69,SUMIF($H:$H,H69,$P:$P),P69) -> 46.8 | R69: =Q69*10%+Q69 -> 51.48 | S69: 7 | T69: =IF(M69=0,"0",ROUNDUP(P69*S69/AG69,0)*AG69) -> 336 | U69: =IF($H69=G69,SUMIF($H:$H,H69,$T:$T),T69) -> 336 | V69: =IF(M69=0,"0",ROUND(P69/W69,1)) -> 2 | W69: 24 | X69: =ROUNDUP(T69/W69,0) -> 14 | AE69: KHS | AG69: 24 | AQ69: 6.3 | AR69: 6 | BC69: 1 | BD69: 1 | BE69: 1 | BR69: 1 | BS69: 3 | BU69: 3 | BV69: 2700 | BW69: M | BX69: M | BZ69: IAMI | CF69: 32.4
B70: IB-036 | E70: A | G70: IB-036 BLK | H70: IB-036 | I70: ISF-8975838684 | J70: IRM-093280 | K70: FRAME;FLR UNDER,RH | L70: 1 | M70: 936 | O70: =+M70+N70 -> 936 | P70: =+O70/$H$18 -> 46.8 | Q70: =IF($H70=G70,SUMIF($H:$H,H70,$P:$P),P70) -> 46.8 | R70: =Q70*10%+Q70 -> 51.48 | T70: =IF(M70=0,"0",ROUNDUP(P70*S70/AG70,0)*AG70) -> 0 | U70: =IF($H70=G70,SUMIF($H:$H,H70,$T:$T),T70) -> 0 | V70: =IF(M70=0,"0",ROUND(P70/W70,1)) -> 1 | W70: 48 | X70: =ROUNDUP(T70/W70,0) -> 0 | AE70: KHS | AG70: 240 | AQ70: 9 | AR70: 5 | BB70: 1 | BQ70: 1 | BR70: 1 | BS70: 1 | BU70: 1 | BV70: 900 | BW70: C | BX70: C | BZ70: IAMI | CF70: 35
E71: A | G71: IB-036 FNS | H71: IB-036 | I71: ISF-8975838684 | J71: IRM-093280 | K71: FRAME;FLR UNDER,RH | L71: 1 | M71: 936 | O71: =+M71+N71 -> 936 | P71: =+O71/$H$18 -> 46.8 | Q71: =IF($H71=G71,SUMIF($H:$H,H71,$P:$P),P71) -> 46.8 | R71: =Q71*10%+Q71 -> 51.48 | T71: =IF(M71=0,"0",ROUNDUP(P71*S71/AG71,0)*AG71) -> 0 | U71: =IF($H71=G71,SUMIF($H:$H,H71,$T:$T),T71) -> 0 | V71: =IF(M71=0,"0",ROUND(P71/W71,1)) -> 1 | W71: 48 | X71: =ROUNDUP(T71/W71,0) -> 0 | AE71: E | AG71: 60 | AQ71: 6.3 | AR71: 5 | BB71: 1 | BC71: 1 | BD71: 1 | BE71: 1 | BN71: 1 | BO71: 1 | BP71: 1 | BQ71: 1 | BR71: 1 | BS71: 4 | BU71: 4 | BV71: 3600 | BW71: C | BX71: C | BZ71: IAMI | CF71: 35
B72: IB-036 | E72: A | G72: IB-037 BLK | H72: IB-036 | I72: ISF-8975838694 | J72: IRM-093280 | K72: FRAME;FLR UNDER,LH | L72: 1 | M72: 936 | O72: =+M72+N72 -> 936 | P72: =+O72/$H$18 -> 46.8 | Q72: =IF($H72=G72,SUMIF($H:$H,H72,$P:$P),P72) -> 46.8 | R72: =Q72*10%+Q72 -> 51.48 | T72: =IF(M72=0,"0",ROUNDUP(P72*S72/AG72,0)*AG72) -> 0 | U72: =IF($H72=G72,SUMIF($H:$H,H72,$T:$T),T72) -> 0 | V72: =IF(M72=0,"0",ROUND(P72/W72,1)) -> 1 | W72: 48 | X72: =ROUNDUP(T72/W72,0) -> 0 | AE72: KHS | AG72: 240 | AQ72: 9 | AR72: 5 | BB72: 1 | BQ72: 1 | BR72: 1 | BS72: 1 | BU72: 1 | BV72: 900 | BW72: C | BX72: C | BZ72: IAMI | CF72: 35
E73: A | G73: IB-037 FNS | H73: IB-036 | I73: ISF-8975838694 | J73: IRM-093280 | K73: FRAME;FLR UNDER,LH | L73: 1 | M73: 936 | O73: =+M73+N73 -> 936 | P73: =+O73/$H$18 -> 46.8 | Q73: =IF($H73=G73,SUMIF($H:$H,H73,$P:$P),P73) -> 46.8 | R73: =Q73*10%+Q73 -> 51.48 | T73: =IF(M73=0,"0",ROUNDUP(P73*S73/AG73,0)*AG73) -> 0 | U73: =IF($H73=G73,SUMIF($H:$H,H73,$T:$T),T73) -> 0 | V73: =IF(M73=0,"0",ROUND(P73/W73,1)) -> 1 | W73: 48 | X73: =ROUNDUP(T73/W73,0) -> 0 | AE73: E | AG73: 60 | AQ73: 6.3 | AR73: 5 | BB73: 1 | BC73: 1 | BD73: 1 | BE73: 1 | BN73: 1 | BO73: 1 | BP73: 1 | BQ73: 1 | BR73: 1 | BS73: 4 | BU73: 4 | BV73: 3600 | BW73: C | BX73: C | BZ73: IAMI | CF73: 35
B74: K-1041 | C74: A-C | D74: variant | E74: C | G74: GT-2518 | H74: K-1041 | I74: DV58312 BZ010-00 | J74: VRM-090457 | K74: PANEL RR FLOOR SIDE RR | L74: 1 | M74: 600 | O74: =+M74+N74 -> 600 | P74: =+O74/$H$18 -> 30 | Q74: =IF($H74=G74,SUMIF($H:$H,H74,$P:$P),P74) -> 30 | R74: =Q74*10%+Q74 -> 33 | S74: 4 | T74: =IF(M74=0,"0",ROUNDUP(P74*S74/AG74,0)*AG74) -> 125 | U74: =IF($H74=G74,SUMIF($H:$H,H74,$T:$T),T74) -> 125 | V74: =IF(M74=0,"0",ROUND(P74/W74,1)) -> 1.2 | W74: 25 | X74: =ROUNDUP(T74/W74,0) -> 5 | AE74: KHS | AG74: 25 | AQ74: 9 | AR74: 10 | AU74: 2 | BB74: 1 | BC74: 1 | BD74: 1 | BE74: 1 | BJ74: 1 | BK74: 1 | BL74: 1 | BM74: 1 | BR74: 1 | BS74: 3 | BU74: 3 | BV74: 3300 | BW74: M | BX74: M | BZ74: ADM | CF74: 38.791667
B75: K-1041 | C75: A-C | D75: variant | E75: C | G75: GT-2519 | H75: K-1042 | I75: DV58312 BZ020-00 | J75: VRM-090457 | K75: PANEL RR FLOOR SIDE RR | L75: 1 | M75: 225 | O75: =+M75+N75 -> 225 | P75: =+O75/$H$18 -> 11.25 | Q75: =IF($H75=G75,SUMIF($H:$H,H75,$P:$P),P75) -> 11.25 | R75: =Q75*10%+Q75 -> 12.375 | S75: 4 | T75: =IF(M75=0,"0",ROUNDUP(P75*S75/AG75,0)*AG75) -> 50 | U75: =IF($H75=G75,SUMIF($H:$H,H75,$T:$T),T75) -> 50 | V75: =IF(M75=0,"0",ROUND(P75/W75,1)) -> 0.5 | W75: 25 | X75: =ROUNDUP(T75/W75,0) -> 2 | AE75: KHS | AG75: 25 | AQ75: 9 | AR75: 1 | AU75: 2 | BB75: 1 | BC75: 1 | BD75: 1 | BE75: 1 | BJ75: 1 | BK75: 1 | BL75: 1 | BM75: 1 | BR75: 1 | BS75: 3 | BU75: 3 | BV75: 4050 | BW75: C | BX75: C | BZ75: ADM | CF75: 32.791667
B76: K-1041 | C76: A-C | D76: variant | E76: C | G76: GT-2520 | H76: K-1043 | I76: DV58312 BZ040-00 | J76: VRM-090457 | K76: PANEL RR FLOOR SIDE RR | L76: 1 | M76: 50 | O76: =+M76+N76 -> 50 | P76: =+O76/$H$18 -> 2.5 | Q76: =IF($H76=G76,SUMIF($H:$H,H76,$P:$P),P76) -> 2.5 | R76: =Q76*10%+Q76 -> 2.75 | S76: 4 | T76: =IF(M76=0,"0",ROUNDUP(P76*S76/AG76,0)*AG76) -> 25 | U76: =IF($H76=G76,SUMIF($H:$H,H76,$T:$T),T76) -> 25 | V76: =IF(M76=0,"0",ROUND(P76/W76,1)) -> 0.1 | W76: 25 | X76: =ROUNDUP(T76/W76,0) -> 1 | AE76: KHS | AG76: 25 | AQ76: 9 | AR76: 1 | AU76: 2 | BB76: 1 | BC76: 1 | BD76: 1 | BE76: 1 | BJ76: 1 | BK76: 1 | BL76: 1 | BM76: 1 | BR76: 1 | BS76: 3 | BU76: 3 | BV76: 1575 | BW76: C | BX76: C | BZ76: ADM | CF76: 32.791667
C77: A-IKAR | E77: A | G77: NTS-005 | H77: NTS-005 | I77: D61764 BZ030 | J77: DD27 1.0X1160X0900 | K77: REINFORCEMENT SEAT BELT ANCHOR N | L77: 1 | M77: 6300 | O77: =+M77+N77 -> 6300 | P77: =+O77/$H$18 -> 315 | Q77: =IF($H77=G77,SUMIF($H:$H,H77,$P:$P),P77) -> 630 | R77: =Q77*10%+Q77 -> 693 | S77: 2 | T77: =IF(M77=0,"0",ROUNDUP(P77*S77/AG77,0)*AG77) -> 750 | U77: =IF($H77=G77,SUMIF($H:$H,H77,$T:$T),T77) -> 1500 | V77: =IF(M77=0,"0",ROUND(P77/W77,1)) -> 10.5 | W77: 30 | X77: =ROUNDUP(T77/W77,0) -> 25 | AE77: I | AG77: 150 | AQ77: 5.7 | AR77: 5 | BB77: 1 | BC77: 1 | BD77: 1 | BE77: 1 | BR77: 1 | BS77: 4 | BU77: 4 | BV77: 60280 | BW77: M | BX77: M | BZ77: ADM | CF77: 90.25 | CJ77: / 06
C78: A-IKAR | E78: A | G78: NTS-006 | H78: NTS-005 | I78: D61765 BZ060 | J78: DD27 1.0X1160X0900 | K78: REINFORCEMENT SEAT BELT ANCHOR N | L78: 1 | M78: 6300 | O78: =+M78+N78 -> 6300 | P78: =+O78/$H$18 -> 315 | Q78: =IF($H78=G78,SUMIF($H:$H,H78,$P:$P),P78) -> 315 | R78: =Q78*10%+Q78 -> 346.5 | S78: 2 | T78: =IF(M78=0,"0",ROUNDUP(P78*S78/AG78,0)*AG78) -> 750 | U78: =IF($H78=G78,SUMIF($H:$H,H78,$T:$T),T78) -> 750 | V78: =IF(M78=0,"0",ROUND(P78/W78,1)) -> 10.5 | W78: 30 | X78: =ROUNDUP(T78/W78,0) -> 25 | AE78: I | AG78: 150 | AQ78: 5.7 | AR78: 5 | BB78: 1 | BC78: 1 | BD78: 1 | BE78: 1 | BR78: 1 | BS78: 4 | BU78: 4 | BV78: 60280 | BW78: C | BX78: C | BZ78: ADM | CF78: 90.25
B79: NX-0541 | C79: A-D | E79: A | G79: NX-0541 | H79: NX-0541 | I79: D61737 BZ050-00 | J79: D270C0.90X440XBLK | K79: REINFORCEMENT ROOF SIDE INNER RH | L79: 1 | M79: 4260 | O79: =+M79+N79 -> 4260 | P79: =+O79/$H$18 -> 213 | Q79: =IF($H79=G79,SUMIF($H:$H,H79,$P:$P),P79) -> 426 | R79: =Q79*10%+Q79 -> 468.6 | S79: 2 | T79: =IF(M79=0,"0",ROUNDUP(P79*S79/AG79,0)*AG79) -> 480 | U79: =IF($H79=G79,SUMIF($H:$H,H79,$T:$T),T79) -> 960 | V79: =IF(M79=0,"0",ROUND(P79/W79,1)) -> 3.6 | W79: 60 | X79: =ROUNDUP(T79/W79,0) -> 8 | AE79: D2 | AG79: 60 | AQ79: 5.7 | AR79: 5 | BB79: 1 | BC79: 1 | BD79: 1 | BE79: 1 | BN79: 1 | BO79: 1 | BP79: 1 | BQ79: 1 | BR79: 1 | BS79: 4 | BU79: 4 | BV79: 53040 | BW79: M | BX79: M | BZ79: ADM | CF79: 74
B80: NX-0541 | C80: A-D | E80: A | G80: NX-4837 | H80: NX-0541 | I80: D61738 BZ050-00 | J80: D270C0.90X440XBLK | K80: REINFORCEMENT ROOF SIDE INNER LH | L80: 1 | M80: 4260 | O80: =+M80+N80 -> 4260 | P80: =+O80/$H$18 -> 213 | Q80: =IF($H80=G80,SUMIF($H:$H,H80,$P:$P),P80) -> 213 | R80: =Q80*10%+Q80 -> 234.3 | S80: 2 | T80: =IF(M80=0,"0",ROUNDUP(P80*S80/AG80,0)*AG80) -> 480 | U80: =IF($H80=G80,SUMIF($H:$H,H80,$T:$T),T80) -> 480 | V80: =IF(M80=0,"0",ROUND(P80/W80,1)) -> 3.6 | W80: 60 | X80: =ROUNDUP(T80/W80,0) -> 8 | AE80: D2 | AG80: 60 | AQ80: 5.7 | AR80: 5 | BB80: 1 | BC80: 1 | BD80: 1 | BE80: 1 | BN80: 1 | BO80: 1 | BP80: 1 | BQ80: 1 | BR80: 1 | BS80: 4 | BU80: 4 | BV80: 53040 | BW80: C | BX80: C | BZ80: ADM | CF80: 74
B81: NX-2892 | E81: A | G81: NX-2892 | H81: NX-2892 | I81: D55711 BZ191-00 | J81: D270C0.6X1410X241 | K81: PANEL COWL TOP OUTER RHD | L81: 1 | M81: 2500 | O81: =+M81+N81 -> 2500 | P81: =+O81/$H$18 -> 125 | Q81: =IF($H81=G81,SUMIF($H:$H,H81,$P:$P),P81) -> 215 | R81: =Q81*10%+Q81 -> 236.5 | S81: 2 | T81: =IF(M81=0,"0",ROUNDUP(P81*S81/AG81,0)*AG81) -> 300 | U81: =IF($H81=G81,SUMIF($H:$H,H81,$T:$T),T81) -> 700 | V81: =IF(M81=0,"0",ROUND(P81/W81,1)) -> 1.3 | W81: 100 | X81: =ROUNDUP(T81/W81,0) -> 3 | AE81: I | AG81: 100 | AQ81: 5.7 | AR81: 5 | BC81: 1 | BD81: 1 | BE81: 1 | BR81: 1 | BS81: 3 | BU81: 3 | BV81: 33000 | BW81: M | BX81: M | BZ81: ADM | CF81: 63.166667
B82: NX-2892 | E82: A | G82: NX-2893 | H82: NX-2892 | I82: D55711 BZ221-00 | J82: D270C0.6X1410X241 | K82: PANEL COWL TOP OUTER LHD | L82: 1 | M82: 1800 | O82: =+M82+N82 -> 1800 | P82: =+O82/$H$18 -> 90 | Q82: =IF($H82=G82,SUMIF($H:$H,H82,$P:$P),P82) -> 90 | R82: =Q82*10%+Q82 -> 99 | S82: 4 | T82: =IF(M82=0,"0",ROUNDUP(P82*S82/AG82,0)*AG82) -> 400 | U82: =IF($H82=G82,SUMIF($H:$H,H82,$T:$T),T82) -> 400 | V82: =IF(M82=0,"0",ROUND(P82/W82,1)) -> 0.9 | W82: 100 | X82: =ROUNDUP(T82/W82,0) -> 4 | AE82: I | AG82: 100 | AQ82: 5.7 | AR82: 5 | BC82: 1 | BD82: 1 | BE82: 1 | BR82: 1 | BS82: 3 | BU82: 3 | BV82: 6900 | BW82: M | BX82: M | BZ82: ADM | CF82: 30.666667
C83: A-YPI-AAP-MPI | E83: A | G83: AAS-028/29 | H83: AAS-028/29 | L83: 1 | M83: 4300 | O83: =+M83+N83 -> 4300 | P83: =+O83/$H$18 -> 215 | Q83: =IF($H83=G83,SUMIF($H:$H,H83,$P:$P),P83) -> 215 | R83: =Q83*10%+Q83 -> 236.5 | S83: 2 | T83: =IF(M83=0,"0",ROUNDUP(P83*S83/AG83,0)*AG83) -> 450 | U83: =IF($H83=G83,SUMIF($H:$H,H83,$T:$T),T83) -> 450 | V83: =IF(M83=0,"0",ROUND(P83/W83,1)) -> 2.2 | W83: 100 | X83: =ROUNDUP(T83/W83,0) -> 5 | AE83: D2 | AG83: 150 | AQ83: 6.3 | AR83: 5 | BB83: 1 | BC83: 1 | BD83: 1 | BE83: 1 | BR83: 1 | BS83: 4 | BU83: 4 | BV83: 39900 | BW83: M | BX83: M | BZ83: ADM | CF83: 74
B84: AA-0505 | C84: A-YPI | E84: A | G84: AA-0505 | H84: AA-0505 | L84: 1 | M84: 4300 | O84: =+M84+N84 -> 4300 | P84: =+O84/$H$18 -> 215 | Q84: =IF($H84=G84,SUMIF($H:$H,H84,$P:$P),P84) -> 215 | R84: =Q84*10%+Q84 -> 236.5 | S84: 2 | T84: =IF(M84=0,"0",ROUNDUP(P84*S84/AG84,0)*AG84) -> 480 | U84: =IF($H84=G84,SUMIF($H:$H,H84,$T:$T),T84) -> 480 | V84: =IF(M84=0,"0",ROUND(P84/W84,1)) -> 2.2 | W84: 100 | X84: =ROUNDUP(T84/W84,0) -> 5 | AE84: D2 | AG84: 80 | AQ84: 6 | AR84: 5 | BC84: 1 | BD84: 1 | BE84: 1 | BR84: 1 | BS84: 3 | BU84: 3 | BV84: 39900 | BW84: M | BX84: M | BZ84: ADM | CF84: 74
B85: AA-0504 | C85: A-YPI | E85: A | G85: AA-0504 | H85: AA-0504 | L85: 1 | M85: 4300 | O85: =+M85+N85 -> 4300 | P85: =+O85/$H$18 -> 215 | Q85: =IF($H85=G85,SUMIF($H:$H,H85,$P:$P),P85) -> 215 | R85: =Q85*10%+Q85 -> 236.5 | S85: 2 | T85: =IF(M85=0,"0",ROUNDUP(P85*S85/AG85,0)*AG85) -> 480 | U85: =IF($H85=G85,SUMIF($H:$H,H85,$T:$T),T85) -> 480 | V85: =IF(M85=0,"0",ROUND(P85/W85,1)) -> 2.2 | W85: 100 | X85: =ROUNDUP(T85/W85,0) -> 5 | AE85: D2 | AG85: 80 | AQ85: 6 | AR85: 5 | BC85: 1 | BD85: 1 | BE85: 1 | BR85: 1 | BS85: 3 | BU85: 3 | BV85: 39900 | BW85: M | BX85: M | BZ85: ADM | CF85: 74
B86: NX-2902 | E86: A | G86: NX-2902 | H86: NX-2902 | I86: D55745 BZ090-00 | J86: IRM-093016 | K86: REINFORCEMENT COWL TOP INNER UPR | L86: 1 | M86: 4300 | O86: =+M86+N86 -> 4300 | P86: =+O86/$H$18 -> 215 | Q86: =IF($H86=G86,SUMIF($H:$H,H86,$P:$P),P86) -> 215 | R86: =Q86*10%+Q86 -> 236.5 | S86: 2 | T86: =IF(M86=0,"0",ROUNDUP(P86*S86/AG86,0)*AG86) -> 500 | U86: =IF($H86=G86,SUMIF($H:$H,H86,$T:$T),T86) -> 500 | V86: =IF(M86=0,"0",ROUND(P86/W86,1)) -> 2.2 | W86: 100 | X86: =ROUNDUP(T86/W86,0) -> 5 | AE86: I | AG86: 100 | AQ86: 5.7 | AR86: 5 | BC86: 1 | BD86: 1 | BE86: 1 | BR86: 1 | BS86: 3 | BU86: 3 | BV86: 39900 | BW86: M | BX86: M | BZ86: ADM | CF86: 74
B87: NX-4143 | C87: A-B | E87: A | G87: NX-4143 | H87: NX-4143 | I87: D58171 BZ130 | J87: DC440- 1.2X930X400 | K87: REINF PARKING BRAKE BASE TO FLR | L87: 1 | M87: 10550 | O87: =+M87+N87 -> 10550 | P87: =+O87/$H$18 -> 527.5 | Q87: =IF($H87=G87,SUMIF($H:$H,H87,$P:$P),P87) -> 527.5 | R87: =Q87*10%+Q87 -> 580.25 | S87: 1 | T87: =IF(M87=0,"0",ROUNDUP(P87*S87/AG87,0)*AG87) -> 600 | U87: =IF($H87=G87,SUMIF($H:$H,H87,$T:$T),T87) -> 600 | V87: =IF(M87=0,"0",ROUND(P87/W87,1)) -> 10.6 | W87: 50 | X87: =ROUNDUP(T87/W87,0) -> 12 | AE87: KHS | AG87: 200 | AQ87: 5.7 | AR87: 5 | BC87: 1 | BD87: 1 | BE87: 1 | BF87: 1 | BG87: 1 | BH87: 1 | BO87: 1 | BP87: 1 | BQ87: 1 | BR87: 1 | BS87: 3 | BU87: 3 | BV87: 84840 | BW87: M | BX87: M | BZ87: ADM | CF87: 106.5
B88: PB-017 | C88: A-D | D88: A | E88: D | G88: PB-017 BLK | H88: PB-017 | I88: ISF-8978500644 | J88: IRM-093103 | K88: FRAME UNDER LH | L88: 1 | M88: 576 | O88: =+M88+N88 -> 576 | P88: =+O88/$H$18 -> 28.8 | Q88: =IF($H88=G88,SUMIF($H:$H,H88,$P:$P),P88) -> 28.8 | R88: =Q88*10%+Q88 -> 31.68 | T88: =IF(M88=0,"0",ROUNDUP(P88*S88/AG88,0)*AG88) -> 0 | U88: =IF($H88=G88,SUMIF($H:$H,H88,$T:$T),T88) -> 0 | V88: =IF(M88=0,"0",ROUND(P88/W88,1)) -> 0.8 | W88: 36 | X88: =ROUNDUP(T88/W88,0) -> 0 | AE88: BESI FLAT | AG88: 180 | AQ88: 10 | AR88: 5 | BB88: 1 | BQ88: 1 | BR88: 1 | BS88: 1 | BU88: 1 | BV88: 480 | BW88: C | BX88: C | BZ88: IAMI | CF88: 48 | CR88: 943.7
B89: PB-017 | C89: A-D | D89: A | E89: D | G89: PB-018 BLK | H89: PB-017 | I89: ISF-8978500635 | J89: IRM-093103 | K89: FRAME UNDER RH | L89: 1 | M89: 576 | O89: =+M89+N89 -> 576 | P89: =+O89/$H$18 -> 28.8 | Q89: =IF($H89=G89,SUMIF($H:$H,H89,$P:$P),P89) -> 28.8 | R89: =Q89*10%+Q89 -> 31.68 | T89: =IF(M89=0,"0",ROUNDUP(P89*S89/AG89,0)*AG89) -> 0 | U89: =IF($H89=G89,SUMIF($H:$H,H89,$T:$T),T89) -> 0 | V89: =IF(M89=0,"0",ROUND(P89/W89,1)) -> 0.8 | W89: 36 | X89: =ROUNDUP(T89/W89,0) -> 0 | AE89: BESI FLAT | AG89: 180 | AQ89: 10 | AR89: 5 | BB89: 1 | BQ89: 1 | BR89: 1 | BS89: 1 | BU89: 1 | BV89: 480 | BW89: C | BX89: C | BZ89: IAMI | CF89: 48 | CR89: 943.7
E90: A | G90: PB-067F | H90: PB-067F | I90: ISF P480012090 | J90: IRM-041402 | K90: BUMPER FRT CTR | L90: 1 | M90: 0 | O90: =+M90+N90 -> 0 | P90: =+O90/$H$18 -> 0 | Q90: =IF($H90=G90,SUMIF($H:$H,H90,$P:$P),P90) -> 0 | R90: =Q90*10%+Q90 -> 0 | S90: 21 | T90: =IF(M90=0,"0",ROUNDUP(P90*S90/AG90,0)*AG90) -> 0 | U90: =IF($H90=G90,SUMIF($H:$H,H90,$T:$T),T90) -> 0 | V90: =IF(M90=0,"0",ROUND(P90/W90,1)) -> 0 | W90: 0 | X90: =ROUNDUP(T90/W90,0) -> #DIV/0! | AE90: KHS | AG90: 18 | AQ90: #N/A | AR90: 5 | BB90: 1 | BC90: 1 | BD90: 1 | BE90: 1 | BR90: 1 | BS90: 4 | BU90: 4 | BV90: 0 | BW90: M | BX90: M | BZ90: IAMI | CF90: 9
B91: PV-006B | C91: A-D | E91: A | G91: PV-005BA1 BLK | H91: PV-006B | I91: ISF NPN2594433 | J91: VRM-091004 | K91: BLANK BODY SIDE RH | L91: 1 | M91: 576 | O91: =+M91+N91 -> 576 | P91: =+O91/$H$18 -> 28.8 | Q91: =IF($H91=G91,SUMIF($H:$H,H91,$P:$P),P91) -> 28.8 | R91: =Q91*10%+Q91 -> 31.68 | T91: =IF(M91=0,"0",ROUNDUP(P91*S91/AG91,0)*AG91) -> 0 | U91: =IF($H91=G91,SUMIF($H:$H,H91,$T:$T),T91) -> 0 | V91: =IF(M91=0,"0",ROUND(P91/W91,1)) -> 2.4 | W91: 12 | X91: =ROUNDUP(T91/W91,0) -> 0 | AE91: BESI FLAT | AG91: 120 | AQ91: 9.2727273 | AR91: 5 | BB91: 1 | BQ91: 1 | BR91: 1 | BS91: 1 | BU91: 1 | BV91: 480 | BW91: C | BX91: C | BZ91: IAMI | CF91: 35
E92: A | G92: K-4051 BLK | H92: K-4051 BLK | K92: BLANK PANEL BACK | L92: 1 | M92: 576 | O92: =+M92+N92 -> 576 | P92: =+O92/$H$18 -> 28.8 | Q92: =IF($H92=G92,SUMIF($H:$H,H92,$P:$P),P92) -> 28.8 | R92: =Q92*10%+Q92 -> 31.68 | T92: =IF(M92=0,"0",ROUNDUP(P92*S92/AG92,0)*AG92) -> 0 | U92: =IF($H92=G92,SUMIF($H:$H,H92,$T:$T),T92) -> 0 | V92: =IF(M92=0,"0",ROUND(P92/W92,1)) -> 2.4 | W92: 12 | X92: =ROUNDUP(T92/W92,0) -> 0 | AE92: BESI FLAT | AG92: 120 | AQ92: 9.2727273 | AR92: 5 | BB92: 1 | BQ92: 1 | BR92: 1 | BS92: 1 | BU92: 1 | BV92: 480 | BW92: C | BX92: C | BZ92: IAMI | CF92: 35
B93: PV-006B | C93: A-D | E93: A | G93: PV-006BA1 BLK | H93: PV-006B | I93: ISF NPN3465543 | J93: VRM-091004 | K93: BLANK BODY SIDE LH | L93: 1 | M93: 576 | O93: =+M93+N93 -> 576 | P93: =+O93/$H$18 -> 28.8 | Q93: =IF($H93=G93,SUMIF($H:$H,H93,$P:$P),P93) -> 28.8 | R93: =Q93*10%+Q93 -> 31.68 | T93: =IF(M93=0,"0",ROUNDUP(P93*S93/AG93,0)*AG93) -> 0 | U93: =IF($H93=G93,SUMIF($H:$H,H93,$T:$T),T93) -> 0 | V93: =IF(M93=0,"0",ROUND(P93/W93,1)) -> 2.4 | W93: 12 | X93: =ROUNDUP(T93/W93,0) -> 0 | AE93: BESI FLAT | AG93: 100 | AQ93: 9.2727273 | AR93: 5 | BB93: 1 | BQ93: 1 | BR93: 1 | BS93: 1 | BU93: 1 | BV93: 480 | BW93: C | BX93: C | BZ93: IAMI | CF93: 35
B94: AA-0515 | C94: B-D | E94: D | G94: AA-0515 | H94: AA-0515/89 | I94: D61731 BZ100-00 | J94: IRM-093150 | K94: PANEL ROOF SIDE INNER RH | L94: 1 | M94: 1200 | O94: =+M94+N94 -> 1200 | P94: =+O94/$H$18 -> 60 | Q94: =IF($H94=G94,SUMIF($H:$H,H94,$P:$P),P94) -> 60 | R94: =Q94*10%+Q94 -> 66 | S94: 4 | T94: =IF(M94=0,"0",ROUNDUP(P94*S94/AG94,0)*AG94) -> 400 | U94: =IF($H94=G94,SUMIF($H:$H,H94,$T:$T),T94) -> 400 | V94: =IF(M94=0,"0",ROUND(P94/W94,1)) -> 1.2 | W94: 50 | X94: =ROUNDUP(T94/W94,0) -> 8 | AE94: C | AG94: 200 | AQ94: 6 | AR94: 5 | BC94: 1 | BD94: 1 | BE94: 1 | BF94: 1 | BG94: 1 | BH94: 1 | BN94: 1 | BO94: 1 | BP94: 1 | BR94: 1 | BS94: 3 | BU94: 3 | BV94: 4200 | BW94: M | BX94: M | BZ94: ADM | CF94: 57.166667 | CR94: 697
B95: AA-0515 | C95: B-D | E95: D | G95: AAS-089 | H95: AA-0515 | I95: D61732 BZ110 | J95: IRM-093150 | K95: PANEL ROOF SIDE INNER LH | L95: 1 | M95: 1200 | O95: =+M95+N95 -> 1200 | P95: =+O95/$H$18 -> 60 | Q95: =IF($H95=G95,SUMIF($H:$H,H95,$P:$P),P95) -> 60 | R95: =Q95*10%+Q95 -> 66 | S95: 4 | T95: =IF(M95=0,"0",ROUNDUP(P95*S95/AG95,0)*AG95) -> 400 | U95: =IF($H95=G95,SUMIF($H:$H,H95,$T:$T),T95) -> 400 | V95: =IF(M95=0,"0",ROUND(P95/W95,1)) -> 1.2 | W95: 50 | X95: =ROUNDUP(T95/W95,0) -> 8 | AE95: C | AG95: 200 | AQ95: 6 | AR95: 5 | BC95: 1 | BD95: 1 | BE95: 1 | BF95: 1 | BG95: 1 | BH95: 1 | BN95: 1 | BO95: 1 | BP95: 1 | BR95: 1 | BS95: 3 | BU95: 3 | BV95: 4200 | BW95: C | BX95: C | BZ95: ADM | CF95: 57.166667 | CR95: 697
B96: AA-0515 | C96: B-D | E96: D | G96: AA-0516 | H96: AA-0515/90 | I96: D61731 BZ110-00 | J96: IRM-093150 | K96: PANEL ROOF SIDE INNER RH | L96: 1 | M96: 350 | O96: =+M96+N96 -> 350 | P96: =+O96/$H$18 -> 17.5 | Q96: =IF($H96=G96,SUMIF($H:$H,H96,$P:$P),P96) -> 17.5 | R96: =Q96*10%+Q96 -> 19.25 | S96: 14 | T96: =IF(M96=0,"0",ROUNDUP(P96*S96/AG96,0)*AG96) -> 400 | U96: =IF($H96=G96,SUMIF($H:$H,H96,$T:$T),T96) -> 400 | V96: =IF(M96=0,"0",ROUND(P96/W96,1)) -> 0.4 | W96: 50 | X96: =ROUNDUP(T96/W96,0) -> 8 | AE96: C | AG96: 200 | AQ96: 6 | AR96: 5 | BC96: 1 | BD96: 1 | BE96: 1 | BF96: 1 | BG96: 1 | BH96: 1 | BN96: 1 | BO96: 1 | BP96: 1 | BR96: 1 | BS96: 3 | BU96: 3 | BV96: 2400 | BW96: C | BX96: C | BZ96: ADM | CF96: 32.583333 | CR96: 697
B97: AA-0515 | C97: B-D | E97: D | G97: AAS-090 | H97: AA-0515 | I97: D61732 BZ140 | J97: IRM-093150 | K97: PANEL ROOF SIDE INNER LH | L97: 1 | M97: 350 | O97: =+M97+N97 -> 350 | P97: =+O97/$H$18 -> 17.5 | Q97: =IF($H97=G97,SUMIF($H:$H,H97,$P:$P),P97) -> 17.5 | R97: =Q97*10%+Q97 -> 19.25 | S97: 14 | T97: =IF(M97=0,"0",ROUNDUP(P97*S97/AG97,0)*AG97) -> 400 | U97: =IF($H97=G97,SUMIF($H:$H,H97,$T:$T),T97) -> 400 | V97: =IF(M97=0,"0",ROUND(P97/W97,1)) -> 0.4 | W97: 50 | X97: =ROUNDUP(T97/W97,0) -> 8 | AE97: C | AG97: 200 | AQ97: 6 | AR97: 5 | BC97: 1 | BD97: 1 | BE97: 1 | BF97: 1 | BG97: 1 | BH97: 1 | BN97: 1 | BO97: 1 | BP97: 1 | BR97: 1 | BS97: 3 | BU97: 3 | BV97: 2400 | BW97: C | BX97: C | BZ97: ADM | CF97: 32.583333 | CR97: 697
B98: AA-1445 | E98: B | G98: AA-1445 | H98: AA-1445 | I98: D57417 BZ050-00 | J98: IRM-046902 | K98: REINF FR FLOOR UNDER RH | L98: 1 | M98: 1400 | O98: =+M98+N98 -> 1400 | P98: =+O98/$H$18 -> 70 | Q98: =IF($H98=G98,SUMIF($H:$H,H98,$P:$P),P98) -> 140 | R98: =Q98*10%+Q98 -> 154 | S98: 2 | T98: =IF(M98=0,"0",ROUNDUP(P98*S98/AG98,0)*AG98) -> 150 | U98: =IF($H98=G98,SUMIF($H:$H,H98,$T:$T),T98) -> 300 | V98: =IF(M98=0,"0",ROUND(P98/W98,1)) -> 1.4 | W98: 50 | X98: =ROUNDUP(T98/W98,0) -> 3 | AE98: D2 | AG98: 50 | AQ98: 5.9 | AR98: 5 | BF98: 1 | BG98: 1 | BR98: 1 | BS98: 2 | BU98: 2 | BV98: 4500 | BW98: M | BX98: M | BZ98: ADM | CF98: 37.5
B99: AA-1445 | E99: B | G99: AA-1445- | H99: AA-1445 | I99: D57417 BZ050-00 | J99: IRM-046902 | K99: REINF FR FLOOR UNDER RH | L99: 1 | M99: 1400 | O99: =+M99+N99 -> 1400 | P99: =+O99/$H$18 -> 70 | Q99: =IF($H99=G99,SUMIF($H:$H,H99,$P:$P),P99) -> 70 | R99: =Q99*10%+Q99 -> 77 | S99: 2 | T99: =IF(M99=0,"0",ROUNDUP(P99*S99/AG99,0)*AG99) -> 150 | U99: =IF($H99=G99,SUMIF($H:$H,H99,$T:$T),T99) -> 150 | V99: =IF(M99=0,"0",ROUND(P99/W99,1)) -> 1.4 | W99: 50 | X99: =ROUNDUP(T99/W99,0) -> 3 | AE99: D2 | AG99: 50 | AQ99: 5.9 | AR99: 5 | BH99: 1 | BI99: 1 | BR99: 1 | BS99: 2 | BU99: 2 | BV99: 4500 | BW99: C | BX99: C | BZ99: ADM | CF99: 37.5
B100: AA-0515 | C100: B-D | E100: D | G100: AA-1897 | H100: AA-1897/88 | I100: D61731 BZ180-00 | J100: IRM-093150 | K100: PANEL ROOF SIDE INR RH | L100: 1 | M100: 2400 | O100: =+M100+N100 -> 2400 | P100: =+O100/$H$18 -> 120 | Q100: =IF($H100=G100,SUMIF($H:$H,H100,$P:$P),P100) -> 120 | R100: =Q100*10%+Q100 -> 132 | S100: 2 | T100: =IF(M100=0,"0",ROUNDUP(P100*S100/AG100,0)*AG100) -> 400 | U100: =IF($H100=G100,SUMIF($H:$H,H100,$T:$T),T100) -> 400 | V100: =IF(M100=0,"0",ROUND(P100/W100,1)) -> 2 | W100: 60 | X100: =ROUNDUP(T100/W100,0) -> 7 | AE100: C | AG100: 200 | AQ100: 6 | AR100: 5 | BF100: 1 | BG100: 1 | BH100: 1 | BN100: 1 | BO100: 1 | BP100: 1 | BR100: 1 | BS100: 3 | BU100: 3 | BV100: 12600 | BW100: M | BX100: M | BZ100: ADM | CF100: 55.2 | CR100: 697
B101: AA-0515 | C101: B-D | E101: D | G101: AAS-088 | H101: AA-0515 | I101: D61732 BZ170 | J101: IRM-093150 | K101: PANEL ROOF SIDE INR LH | L101: 1 | M101: 2400 | O101: =+M101+N101 -> 2400 | P101: =+O101/$H$18 -> 120 | Q101: =IF($H101=G101,SUMIF($H:$H,H101,$P:$P),P101) -> 120 | R101: =Q101*10%+Q101 -> 132 | S101: 2 | T101: =IF(M101=0,"0",ROUNDUP(P101*S101/AG101,0)*AG101) -> 240 | U101: =IF($H101=G101,SUMIF($H:$H,H101,$T:$T),T101) -> 240 | V101: =IF(M101=0,"0",ROUND(P101/W101,1)) -> 2 | W101: 60 | X101: =ROUNDUP(T101/W101,0) -> 4 | AE101: C | AG101: 240 | AQ101: 6 | AR101: 5 | BF101: 1 | BG101: 1 | BH101: 1 | BR101: 1 | BS101: 3 | BU101: 3 | BV101: 12600 | BW101: C | BX101: C | BZ101: ADM | CF101: 55.2 | CR101: 697
B102: AAS-026 | E102: B | G102: AAS-026 BLK | H102: AAS-026 | I102: D61343 BZ130 | J102: DSCRP-BS-D80N | K102: PILLAR CTR BODY INNER RH | L102: 1 | M102: 3660 | O102: =+M102+N102 -> 3660 | P102: =+O102/$H$18 -> 183 | Q102: =IF($H102=G102,SUMIF($H:$H,H102,$P:$P),P102) -> 183 | R102: =Q102*10%+Q102 -> 201.3 | S102: 2 | T102: =IF(M102=0,"0",ROUNDUP(P102*S102/AG102,0)*AG102) -> 720 | U102: =IF($H102=G102,SUMIF($H:$H,H102,$T:$T),T102) -> 720 | V102: =IF(M102=0,"0",ROUND(P102/W102,1)) -> 9.2 | W102: 20 | X102: =ROUNDUP(T102/W102,0) -> 36 | AE102: D2 | AG102: 360 | AQ102: 5.9 | AR102: 5 | BI102: 1 | BR102: 1 | BS102: 1 | BU102: 1 | BV102: 6000 | BW102: C | BX102: C | BZ102: ADM | CF102: 47.333333
B103: AAS-026 | E103: B | G103: AAS-027 BLK | H103: AAS-026 | I103: D61343 BZ130 | J103: DSCRP-BS-D80N | K103: PILLAR CTR BODY INNER RH | L103: 1 | M103: 3660 | O103: =+M103+N103 -> 3660 | P103: =+O103/$H$18 -> 183 | Q103: =IF($H103=G103,SUMIF($H:$H,H103,$P:$P),P103) -> 183 | R103: =Q103*10%+Q103 -> 201.3 | S103: 2 | T103: =IF(M103=0,"0",ROUNDUP(P103*S103/AG103,0)*AG103) -> 720 | U103: =IF($H103=G103,SUMIF($H:$H,H103,$T:$T),T103) -> 720 | V103: =IF(M103=0,"0",ROUND(P103/W103,1)) -> 9.2 | W103: 20 | X103: =ROUNDUP(T103/W103,0) -> 36 | AE103: D2 | AG103: 360 | AQ103: 5.9 | AR103: 5 | BI103: 1 | BR103: 1 | BS103: 1 | BU103: 1 | BV103: 6000 | BW103: C | BX103: C | BZ103: ADM | CF103: 47.333333
E104: B | G104: AAS-026 FNS | H104: AAS-026 | I104: D61343 BZ130 | J104: DSCRP-BS-D80N | K104: PILLAR CTR BODY INNER RH | L104: 1 | M104: 3660 | O104: =+M104+N104 -> 3660 | P104: =+O104/$H$18 -> 183 | Q104: =IF($H104=G104,SUMIF($H:$H,H104,$P:$P),P104) -> 183 | R104: =Q104*10%+Q104 -> 201.3 | S104: 2 | T104: =IF(M104=0,"0",ROUNDUP(P104*S104/AG104,0)*AG104) -> 720 | U104: =IF($H104=G104,SUMIF($H:$H,H104,$T:$T),T104) -> 720 | V104: =IF(M104=0,"0",ROUND(P104/W104,1)) -> 9.2 | W104: 20 | X104: =ROUNDUP(T104/W104,0) -> 36 | AE104: D2 | AG104: 360 | AQ104: 5.9 | AR104: 5 | BI104: 1 | BR104: 1 | BS104: 1 | BU104: 1 | BV104: 6000 | BW104: M | BX104: M | BZ104: ADM | CF104: 47.333333
E105: B | G105: AAS-027 FNS | H105: AAS-026 | I105: D61344 BZ120 | J105: DSCRP-BS-D80N | K105: PILLAR CTR BODY INNER LH | L105: 1 | M105: 3660 | O105: =+M105+N105 -> 3660 | P105: =+O105/$H$18 -> 183 | Q105: =IF($H105=G105,SUMIF($H:$H,H105,$P:$P),P105) -> 183 | R105: =Q105*10%+Q105 -> 201.3 | S105: 2 | T105: =IF(M105=0,"0",ROUNDUP(P105*S105/AG105,0)*AG105) -> 720 | U105: =IF($H105=G105,SUMIF($H:$H,H105,$T:$T),T105) -> 720 | V105: =IF(M105=0,"0",ROUND(P105/W105,1)) -> 9.2 | W105: 20 | X105: =ROUNDUP(T105/W105,0) -> 36 | AE105: D2 | AG105: 360 | AQ105: 5.9 | AR105: 5 | BI105: 1 | BR105: 1 | BS105: 1 | BU105: 1 | BV105: 6000 | BW105: M | BX105: M | BZ105: ADM | CF105: 47.333333
B106: AAS-052 | C106: B-ISRA | E106: B | G106: AAS-052 | H106: AAS-052 | I106: D57417 BZ070 | J106: VRM-110801 | K106: REINF FR FLOOR UNDER RH | L106: 2 | M106: 17100 | O106: =+M106+N106 -> 17100 | P106: =+O106/$H$18 -> 855 | Q106: =IF($H106=G106,SUMIF($H:$H,H106,$P:$P),P106) -> 1710 | R106: =Q106*10%+Q106 -> 1881 | S106: 1 | T106: =IF(M106=0,"0",ROUNDUP(P106*S106/AG106,0)*AG106) -> 900 | U106: =IF($H106=G106,SUMIF($H:$H,H106,$T:$T),T106) -> 1800 | V106: =IF(M106=0,"0",ROUND(P106/W106,1)) -> 5.7 | W106: 150 | X106: =ROUNDUP(T106/W106,0) -> 6 | AE106: C | AG106: 150 | AQ106: 5.6 | AR106: 5 | BH106: 1 | BI106: 1 | BR106: 1 | BS106: 2 | BU106: 2 | BV106: 51000 | BW106: M | BX106: M | BZ106: ADM | CF106: 67
B107: AAS-052 | E107: B | G107: AAS-052- | H107: AAS-052 | I107: D57417 BZ070 | J107: VRM-110801 | K107: REINF FR FLOOR UNDER RH | L107: 2 | M107: 17100 | O107: =+M107+N107 -> 17100 | P107: =+O107/$H$18 -> 855 | Q107: =IF($H107=G107,SUMIF($H:$H,H107,$P:$P),P107) -> 855 | R107: =Q107*10%+Q107 -> 940.5 | S107: 1 | T107: =IF(M107=0,"0",ROUNDUP(P107*S107/AG107,0)*AG107) -> 900 | U107: =IF($H107=G107,SUMIF($H:$H,H107,$T:$T),T107) -> 900 | V107: =IF(M107=0,"0",ROUND(P107/W107,1)) -> 5.7 | W107: 150 | X107: =ROUNDUP(T107/W107,0) -> 6 | AE107: C | AG107: 150 | AQ107: 5.6 | AR107: 5 | BF107: 1 | BG107: 1 | BR107: 1 | BS107: 2 | BU107: 2 | BV107: 51000 | BW107: C | BX107: C | BZ107: ADM | CF107: 67
C108: B-D-IKAR | E108: B | G108: CFS-01 FNS | H108: CFS-01 | I108: H64131 TG2-K000-50 | J108: HRM 050101 | K108: PLR RH FR INN LWR | L108: 1 | O108: =+M108+N108 -> 0 | P108: =+O108/$H$18 -> 0 | Q108: =IF($H108=G108,SUMIF($H:$H,H108,$P:$P),P108) -> 0 | R108: =Q108*10%+Q108 -> 0 | S108: #N/A | T108: =IF(M108=0,"0",ROUNDUP(P108*S108/AG108,0)*AG108) -> 0 | U108: =IF($H108=G108,SUMIF($H:$H,H108,$T:$T),T108) -> 0 | V108: =IF(M108=0,"0",ROUND(P108/W108,1)) -> 0 | W108: 60 | X108: =ROUNDUP(T108/W108,0) -> 0 | AE108: C2 | AG108: 120 | AQ108: #N/A | AR108: 5 | BG108: 1 | BH108: 1 | BI108: 1 | BR108: 1 | BS108: 3 | BU108: 3 | BV108: 22860 | BW108: C | BX108: C | BZ108: HPM | CF108: 43.4
E109: B | G109: CFS-03 FNS | H109: CFS-01 | I109: H64531 TG2-K000-50 | J109: HRM 050101 | K109: PLR LH FR INN LWR | L109: 1 | O109: =+M109+N109 -> 0 | P109: =+O109/$H$18 -> 0 | Q109: =IF($H109=G109,SUMIF($H:$H,H109,$P:$P),P109) -> 0 | R109: =Q109*10%+Q109 -> 0 | S109: #N/A | T109: =IF(M109=0,"0",ROUNDUP(P109*S109/AG109,0)*AG109) -> 0 | U109: =IF($H109=G109,SUMIF($H:$H,H109,$T:$T),T109) -> 0 | V109: =IF(M109=0,"0",ROUND(P109/W109,1)) -> 0 | W109: 60 | X109: =ROUNDUP(T109/W109,0) -> 0 | AE109: C2 | AG109: 120 | AQ109: #N/A | AR109: 5 | BG109: 1 | BH109: 1 | BI109: 1 | BQ109: 1 | BR109: 1 | BS109: 3 | BU109: 3 | BV109: 22860 | BW109: C | BX109: C | BZ109: HPM | CF109: 43.4
E110: D | G110: CFS-01 WIP | H110: CFS-01 | I110: H64131 TG2-K000-50 | J110: HRM 050101 | K110: PLR RH FR INN LWR | L110: 1 | O110: =+M110+N110 -> 0 | P110: =+O110/$H$18 -> 0 | Q110: =IF($H110=G110,SUMIF($H:$H,H110,$P:$P),P110) -> 0 | R110: =Q110*10%+Q110 -> 0 | S110: #N/A | T110: =IF(M110=0,"0",ROUNDUP(P110*S110/AG110,0)*AG110) -> 0 | U110: =IF($H110=G110,SUMIF($H:$H,H110,$T:$T),T110) -> 0 | V110: =IF(M110=0,"0",ROUND(P110/W110,1)) -> 0 | W110: 60 | X110: =ROUNDUP(T110/W110,0) -> 0 | AE110: C2 | AG110: 120 | AQ110: #N/A | AR110: 5 | BN110: 1 | BR110: 0 | BS110: 0 | BU110: 0 | BV110: 0 | BW110: C | BX110: C | BZ110: HPM | CF110: 117 | CR110: 0
E111: D | G111: CFS-03 WIP | H111: CFS-01 | I111: H64531 TG2-K000-50 | J111: HRM 050101 | K111: PLR LH FR INN LWR | L111: 1 | O111: =+M111+N111 -> 0 | P111: =+O111/$H$18 -> 0 | Q111: =IF($H111=G111,SUMIF($H:$H,H111,$P:$P),P111) -> 0 | R111: =Q111*10%+Q111 -> 0 | S111: #N/A | T111: =IF(M111=0,"0",ROUNDUP(P111*S111/AG111,0)*AG111) -> 0 | U111: =IF($H111=G111,SUMIF($H:$H,H111,$T:$T),T111) -> 0 | V111: =IF(M111=0,"0",ROUND(P111/W111,1)) -> 0 | W111: 60 | X111: =ROUNDUP(T111/W111,0) -> 0 | AE111: C2 | AG111: 120 | AQ111: #N/A | AR111: 5 | BN111: 1 | BR111: 0 | BS111: 0 | BU111: 0 | BV111: 0 | BW111: C | BX111: C | BZ111: HPM | CF111: 117 | CR111: 0
E112: B | G112: CFS-01 | H112: CFS-01 | I112: H64131 TG2-K000-50 | J112: HRM 050101 | K112: PLR RH FR INN LWR | L112: 1 | M112: 360 | O112: =+M112+N112 -> 360 | P112: =+O112/$H$18 -> 18 | Q112: 360 | R112: =Q112*10%+Q112 -> 396 | S112: 2 | T112: =IF(M112=0,"0",ROUNDUP(P112*S112/AG112,0)*AG112) -> 120 | U112: 360 | V112: =IF(M112=0,"0",ROUND(P112/W112,1)) -> 0.3 | W112: 60 | X112: =ROUNDUP(T112/W112,0) -> 2 | AE112: C2 | AG112: 120 | AQ112: #N/A | AR112: 5 | BF112: 1 | BG112: 1 | BH112: 1 | BI112: 1 | BR112: 1 | BS112: 3 | BU112: 3 | BV112: 22860 | BW112: C | BX112: C | BZ112: HPM | CF112: 43.4
E113: B | G113: CFS-03 | H113: CFS-01 | I113: H64531 TG2-K000-50 | J113: HRM 050101 | K113: PLR LH FR INN LWR | L113: 1 | M113: 360 | O113: =+M113+N113 -> 360 | P113: =+O113/$H$18 -> 18 | Q113: =IF($H113=G113,SUMIF($H:$H,H113,$P:$P),P113) -> 18 | R113: =Q113*10%+Q113 -> 19.8 | S113: 2 | T113: =IF(M113=0,"0",ROUNDUP(P113*S113/AG113,0)*AG113) -> 120 | U113: =IF($H113=G113,SUMIF($H:$H,H113,$T:$T),T113) -> 120 | V113: =IF(M113=0,"0",ROUND(P113/W113,1)) -> 0.3 | W113: 60 | X113: =ROUNDUP(T113/W113,0) -> 2 | AE113: C2 | AG113: 120 | AQ113: #N/A | AR113: 5 | BF113: 1 | BG113: 1 | BH113: 1 | BI113: 1 | BR113: 1 | BS113: 3 | BU113: 3 | BV113: 22860 | BW113: C | BX113: C | BZ113: HPM | CF113: 43.4
B114: G-013 | E114: B | G114: G-013N | H114: G-013 | I114: D61344 BZ070G13 | J114: IRM-093162 | K114: PILLAR CTR BODY INNER LH | L114: 1 | M114: 840 | O114: =+M114+N114 -> 840 | P114: =+O114/$H$18 -> 42 | Q114: =IF($H114=G114,SUMIF($H:$H,H114,$P:$P),P114) -> 42 | R114: =Q114*10%+Q114 -> 46.2 | S114: 2 | T114: =IF(M114=0,"0",ROUNDUP(P114*S114/AG114,0)*AG114) -> 180 | U114: =IF($H114=G114,SUMIF($H:$H,H114,$T:$T),T114) -> 180 | V114: =IF(M114=0,"0",ROUND(P114/W114,1)) -> 0.7 | W114: 60 | X114: =ROUNDUP(T114/W114,0) -> 3 | AE114: I | AG114: 180 | AQ114: 5.9 | AR114: 5 | BF114: 1 | BG114: 1 | BR114: 1 | BS114: 2 | BU114: 2 | BV114: 5280 | BW114: M | BX114: M | BZ114: ADM | CF114: 43.4
...

Sheet master untuk shift 1
H3: update
D4: MASTER UNTUK PEMBUATAN PO
D6: NO | E6: JOB MASTER SCHEDULE | F6: JOB NO UNTUK PO | G6: QTY | H6: LINE
D7: 1 | E7: NX-2892 | F7: NX-2892 | G7: =SUMIF('Shift Pagi'!I:I,'master untuk shift 1'!E7,'Shift Pagi'!L:L) -> 0 | H7: PRESS-A | I7: =SUMIF('Shift Pagi'!I:I,'master untuk shift 1'!E7,'Shift Pagi'!L:L) -> 0
D8: 2 | E8: NX-2893 | F8: NX-2893 | G8: =SUMIF('Shift Pagi'!I:I,'master untuk shift 1'!E8,'Shift Pagi'!L:L) -> 0 | H8: PRESS-A | I8: =SUMIF('Shift Pagi'!I:I,'master untuk shift 1'!E8,'Shift Pagi'!L:L) -> 0
D9: 3 | E9: NX-0541 | F9: NX-0541 | G9: =SUMIF('Shift Pagi'!I:I,'master untuk shift 1'!E9,'Shift Pagi'!L:L) -> 0 | H9: PRESS-A | I9: =SUMIF('Shift Pagi'!I:I,'master untuk shift 1'!E9,'Shift Pagi'!L:L) -> 0
D10: 4 | E10: NX-0541 | F10: NX-4837 | G10: =SUMIF('Shift Pagi'!I:I,'master untuk shift 1'!E10,'Shift Pagi'!L:L) -> 0 | H10: PRESS-A | I10: =SUMIF('Shift Pagi'!I:I,'master untuk shift 1'!E10,'Shift Pagi'!L:L) -> 0
D11: 5 | E11: NX-2902 | F11: NX-2902 | G11: =SUMIF('Shift Pagi'!I:I,'master untuk shift 1'!E11,'Shift Pagi'!L:L) -> 0 | H11: PRESS-A | I11: =SUMIF('Shift Pagi'!I:I,'master untuk shift 1'!E11,'Shift Pagi'!L:L) -> 0
D12: 6 | E12: GT-2518 | F12: GT-2518 | G12: =SUMIF('Shift Pagi'!I:I,'master untuk shift 1'!E12,'Shift Pagi'!L:L) -> 175 | H12: PRESS-C | I12: =SUMIF('Shift Pagi'!I:I,'master untuk shift 1'!E12,'Shift Pagi'!L:L) -> 175
D13: 7 | E13: GT-2519 | F13: GT-2519 | G13: =SUMIF('Shift Pagi'!I:I,'master untuk shift 1'!E13,'Shift Pagi'!L:L) -> 100 | H13: PRESS-C | I13: =SUMIF('Shift Pagi'!I:I,'master untuk shift 1'!E13,'Shift Pagi'!L:L) -> 100
D14: 8 | E14: GT-2520 | F14: GT-2520 | G14: =SUMIF('Shift Pagi'!I:I,'master untuk shift 1'!E14,'Shift Pagi'!L:L) -> 25 | H14: PRESS-C | I14: =SUMIF('Shift Pagi'!I:I,'master untuk shift 1'!E14,'Shift Pagi'!L:L) -> 25
D15: 9 | E15: SC-0767 | F15: SC-0767 | G15: =SUMIF('Shift Pagi'!I:I,'master untuk shift 1'!E15,'Shift Pagi'!L:L) -> 0 | H15: PRESS-B | I15: =SUMIF('Shift Pagi'!I:I,'master untuk shift 1'!E15,'Shift Pagi'!L:L) -> 0
D16: 10 | E16: SC-0767 | F16: SC-0768 | G16: =SUMIF('Shift Pagi'!I:I,'master untuk shift 1'!E16,'Shift Pagi'!L:L) -> 0 | H16: PRESS-B | I16: =SUMIF('Shift Pagi'!I:I,'master untuk shift 1'!E16,'Shift Pagi'!L:L) -> 0
D17: 11 | E17: PB-017 | F17: PB-017 | G17: =SUMIF('Shift Pagi'!I:I,'master untuk shift 1'!E17,'Shift Pagi'!L:L) -> 0 | H17: PRESS-D | I17: =SUMIF('Shift Pagi'!I:I,'master untuk shift 1'!E17,'Shift Pagi'!L:L) -> 0
D18: 12 | E18: PB-070 | F18: PB-070 | G18: =SUMIF('Shift Pagi'!I:I,'master untuk shift 1'!E18,'Shift Pagi'!L:L) -> 0 | H18: PRESS-B | I18: =SUMIF('Shift Pagi'!I:I,'master untuk shift 1'!E18,'Shift Pagi'!L:L) -> 0
... D82: 76 | E82: IB-010 | F82: IB-010 | G82: =SUMIF('Shift Pagi'!I:I,'master untuk shift 1'!E82,'Shift Pagi'!L:L) -> 0 | H82: PRESS-D | I82: =SUMIF('Shift Pagi'!I:I,'master untuk shift 1'!E82,'Shift Pagi'!L:L) -> 0
D83: 77 | E83: NA-053 FNS | F83: NA-053/T213/T213E | G83: =SUMIF('Shift Pagi'!I:I,'master untuk shift 1'!E83,'Shift Pagi'!L:L) -> 400 | H83: PRESS-B | I83: =SUMIF('Shift Pagi'!I:I,'master untuk shift 1'!E83,'Shift Pagi'!L:L) -> 400 | K83: T213
D84: 78 | E84: NA-053 FNS | F84: NA-056/T214/T214E | G84: =SUMIF('Shift Pagi'!I:I,'master untuk shift 1'!E84,'Shift Pagi'!L:L) -> 400 | H84: PRESS-B | I84: =SUMIF('Shift Pagi'!I:I,'master untuk shift 1'!E84,'Shift Pagi'!L:L) -> 400 | K84: T213E
D85: 79 | E85: AE-0090 FNS | F85: AE-0090 | G85: =SUMIF('Shift Pagi'!I:I,'master untuk shift 1'!E85,'Shift Pagi'!L:L) -> 0 | H85: PRESS-B | I85: =SUMIF('Shift Pagi'!I:I,'master untuk shift 1'!E85,'Shift Pagi'!L:L) -> 0 | K85: NA-053
D86: 80 | E86: AE-0091 FNS | F86: AE-0091 | G86: =SUMIF('Shift Pagi'!I:I,'master untuk shift 1'!E86,'Shift Pagi'!L:L) -> 1000 | H86: PRESS-B | I86: =SUMIF('Shift Pagi'!I:I,'master untuk shift 1'!E86,'Shift Pagi'!L:L) -> 1000 | K86: T227
D87: 81 | E87: AES-001 FNS | F87: AES-001 | G87: =SUMIF('Shift Pagi'!I:I,'master untuk shift 1'!E87,'Shift Pagi'!L:L) -> 0 | H87: PRESS-B | I87: =SUMIF('Shift Pagi'!I:I,'master untuk shift 1'!E87,'Shift Pagi'!L:L) -> 0 | K87: NA-054
D88: 82 | E88: AES-048 FNS | F88: AES-048 | G88: =SUMIF('Shift Pagi'!I:I,'master untuk shift 1'!E88,'Shift Pagi'!L:L) -> 500 | H88: PRESS-B | I88: =SUMIF('Shift Pagi'!I:I,'master untuk shift 1'!E88,'Shift Pagi'!L:L) -> 500 | K88: T231
D89: 83 | E89: AES-002 FNS | F89: AES-002 | G89: =SUMIF('Shift Pagi'!I:I,'master untuk shift 1'!E89,'Shift Pagi'!L:L) -> 0 | H89: PRESS-B | I89: =SUMIF('Shift Pagi'!I:I,'master untuk shift 1'!E89,'Shift Pagi'!L:L) -> 0 | K89: NA-055
D90: 84 | E90: AES-006 FNS | F90: AES-006 | G90: =SUMIF('Shift Pagi'!I:I,'master untuk shift 1'!E90,'Shift Pagi'!L:L) -> 0 | H90: PRESS-B | I90: =SUMIF('Shift Pagi'!I:I,'master untuk shift 1'!E90,'Shift Pagi'!L:L) -> 0 | K90: T214
D91: 85 | E91: AES-016 FNS | F91: AES-016 | G91: =SUMIF('Shift Pagi'!I:I,'master untuk shift 1'!E91,'Shift Pagi'!L:L) -> 500 | H91: PRESS-B | I91: =SUMIF('Shift Pagi'!I:I,'master untuk shift 1'!E91,'Shift Pagi'!L:L) -> 500 | K91: NA-056
D92: 86 | E92: AES-017 FNS | F92: AES-017 | G92: =SUMIF('Shift Pagi'!I:I,'master untuk shift 1'!E92,'Shift Pagi'!L:L) -> 500 | H92: PRESS-B | I92: =SUMIF('Shift Pagi'!I:I,'master untuk shift 1'!E92,'Shift Pagi'!L:L) -> 500 | K92: T214
D93: 87 | E93: IB-050 | F93: IB-050 | G93: =SUMIF('Shift Pagi'!I:I,'master untuk shift 1'!E93,'Shift Pagi'!L:L) -> 0 | H93: PRESS-Ds | I93: =SUMIF('Shift Pagi'!I:I,'master untuk shift 1'!E93,'Shift Pagi'!L:L) -> 0
D94: 88 | E94: IB-077 | F94: IB-077 | G94: =SUMIF('Shift Pagi'!I:I,'master untuk shift 1'!E94,'Shift Pagi'!L:L) -> 0 | H94: PRESS-Ds | I94: =SUMIF('Shift Pagi'!I:I,'master untuk shift 1'!E94,'Shift Pagi'!L:L) -> 0
D95: 89 | E95: G-013- | F95: G-014 | G95: =SUMIF('Shift Pagi'!I:I,'master untuk shift 1'!E95,'Shift Pagi'!L:L) -> 0 | H95: PRESS-Bs | I95: =SUMIF('Shift Pagi'!I:I,'master untuk shift 1'!E95,'Shift Pagi'!L:L) -> 0
D96: 90 | E96: G-015- | F96: G-016 | G96: =SUMIF('Shift Pagi'!I:I,'master untuk shift 1'!E96,'Shift Pagi'!L:L) -> 0 | H96: PRESS-Bs | I96: =SUMIF('Shift Pagi'!I:I,'master untuk shift 1'!E96,'Shift Pagi'!L:L) -> 0
D97: 91 | E97: G-013- | F97: G-013 | G97: =SUMIF('Shift Pagi'!I:I,'master untuk shift 1'!E97,'Shift Pagi'!L:L) -> 0 | H97: PRESS-Bs | I97: =SUMIF('Shift Pagi'!I:I,'master untuk shift 1'!E97,'Shift Pagi'!L:L) -> 0
D98: 92 | E98: G-015- | F98: G-015 | G98: =SUMIF('Shift Pagi'!I:I,'master untuk shift 1'!E98,'Shift Pagi'!L:L) -> 0 | H98: PRESS-Bs | I98: =SUMIF('Shift Pagi'!I:I,'master untuk shift 1'!E98,'Shift Pagi'!L:L) -> 0
D99: 93 | E99: G-013 | F99: G-014 | G99: =SUMIF('Shift Pagi'!I:I,'master untuk shift 1'!E99,'Shift Pagi'!L:L) -> 0 | H99: PRESS-Bs | I99: =SUMIF('Shift Pagi'!I:I,'master untuk shift 1'!E99,'Shift Pagi'!L:L) -> 0
D100: 94 | E100: G-015 | F100: G-016 | G100: =SUMIF('Shift Pagi'!I:I,'master untuk shift 1'!E100,'Shift Pagi'!L:L) -> 0 | H100: PRESS-Bs | I100: =SUMIF('Shift Pagi'!I:I,'master untuk shift 1'!E100,'Shift Pagi'!L:L) -> 0
D101: 95 | E101: G-013 | F101: G-013 | G101: =SUMIF('Shift Pagi'!I:I,'master untuk shift 1'!E101,'Shift Pagi'!L:L) -> 0 | H101: PRESS-Bs | I101: =SUMIF('Shift Pagi'!I:I,'master untuk shift 1'!E101,'Shift Pagi'!L:L) -> 0
D102: 96 | E102: G-015 | F102: G-015 | G102: =SUMIF('Shift Pagi'!I:I,'master untuk shift 1'!E102,'Shift Pagi'!L:L) -> 0 | H102: PRESS-Bs | I102: =SUMIF('Shift Pagi'!I:I,'master untuk shift 1'!E102,'Shift Pagi'!L:L) -> 0
D103: 97 | E103: G-028 | F103: G-028 | G103: =SUMIF('Shift Pagi'!I:I,'master untuk shift 1'!E103,'Shift Pagi'!L:L) -> 0 | H103: PRESS-Bs | I103: =SUMIF('Shift Pagi'!I:I,'master untuk shift 1'!E103,'Shift Pagi'!L:L) -> 0
D104: 98 | E104: G-029 | F104: G-029 | G104: =SUMIF('Shift Pagi'!I:I,'master untuk shift 1'!E104,'Shift Pagi'!L:L) -> 0 | H104: PRESS-Bs | I104: =SUMIF('Shift Pagi'!I:I,'master untuk shift 1'!E104,'Shift Pagi'!L:L) -> 0
... D202: 196 | E202: AES-029 FNS | F202: AES-029 | G202: =SUMIF('Shift Pagi'!I:I,'master untuk shift 1'!E202,'Shift Pagi'!L:L) -> 180 | H202: PRESS-B | I202: =SUMIF('Shift Pagi'!I:I,'master untuk shift 1'!E202,'Shift Pagi'!L:L) -> 180
D203: 197 | E203: AES-029 FNS | F203: AES-034 | G203: =SUMIF('Shift Pagi'!I:I,'master untuk shift 1'!E203,'Shift Pagi'!L:L) -> 180 | H203: PRESS-B | I203: =SUMIF('Shift Pagi'!I:I,'master untuk shift 1'!E203,'Shift Pagi'!L:L) -> 180 | J203: 100
D204: 198 | E204: AES-028 FNS | F204: AES-033 | G204: =SUMIF('Shift Pagi'!I:I,'master untuk shift 1'!E204,'Shift Pagi'!L:L) -> 540 | H204: PRESS-B | I204: =SUMIF('Shift Pagi'!I:I,'master untuk shift 1'!E204,'Shift Pagi'!L:L) -> 540
D205: 199 | E205: AES-034 FNS | F205: AES-034 | G205: =SUMIF('Shift Pagi'!I:I,'master untuk shift 1'!E205,'Shift Pagi'!L:L) -> 0 | H205: PRESS-B | I205: =SUMIF('Shift Pagi'!I:I,'master untuk shift 1'!E205,'Shift Pagi'!L:L) -> 0
D206: 200 | E206: NXS-015 | F206: NXS-015 | G206: =SUMIF('Shift Pagi'!I:I,'master untuk shift 1'!E206,'Shift Pagi'!L:L) -> 0 | H206: PRESS-Ds | I206: =SUMIF('Shift Pagi'!I:I,'master untuk shift 1'!E206,'Shift Pagi'!L:L) -> 0
D207: 201 | E207: NXS-015 | F207: NXS-016 | G207: =SUMIF('Shift Pagi'!I:I,'master untuk shift 1'!E207,'Shift Pagi'!L:L) -> 0 | H207: PRESS-Ds | I207: =SUMIF('Shift Pagi'!I:I,'master untuk shift 1'!E207,'Shift Pagi'!L:L) -> 0
D208: 202 | E208: AAS-057 | F208: AAS-057 | G208: =SUMIF('Shift Pagi'!I:I,'master untuk shift 1'!E208,'Shift Pagi'!L:L) -> 360 | H208: PRESS-Bs | I208: =SUMIF('Shift Pagi'!I:I,'master untuk shift 1'!E208,'Shift Pagi'!L:L) -> 360
D209: 203 | E209: NXS-033 | F209: NXS-033 | G209: =SUMIF('Shift Pagi'!I:I,'master untuk shift 1'!E209,'Shift Pagi'!L:L) -> 0 | H209: PRESS-Ds | I209: =SUMIF('Shift Pagi'!I:I,'master untuk shift 1'!E209,'Shift Pagi'!L:L) -> 0
D210: 204 | E210: NXS-034 | F210: NXS-034 | G210: =SUMIF('Shift Pagi'!I:I,'master untuk shift 1'!E210,'Shift Pagi'!L:L) -> 0 | H210: PRESS-Ds | I210: =SUMIF('Shift Pagi'!I:I,'master untuk shift 1'!E210,'Shift Pagi'!L:L) -> 0
D211: 205 | E211: NXS-035 | F211: NXS-035 | G211: =SUMIF('Shift Pagi'!I:I,'master untuk shift 1'!E211,'Shift Pagi'!L:L) -> 0 | H211: PRESS-Ds | I211: =SUMIF('Shift Pagi'!I:I,'master untuk shift 1'!E211,'Shift Pagi'!L:L) -> 0
D212: 206 | E212: NXS-036 | F212: NXS-036 | G212: =SUMIF('Shift Pagi'!I:I,'master untuk shift 1'!E212,'Shift Pagi'!L:L) -> 0 | H212: PRESS-Ds | I212: =SUMIF('Shift Pagi'!I:I,'master untuk shift 1'!E212,'Shift Pagi'!L:L) -> 0
D213: 207 | E213: AAS-050 FNS | F213: AAS-050 | G213: =SUMIF('Shift Pagi'!I:I,'master untuk shift 1'!E213,'Shift Pagi'!L:L) -> 480 | H213: PRESS-Bs | I213: =SUMIF('Shift Pagi'!I:I,'master untuk shift 1'!E213,'Shift Pagi'!L:L) -> 480
D214: 208 | E214: AAS-051 FNS | F214: AAS-051 | G214: =SUMIF('Shift Pagi'!I:I,'master untuk shift 1'!E214,'Shift Pagi'!L:L) -> 0 | H214: PRESS-Bs | I214: =SUMIF('Shift Pagi'!I:I,'master untuk shift 1'!E214,'Shift Pagi'!L:L) -> 0
D215: 209 | E215: AA-0515 | F215: AAS-089 | G215: =SUMIF('Shift Pagi'!I:I,'master untuk shift 1'!E215,'Shift Pagi'!L:L) -> 0 | H215: PRESS-Ds | I215: =SUMIF('Shift Pagi'!I:I,'master untuk shift 1'!E215,'Shift Pagi'!L:L) -> 0
... D238: 232 | E238: NTS-022/313 | F238: NTS-022 | G238: =SUMIF('Shift Pagi'!I:I,'master untuk shift 1'!E238,'Shift Pagi'!L:L) -> 0 | H238: PRESS-A | I238: =SUMIF('Shift Pagi'!I:I,'master untuk shift 1'!E238,'Shift Pagi'!L:L) -> 0
D239: 233 | E239: GT-5154 | F239: GT-5154 | G239: =SUMIF('Shift Pagi'!I:I,'master untuk shift 1'!E239,'Shift Pagi'!L:L) -> 450 | H239: PRESS-A | I239: =SUMIF('Shift Pagi'!I:I,'master untuk shift 1'!E239,'Shift Pagi'!L:L) -> 450 | J239: D53711 BZ071-00 | K239: GT-5154 & K-1056=APRON FRT FENDER RH
D240: 234 | E240: GT-5154 | F240: GT-5156 | G240: =SUMIF('Shift Pagi'!I:I,'master untuk shift 1'!E240,'Shift Pagi'!L:L) -> 450 | H240: PRESS-A | I240: =SUMIF('Shift Pagi'!I:I,'master untuk shift 1'!E240,'Shift Pagi'!L:L) -> 450 | J240: D53711 BZ081-00 | K240: GT-5155 & K-1058=APRON FRT FENDER RH
D241: 235 | E241: GT-6082 | F241: GT-6082 | G241: =SUMIF('Shift Pagi'!I:I,'master untuk shift 1'!E241,'Shift Pagi'!L:L) -> 120 | H241: PRESS-A | I241: =SUMIF('Shift Pagi'!I:I,'master untuk shift 1'!E241,'Shift Pagi'!L:L) -> 120 | J241: D53711 BZ070-00 | K241: K-1056=APRON FRT FENDER RH
D242: 236 | E242: GT-6082 | F242: GT-5157 | G242: =SUMIF('Shift Pagi'!I:I,'master untuk shift 1'!E242,'Shift Pagi'!L:L) -> 120 | H242: PRESS-A | I242: =SUMIF('Shift Pagi'!I:I,'master untuk shift 1'!E242,'Shift Pagi'!L:L) -> 120 | J242: D53712 BZ070-00 | K242: K-1057=APRON FRT FENDER LH
D243: 237 | E243: K-4051 BLK | F243: K4051(BLANKING) | G243: =SUMIF('Shift Pagi'!I:I,'master untuk shift 1'!E243,'Shift Pagi'!L:L) -> 0 | H243: PRESS-D | I243: =SUMIF('Shift Pagi'!I:I,'master untuk shift 1'!E243,'Shift Pagi'!L:L) -> 0 | J243: D53711 BZ080-00 | K243: K-1058=APRON FRT FENDER RH
D244: 238 | E244: RC-1739 FNS | F244: RC-1739 | G244: =SUMIF('Shift Pagi'!I:I,'master untuk shift 1'!E244,'Shift Pagi'!L:L) -> 0 | H244: PRESS-B | I244: =SUMIF('Shift Pagi'!I:I,'master untuk shift 1'!E244,'Shift Pagi'!L:L) -> 0 | J244: D53712 BZ080-00 | K244: K-1059=APRON FRT FENDER LH
D245: 239 | E245: RC-1739 FNS | F245: RC-1740 | G245: =SUMIF('Shift Pagi'!I:I,'master untuk shift 1'!E245,'Shift Pagi'!L:L) -> 0 | H245: PRESS-B | I245: =SUMIF('Shift Pagi'!I:I,'master untuk shift 1'!E245,'Shift Pagi'!L:L) -> 0 | J245: D53711 BZ210-00 | K245: GT-5243=APRON, FR FENDER, RH
D246: 240 | E246: AAS-001/2 FNS | F246: AAS-001 | G246: =SUMIF('Shift Pagi'!I:I,'master untuk shift 1'!E246,'Shift Pagi'!L:L) -> 0 | H246: PRESS-B | I246: =SUMIF('Shift Pagi'!I:I,'master untuk shift 1'!E246,'Shift Pagi'!L:L) -> 0 | J246: D53711 BZ220-00 | K246: GT-5244=APRON, FR FENDER, RH
D247: 241 | E247: AAS-001/2 FNS | F247: AAS-002 | G247: =SUMIF('Shift Pagi'!I:I,'master untuk shift 1'!E247,'Shift Pagi'!L:L) -> 0 | H247: PRESS-B | I247: =SUMIF('Shift Pagi'!I:I,'master untuk shift 1'!E247,'Shift Pagi'!L:L) -> 0 | J247: D53711 BZ270-00 | K247: GT-6082=APRON FRT FENDER RH
D248: 242 | E248: GT-6246 FNS | F248: GT-6246 | G248: =SUMIF('Shift Pagi'!I:I,'master untuk shift 1'!E248,'Shift Pagi'!L:L) -> 0 | H248: PRESS-D | I248: =SUMIF('Shift Pagi'!I:I,'master untuk shift 1'!E248,'Shift Pagi'!L:L) -> 0 | J248: D53712 BZ090-00 | K248: K-1061=APRON FRT FENDER LH
D249: 243 | E249: GT-6246 FNS | F249: GT-6247 | G249: =SUMIF('Shift Pagi'!I:I,'master untuk shift 1'!E249,'Shift Pagi'!L:L) -> 0 | H249: PRESS-D | I249: =SUMIF('Shift Pagi'!I:I,'master untuk shift 1'!E249,'Shift Pagi'!L:L) -> 0 | J249: AAS-001 | K249: DV53715 BZ010
D250: 244 | E250: G-034 | F250: G-034 | G250: =SUMIF('Shift Pagi'!I:I,'master untuk shift 1'!E250,'Shift Pagi'!L:L) -> 0 | H250: PRESS-B | I250: =SUMIF('Shift Pagi'!I:I,'master untuk shift 1'!E250,'Shift Pagi'!L:L) -> 0 | J250: AAS-002 | K250: DV53716 BZ010
D251: 245 | E251: G-035 FNS | F251: G-035 | G251: =SUMIF('Shift Pagi'!I:I,'master untuk shift 1'!E251,'Shift Pagi'!L:L) -> 0 | H251: PRESS-B | I251: =SUMIF('Shift Pagi'!I:I,'master untuk shift 1'!E251,'Shift Pagi'!L:L) -> 0
D252: 246 | E252: K4084 | F252: K-4084 | G252: =SUMIF('Shift Pagi'!I:I,'master untuk shift 1'!E252,'Shift Pagi'!L:L) -> 0 | H252: PRESS-C | I252: =SUMIF('Shift Pagi'!I:I,'master untuk shift 1'!E252,'Shift Pagi'!L:L) -> 0
D253: 247 | E253: K1016 | F253: K-1016 | G253: =SUMIF('Shift Pagi'!I:I,'master untuk shift 1'!E253,'Shift Pagi'!L:L) -> 0 | H253: PRESS-D | I253: =SUMIF('Shift Pagi'!I:I,'master untuk shift 1'!E253,'Shift Pagi'!L:L) -> 0
D254: 248 | E254: K1017 | F254: K-1017 | G254: =SUMIF('Shift Pagi'!I:I,'master untuk shift 1'!E254,'Shift Pagi'!L:L) -> 0 | H254: PRESS-D | I254: =SUMIF('Shift Pagi'!I:I,'master untuk shift 1'!E254,'Shift Pagi'!L:L) -> 0
D255: 249 | E255: K1119 | F255: K-1119 | G255: =SUMIF('Shift Pagi'!I:I,'master untuk shift 1'!E255,'Shift Pagi'!L:L) -> 0 | H255: PRESS-D | I255: =SUMIF('Shift Pagi'!I:I,'master untuk shift 1'!E255,'Shift Pagi'!L:L) -> 0
D256: 250 | E256: K1015 | F256: GT-6273 | G256: =SUMIF('Shift Pagi'!I:I,'master untuk shift 1'!E256,'Shift Pagi'!L:L) -> 0 | H256: PRESS-D | I256: =SUMIF('Shift Pagi'!I:I,'master untuk shift 1'!E256,'Shift Pagi'!L:L) -> 0
D257: 251 | E257: T1005 | F257: T-1005 | G257: =SUMIF('Shift Pagi'!I:I,'master untuk shift 1'!E257,'Shift Pagi'!L:L) -> 0 | H257: PRESS-A | I257: =SUMIF('Shift Pagi'!I:I,'master untuk shift 1'!E257,'Shift Pagi'!L:L) -> 0
D258: 252 | E258: T1006 | F258: T-1006 | G258: =SUMIF('Shift Pagi'!I:I,'master untuk shift 1'!E258,'Shift Pagi'!L:L) -> 0 | H258: PRESS-A | I258: =SUMIF('Shift Pagi'!I:I,'master untuk shift 1'!E258,'Shift Pagi'!L:L) -> 0
D259: 253 | E259: T4013 | F259: T-4013 | G259: =SUMIF('Shift Pagi'!I:I,'master untuk shift 1'!E259,'Shift Pagi'!L:L) -> 0 | H259: PRESS-A | I259: =SUMIF('Shift Pagi'!I:I,'master untuk shift 1'!E259,'Shift Pagi'!L:L) -> 0
D260: 254 | E260: T4013 | F260: T-4014 | G260: =SUMIF('Shift Pagi'!I:I,'master untuk shift 1'!E260,'Shift Pagi'!L:L) -> 0 | H260: PRESS-A | I260: =SUMIF('Shift Pagi'!I:I,'master untuk shift 1'!E260,'Shift Pagi'!L:L) -> 0
D261: 255 | E261: T4023 | F261: T-4023 | G261: =SUMIF('Shift Pagi'!I:I,'master untuk shift 1'!E261,'Shift Pagi'!L:L) -> 0 | H261: PRESS-A | I261: =SUMIF('Shift Pagi'!I:I,'master untuk shift 1'!E261,'Shift Pagi'!L:L) -> 0
D262: 256 | E262: T4023 | F262: T-4024 | G262: =SUMIF('Shift Pagi'!I:I,'master untuk shift 1'!E262,'Shift Pagi'!L:L) -> 0 | H262: PRESS-A | I262: =SUMIF('Shift Pagi'!I:I,'master untuk shift 1'!E262,'Shift Pagi'!L:L) -> 0
... D325: 319 | E325: K-1083 | F325: K-1083 | G325: =SUMIF('Shift Pagi'!I:I,'master untuk shift 1'!E325,'Shift Pagi'!L:L) -> 0 | H325: PRESS-A | I325: =SUMIF('Shift Pagi'!I:I,'master untuk shift 1'!E325,'Shift Pagi'!L:L) -> 0
E326: G-003 | F326: G-003 | G326: =SUMIF('Shift Pagi'!I:I,'master untuk shift 1'!E326,'Shift Pagi'!L:L) -> 120 | H326: PRESS-Bs | I326: =SUMIF('Shift Pagi'!I:I,'master untuk shift 1'!E326,'Shift Pagi'!L:L) -> 120
E327: /2 | F327: G-002 | G327: =SUMIF('Shift Pagi'!I:I,'master untuk shift 1'!E327,'Shift Pagi'!L:L) -> 0 | H327: PRESS-Bs | I327: =SUMIF('Shift Pagi'!I:I,'master untuk shift 1'!E327,'Shift Pagi'!L:L) -> 0
E328: /4 | F328: G-004 | G328: =SUMIF('Shift Pagi'!I:I,'master untuk shift 1'!E328,'Shift Pagi'!L:L) -> 0 | H328: PRESS-Bs | I328: =SUMIF('Shift Pagi'!I:I,'master untuk shift 1'!E328,'Shift Pagi'!L:L) -> 0
E329: AES-003 FNS | F329: AES-003 | G329: =SUMIF('Shift Pagi'!I:I,'master untuk shift 1'!E329,'Shift Pagi'!L:L) -> 0 | H329: PRESS-B | I329: =SUMIF('Shift Pagi'!I:I,'master untuk shift 1'!E329,'Shift Pagi'!L:L) -> 0
E330: AES-003 FNS | F330: AES-004 | G330: =SUMIF('Shift Pagi'!I:I,'master untuk shift 1'!E330,'Shift Pagi'!L:L) -> 0 | H330: PRESS-B | I330: =SUMIF('Shift Pagi'!I:I,'master untuk shift 1'!E330,'Shift Pagi'!L:L) -> 0
E331: J-3001 | F331: J-3001 | G331: =SUMIF('Shift Pagi'!I:I,'master untuk shift 1'!E331,'Shift Pagi'!L:L) -> 0 | H331: PRESS-C | I331: =SUMIF('Shift Pagi'!I:I,'master untuk shift 1'!E331,'Shift Pagi'!L:L) -> 0
E332: J-3004 | F332: J-3004 | G332: =SUMIF('Shift Pagi'!I:I,'master untuk shift 1'!E332,'Shift Pagi'!L:L) -> 0 | H332: PRESS-C | I332: =SUMIF('Shift Pagi'!I:I,'master untuk shift 1'!E332,'Shift Pagi'!L:L) -> 0
E333: K1150 FNS | F333: GT-6194 | G333: =SUMIF('Shift Pagi'!I:I,'master untuk shift 1'!E333,'Shift Pagi'!L:L) -> 0 | H333: PRESS-A | I333: =SUMIF('Shift Pagi'!I:I,'master untuk shift 1'!E333,'Shift Pagi'!L:L) -> 0
E334: K1155 FNS | F334: GT-6196 | G334: =SUMIF('Shift Pagi'!I:I,'master untuk shift 1'!E334,'Shift Pagi'!L:L) -> 0 | H334: PRESS-D | I334: =SUMIF('Shift Pagi'!I:I,'master untuk shift 1'!E334,'Shift Pagi'!L:L) -> 0
E335: K1152 FNS | F335: GT-6194 | G335: =SUMIF('Shift Pagi'!I:I,'master untuk shift 1'!E335,'Shift Pagi'!L:L) -> 0 | H335: PRESS-A | I335: =SUMIF('Shift Pagi'!I:I,'master untuk shift 1'!E335,'Shift Pagi'!L:L) -> 0
E336: K1157 FNS | F336: GT-6196 | G336: =SUMIF('Shift Pagi'!I:I,'master untuk shift 1'!E336,'Shift Pagi'!L:L) -> 0 | H336: PRESS-D | I336: =SUMIF('Shift Pagi'!I:I,'master untuk shift 1'!E336,'Shift Pagi'!L:L) -> 0
D337: 211 | E337: G-003N FNS | F337: G-003N | G337: =SUMIF('Shift Pagi'!I:I,'master untuk shift 1'!E337,'Shift Pagi'!L:L) -> 0 | H337: PRESS-Bs | I337: =SUMIF('Shift Pagi'!I:I,'master untuk shift 1'!E337,'Shift Pagi'!L:L) -> 0
D338: 212 | E338: G-003N FNS | F338: G-004N | G338: =SUMIF('Shift Pagi'!I:I,'master untuk shift 1'!E338,'Shift Pagi'!L:L) -> 0 | H338: PRESS-Bs | I338: =SUMIF('Shift Pagi'!I:I,'master untuk shift 1'!E338,'Shift Pagi'!L:L) -> 0
E339: PH-031GU | F339: PH-031GU | G339: =SUMIF('Shift Pagi'!I:I,'master untuk shift 1'!E339,'Shift Pagi'!L:L) -> 300 | H339: PRESS-B
E340: PH-024N | F340: PH-024N | G340: =SUMIF('Shift Pagi'!I:I,'master untuk shift 1'!E340,'Shift Pagi'!L:L) -> 0 | H340: PRESS-B

Sheet master untuk shift 2
D4: MASTER UNTUK PEMBUATAN PO
D6: NO | E6: JOB MASTER SCHEDULE | F6: JOB NO UNTUK PO | G6: QTY | H6: LINE
D7: 1 | E7: NX-2892 | F7: NX-2892 | G7: =SUMIF('Shift Malam'!I:I,'master untuk shift 2'!E7,'Shift Malam'!L:L) -> 0 | H7: PRESS-A | I7: =SUMIF('Shift Malam'!I:I,'master untuk shift 2'!E:E,'Shift Malam'!L:L) -> 0
D8: 2 | E8: NX-2893 | F8: NX-2893 | G8: =SUMIF('Shift Malam'!I:I,'master untuk shift 2'!E8,'Shift Malam'!L:L) -> 0 | H8: PRESS-A | I8: =SUMIF('Shift Malam'!I:I,'master untuk shift 2'!E:E,'Shift Malam'!L:L) -> 0
D9: 3 | E9: NX-0541 | F9: NX-0541 | G9: =SUMIF('Shift Malam'!I:I,'master untuk shift 2'!E9,'Shift Malam'!L:L) -> 0 | H9: PRESS-A | I9: =SUMIF('Shift Malam'!I:I,'master untuk shift 2'!E:E,'Shift Malam'!L:L) -> 0
D10: 4 | E10: NX-0541 | F10: NX-4837 | G10: =SUMIF('Shift Malam'!I:I,'master untuk shift 2'!E10,'Shift Malam'!L:L) -> 0 | H10: PRESS-A | I10: =SUMIF('Shift Malam'!I:I,'master untuk shift 2'!E:E,'Shift Malam'!L:L) -> 0
D11: 5 | E11: NX-2902 | F11: NX-2902 | G11: =SUMIF('Shift Malam'!I:I,'master untuk shift 2'!E11,'Shift Malam'!L:L) -> 0 | H11: PRESS-A | I11: =SUMIF('Shift Malam'!I:I,'master untuk shift 2'!E:E,'Shift Malam'!L:L) -> 0
D12: 6 | E12: GT-2518 | F12: GT-2518 | G12: =SUMIF('Shift Malam'!I:I,'master untuk shift 2'!E12,'Shift Malam'!L:L) -> 0 | H12: PRESS-C | I12: =SUMIF('Shift Malam'!I:I,'master untuk shift 2'!E:E,'Shift Malam'!L:L) -> 0
D13: 7 | E13: GT-2519 | F13: GT-2519 | G13: =SUMIF('Shift Malam'!I:I,'master untuk shift 2'!E13,'Shift Malam'!L:L) -> 0 | H13: PRESS-C | I13: =SUMIF('Shift Malam'!I:I,'master untuk shift 2'!E:E,'Shift Malam'!L:L) -> 0
D14: 8 | E14: GT-2520 | F14: GT-2520 | G14: =SUMIF('Shift Malam'!I:I,'master untuk shift 2'!E14,'Shift Malam'!L:L) -> 0 | H14: PRESS-C | I14: =SUMIF('Shift Malam'!I:I,'master untuk shift 2'!E:E,'Shift Malam'!L:L) -> 0
D15: 9 | E15: SC-0767 | F15: SC-0767 | G15: =SUMIF('Shift Malam'!I:I,'master untuk shift 2'!E15,'Shift Malam'!L:L) -> 0 | H15: PRESS-B | I15: =SUMIF('Shift Malam'!I:I,'master untuk shift 2'!E:E,'Shift Malam'!L:L) -> 0
D16: 10 | E16: SC-0767 | F16: SC-0768 | G16: =SUMIF('Shift Malam'!I:I,'master untuk shift 2'!E16,'Shift Malam'!L:L) -> 0 | H16: PRESS-B | I16: =SUMIF('Shift Malam'!I:I,'master untuk shift 2'!E:E,'Shift Malam'!L:L) -> 0
D17: 11 | E17: PB-017 | F17: PB-017 | G17: =SUMIF('Shift Malam'!I:I,'master untuk shift 2'!E17,'Shift Malam'!L:L) -> 0 | H17: PRESS-D | I17: =SUMIF('Shift Malam'!I:I,'master untuk shift 2'!E:E,'Shift Malam'!L:L) -> 0
D18: 12 | E18: PB-070 | F18: PB-070 | G18: =SUMIF('Shift Malam'!I:I,'master untuk shift 2'!E18,'Shift Malam'!L:L) -> 0 | H18: PRESS-B | I18: =SUMIF('Shift Malam'!I:I,'master untuk shift 2'!E:E,'Shift Malam'!L:L) -> 0
... D82: 76 | E82: IB-010 | F82: IB-010 | G82: =SUMIF('Shift Malam'!I:I,'master untuk shift 2'!E82,'Shift Malam'!L:L) -> 0 | H82: PRESS-D | I82: =SUMIF('Shift Malam'!I:I,'master untuk shift 2'!E:E,'Shift Malam'!L:L) -> 0
D83: 77 | E83: NA-053 FNS | F83: NA-053/T213/T213E | G83: =SUMIF('Shift Malam'!I:I,'master untuk shift 2'!E83,'Shift Malam'!L:L) -> 0 | H83: PRESS-B | I83: =SUMIF('Shift Malam'!I:I,'master untuk shift 2'!E:E,'Shift Malam'!L:L) -> 0 | K83: T213
D84: 78 | E84: NA-053 FNS | F84: NA-056/T214/T214E | G84: =SUMIF('Shift Malam'!I:I,'master untuk shift 2'!E84,'Shift Malam'!L:L) -> 0 | H84: PRESS-B | I84: =SUMIF('Shift Malam'!I:I,'master untuk shift 2'!E:E,'Shift Malam'!L:L) -> 0 | K84: T213E
D85: 79 | E85: AE-0090 FNS | F85: AE-0090 | G85: =SUMIF('Shift Malam'!I:I,'master untuk shift 2'!E85,'Shift Malam'!L:L) -> 0 | H85: PRESS-B | I85: =SUMIF('Shift Malam'!I:I,'master untuk shift 2'!E:E,'Shift Malam'!L:L) -> 0 | K85: NA-053
D86: 80 | E86: AE-0091 FNS | F86: AE-0091 | G86: =SUMIF('Shift Malam'!I:I,'master untuk shift 2'!E86,'Shift Malam'!L:L) -> 0 | H86: PRESS-B | I86: =SUMIF('Shift Malam'!I:I,'master untuk shift 2'!E:E,'Shift Malam'!L:L) -> 0 | K86: T227
D87: 81 | E87: AES-001 FNS | F87: AES-001 | G87: =SUMIF('Shift Malam'!I:I,'master untuk shift 2'!E87,'Shift Malam'!L:L) -> 0 | H87: PRESS-B | I87: =SUMIF('Shift Malam'!I:I,'master untuk shift 2'!E:E,'Shift Malam'!L:L) -> 0 | K87: NA-054
D88: 82 | E88: AES-048 FNS | F88: AES-048 | G88: =SUMIF('Shift Malam'!I:I,'master untuk shift 2'!E88,'Shift Malam'!L:L) -> 0 | H88: PRESS-B | I88: =SUMIF('Shift Malam'!I:I,'master untuk shift 2'!E:E,'Shift Malam'!L:L) -> 0 | K88: T231
D89: 83 | E89: AES-002 FNS | F89: AES-002 | G89: =SUMIF('Shift Malam'!I:I,'master untuk shift 2'!E89,'Shift Malam'!L:L) -> 0 | H89: PRESS-B | I89: =SUMIF('Shift Malam'!I:I,'master untuk shift 2'!E:E,'Shift Malam'!L:L) -> 0 | K89: NA-055
D90: 84 | E90: AES-006 FNS | F90: AES-006 | G90: =SUMIF('Shift Malam'!I:I,'master untuk shift 2'!E90,'Shift Malam'!L:L) -> 0 | H90: PRESS-B | I90: =SUMIF('Shift Malam'!I:I,'master untuk shift 2'!E:E,'Shift Malam'!L:L) -> 0 | K90: T214
D91: 85 | E91: AES-016 FNS | F91: AES-016 | G91: =SUMIF('Shift Malam'!I:I,'master untuk shift 2'!E91,'Shift Malam'!L:L) -> 0 | H91: PRESS-B | I91: =SUMIF('Shift Malam'!I:I,'master untuk shift 2'!E:E,'Shift Malam'!L:L) -> 0 | K91: NA-056
D92: 86 | E92: AES-017 FNS | F92: AES-017 | G92: =SUMIF('Shift Malam'!I:I,'master untuk shift 2'!E92,'Shift Malam'!L:L) -> 0 | H92: PRESS-B | I92: =SUMIF('Shift Malam'!I:I,'master untuk shift 2'!E:E,'Shift Malam'!L:L) -> 0 | K92: T214
D93: 87 | E93: IB-050 | F93: IB-050 | G93: =SUMIF('Shift Malam'!I:I,'master untuk shift 2'!E93,'Shift Malam'!L:L) -> 0 | H93: PRESS-Ds | I93: =SUMIF('Shift Malam'!I:I,'master untuk shift 2'!E:E,'Shift Malam'!L:L) -> 0
D94: 88 | E94: IB-077 | F94: IB-077 | G94: =SUMIF('Shift Malam'!I:I,'master untuk shift 2'!E94,'Shift Malam'!L:L) -> 0 | H94: PRESS-Ds | I94: =SUMIF('Shift Malam'!I:I,'master untuk shift 2'!E:E,'Shift Malam'!L:L) -> 0
D95: 89 | E95: G-013- | F95: G-014 | G95: =SUMIF('Shift Malam'!I:I,'master untuk shift 2'!E95,'Shift Malam'!L:L) -> 0 | H95: PRESS-Bs | I95: =SUMIF('Shift Malam'!I:I,'master untuk shift 2'!E:E,'Shift Malam'!L:L) -> 0
D96: 90 | E96: G-015- | F96: G-016 | G96: =SUMIF('Shift Malam'!I:I,'master untuk shift 2'!E96,'Shift Malam'!L:L) -> 0 | H96: PRESS-Bs | I96: =SUMIF('Shift Malam'!I:I,'master untuk shift 2'!E:E,'Shift Malam'!L:L) -> 0
D97: 91 | E97: G-013- | F97: G-013 | G97: =SUMIF('Shift Malam'!I:I,'master untuk shift 2'!E97,'Shift Malam'!L:L) -> 0 | H97: PRESS-Bs | I97: =SUMIF('Shift Malam'!I:I,'master untuk shift 2'!E:E,'Shift Malam'!L:L) -> 0
D98: 92 | E98: G-015- | F98: G-015 | G98: =SUMIF('Shift Malam'!I:I,'master untuk shift 2'!E98,'Shift Malam'!L:L) -> 0 | H98: PRESS-Bs | I98: =SUMIF('Shift Malam'!I:I,'master untuk shift 2'!E:E,'Shift Malam'!L:L) -> 0
D99: 93 | E99: G-013 | F99: G-014 | G99: =SUMIF('Shift Malam'!I:I,'master untuk shift 2'!E99,'Shift Malam'!L:L) -> 0 | H99: PRESS-Bs | I99: =SUMIF('Shift Malam'!I:I,'master untuk shift 2'!E:E,'Shift Malam'!L:L) -> 0
D100: 94 | E100: G-015 | F100: G-016 | G100: =SUMIF('Shift Malam'!I:I,'master untuk shift 2'!E100,'Shift Malam'!L:L) -> 0 | H100: PRESS-Bs | I100: =SUMIF('Shift Malam'!I:I,'master untuk shift 2'!E:E,'Shift Malam'!L:L) -> 0
D101: 95 | E101: G-013 | F101: G-013 | G101: =SUMIF('Shift Malam'!I:I,'master untuk shift 2'!E101,'Shift Malam'!L:L) -> 0 | H101: PRESS-Bs | I101: =SUMIF('Shift Malam'!I:I,'master untuk shift 2'!E:E,'Shift Malam'!L:L) -> 0
D102: 96 | E102: G-015 | F102: G-015 | G102: =SUMIF('Shift Malam'!I:I,'master untuk shift 2'!E102,'Shift Malam'!L:L) -> 0 | H102: PRESS-Bs | I102: =SUMIF('Shift Malam'!I:I,'master untuk shift 2'!E:E,'Shift Malam'!L:L) -> 0
D103: 97 | E103: G-028 | F103: G-028 | G103: =SUMIF('Shift Malam'!I:I,'master untuk shift 2'!E103,'Shift Malam'!L:L) -> 0 | H103: PRESS-Bs | I103: =SUMIF('Shift Malam'!I:I,'master untuk shift 2'!E:E,'Shift Malam'!L:L) -> 0
D104: 98 | E104: G-029 | F104: G-029 | G104: =SUMIF('Shift Malam'!I:I,'master untuk shift 2'!E104,'Shift Malam'!L:L) -> 0 | H104: PRESS-Bs | I104: =SUMIF('Shift Malam'!I:I,'master untuk shift 2'!E:E,'Shift Malam'!L:L) -> 0
... D202: 196 | E202: AES-029 FNS | F202: AES-029 | G202: =SUMIF('Shift Malam'!I:I,'master untuk shift 2'!E202,'Shift Malam'!L:L) -> 0 | H202: PRESS-B | I202: =SUMIF('Shift Malam'!I:I,'master untuk shift 2'!E:E,'Shift Malam'!L:L) -> 0
D203: 197 | E203: AES-029 FNS | F203: AES-034 | G203: =SUMIF('Shift Malam'!I:I,'master untuk shift 2'!E203,'Shift Malam'!L:L) -> 0 | H203: PRESS-B | I203: =SUMIF('Shift Malam'!I:I,'master untuk shift 2'!E:E,'Shift Malam'!L:L) -> 0 | J203: 100
D204: 198 | E204: AES-028 FNS | F204: AES-033 | G204: =SUMIF('Shift Malam'!I:I,'master untuk shift 2'!E204,'Shift Malam'!L:L) -> 0 | H204: PRESS-B | I204: =SUMIF('Shift Malam'!I:I,'master untuk shift 2'!E:E,'Shift Malam'!L:L) -> 0
D205: 199 | E205: AES-034 FNS | F205: AES-034 | G205: =SUMIF('Shift Malam'!I:I,'master untuk shift 2'!E205,'Shift Malam'!L:L) -> 0 | H205: PRESS-B | I205: =SUMIF('Shift Malam'!I:I,'master untuk shift 2'!E:E,'Shift Malam'!L:L) -> 0
D206: 200 | E206: NXS-015 | F206: NXS-015 | G206: =SUMIF('Shift Malam'!I:I,'master untuk shift 2'!E206,'Shift Malam'!L:L) -> 0 | H206: PRESS-Ds | I206: =SUMIF('Shift Malam'!I:I,'master untuk shift 2'!E:E,'Shift Malam'!L:L) -> 0
D207: 201 | E207: NXS-015 | F207: NXS-016 | G207: =SUMIF('Shift Malam'!I:I,'master untuk shift 2'!E207,'Shift Malam'!L:L) -> 0 | H207: PRESS-Ds | I207: =SUMIF('Shift Malam'!I:I,'master untuk shift 2'!E:E,'Shift Malam'!L:L) -> 0
D208: 202 | E208: AAS-057 | F208: AAS-057 | G208: =SUMIF('Shift Malam'!I:I,'master untuk shift 2'!E208,'Shift Malam'!L:L) -> 0 | H208: PRESS-Bs | I208: =SUMIF('Shift Malam'!I:I,'master untuk shift 2'!E:E,'Shift Malam'!L:L) -> 0
D209: 203 | E209: NXS-033 | F209: NXS-033 | G209: =SUMIF('Shift Malam'!I:I,'master untuk shift 2'!E209,'Shift Malam'!L:L) -> 0 | H209: PRESS-Ds | I209: =SUMIF('Shift Malam'!I:I,'master untuk shift 2'!E:E,'Shift Malam'!L:L) -> 0
D210: 204 | E210: NXS-034 | F210: NXS-034 | G210: =SUMIF('Shift Malam'!I:I,'master untuk shift 2'!E210,'Shift Malam'!L:L) -> 0 | H210: PRESS-Ds | I210: =SUMIF('Shift Malam'!I:I,'master untuk shift 2'!E:E,'Shift Malam'!L:L) -> 0
D211: 205 | E211: NXS-035 | F211: NXS-035 | G211: =SUMIF('Shift Malam'!I:I,'master untuk shift 2'!E211,'Shift Malam'!L:L) -> 0 | H211: PRESS-Ds | I211: =SUMIF('Shift Malam'!I:I,'master untuk shift 2'!E:E,'Shift Malam'!L:L) -> 0
D212: 206 | E212: NXS-036 | F212: NXS-036 | G212: =SUMIF('Shift Malam'!I:I,'master untuk shift 2'!E212,'Shift Malam'!L:L) -> 0 | H212: PRESS-Ds | I212: =SUMIF('Shift Malam'!I:I,'master untuk shift 2'!E:E,'Shift Malam'!L:L) -> 0
D213: 207 | E213: AAS-050 FNS | F213: AAS-050 | G213: =SUMIF('Shift Malam'!I:I,'master untuk shift 2'!E213,'Shift Malam'!L:L) -> 0 | H213: PRESS-Bs | I213: =SUMIF('Shift Malam'!I:I,'master untuk shift 2'!E:E,'Shift Malam'!L:L) -> 0
D214: 208 | E214: AAS-051 FNS | F214: AAS-051 | G214: =SUMIF('Shift Malam'!I:I,'master untuk shift 2'!E214,'Shift Malam'!L:L) -> 0 | H214: PRESS-Bs | I214: =SUMIF('Shift Malam'!I:I,'master untuk shift 2'!E:E,'Shift Malam'!L:L) -> 0
D215: 209 | E215: AA-0515 | F215: AAS-089 | G215: =SUMIF('Shift Malam'!I:I,'master untuk shift 2'!E215,'Shift Malam'!L:L) -> 0 | H215: PRESS-Ds | I215: =SUMIF('Shift Malam'!I:I,'master untuk shift 2'!E:E,'Shift Malam'!L:L) -> 0
... D237: 231 | E237: NX-2949 | F237: NX-2949 | G237: =SUMIF('Shift Malam'!I:I,'master untuk shift 2'!E237,'Shift Malam'!L:L) -> 0 | H237: PRESS-A | I237: =SUMIF('Shift Malam'!I:I,'master untuk shift 2'!E:E,'Shift Malam'!L:L) -> 0
D238: 232 | E238: NTS-022/313 | F238: NTS-022 | G238: =SUMIF('Shift Malam'!I:I,'master untuk shift 2'!E238,'Shift Malam'!L:L) -> 0 | H238: PRESS-A | I238: =SUMIF('Shift Malam'!I:I,'master untuk shift 2'!E:E,'Shift Malam'!L:L) -> 0 | J238: D53711 BZ071-00 | K238: GT-5154 & K-1056=APRON FRT FENDER RH
D239: 233 | E239: GT-5154 | F239: GT-5154 | G239: =SUMIF('Shift Malam'!I:I,'master untuk shift 2'!E239,'Shift Malam'!L:L) -> 0 | H239: PRESS-C | I239: =SUMIF('Shift Malam'!I:I,'master untuk shift 2'!E:E,'Shift Malam'!L:L) -> 0 | J239: D53711 BZ081-00 | K239: GT-5155 & K-1058=APRON FRT FENDER RH
D240: 234 | E240: GT-5154 | F240: GT-5156 | G240: =SUMIF('Shift Malam'!I:I,'master untuk shift 2'!E240,'Shift Malam'!L:L) -> 0 | H240: PRESS-C | I240: =SUMIF('Shift Malam'!I:I,'master untuk shift 2'!E:E,'Shift Malam'!L:L) -> 0 | J240: D53711 BZ070-00 | K240: K-1056=APRON FRT FENDER RH
D241: 235 | E241: GT-6082 | F241: GT-6082 | G241: =SUMIF('Shift Malam'!I:I,'master untuk shift 2'!E241,'Shift Malam'!L:L) -> 0 | H241: PRESS-C | I241: =SUMIF('Shift Malam'!I:I,'master untuk shift 2'!E:E,'Shift Malam'!L:L) -> 0 | J241: D53712 BZ070-00 | K241: K-1057=APRON FRT FENDER LH
D242: 236 | E242: GT-6082 | F242: GT-5157 | G242: =SUMIF('Shift Malam'!I:I,'master untuk shift 2'!E242,'Shift Malam'!L:L) -> 0 | H242: PRESS-C | I242: =SUMIF('Shift Malam'!I:I,'master untuk shift 2'!E:E,'Shift Malam'!L:L) -> 0 | J242: D53711 BZ080-00 | K242: K-1058=APRON FRT FENDER RH
D243: 237 | E243: K-4051 BLK | F243: K4051(BLANKING) | G243: =SUMIF('Shift Malam'!I:I,'master untuk shift 2'!E243,'Shift Malam'!L:L) -> 0 | H243: PRESS-D | I243: =SUMIF('Shift Malam'!I:I,'master untuk shift 2'!E:E,'Shift Malam'!L:L) -> 0 | J243: D53712 BZ080-00 | K243: K-1059=APRON FRT FENDER LH
D244: 238 | E244: RC-1739 FNS | F244: RC-1739 | G244: =SUMIF('Shift Malam'!I:I,'master untuk shift 2'!E244,'Shift Malam'!L:L) -> 0 | H244: PRESS-B | I244: =SUMIF('Shift Malam'!I:I,'master untuk shift 2'!E:E,'Shift Malam'!L:L) -> 0 | J244: D53711 BZ210-00 | K244: GT-5243=APRON, FR FENDER, RH
D245: 239 | E245: RC-1739 FNS | F245: RC-1740 | G245: =SUMIF('Shift Malam'!I:I,'master untuk shift 2'!E245,'Shift Malam'!L:L) -> 0 | H245: PRESS-B | I245: =SUMIF('Shift Malam'!I:I,'master untuk shift 2'!E:E,'Shift Malam'!L:L) -> 0 | J245: D53711 BZ220-00 | K245: GT-5244=APRON, FR FENDER, RH
D246: 240 | E246: AAS-001/2 FNS | F246: AAS-001 | G246: =SUMIF('Shift Malam'!I:I,'master untuk shift 2'!E246,'Shift Malam'!L:L) -> 0 | H246: PRESS-B | I246: =SUMIF('Shift Malam'!I:I,'master untuk shift 2'!E:E,'Shift Malam'!L:L) -> 0 | J246: D53711 BZ270-00 | K246: GT-6082=APRON FRT FENDER RH
D247: 241 | E247: AAS-001/2 FNS | F247: AAS-002 | G247: =SUMIF('Shift Malam'!I:I,'master untuk shift 2'!E247,'Shift Malam'!L:L) -> 0 | H247: PRESS-B | I247: =SUMIF('Shift Malam'!I:I,'master untuk shift 2'!E:E,'Shift Malam'!L:L) -> 0 | J247: D53712 BZ090-00 | K247: K-1061=APRON FRT FENDER LH
D248: 242 | E248: GT-6246 FNS | F248: GT-6246 | G248: =SUMIF('Shift Malam'!I:I,'master untuk shift 2'!E248,'Shift Malam'!L:L) -> 0 | H248: PRESS-D | I248: =SUMIF('Shift Malam'!I:I,'master untuk shift 2'!E:E,'Shift Malam'!L:L) -> 0 | J248: AAS-001 | K248: DV53715 BZ010
D249: 243 | E249: GT-6246 FNS | F249: GT-6247 | G249: =SUMIF('Shift Malam'!I:I,'master untuk shift 2'!E249,'Shift Malam'!L:L) -> 0 | H249: PRESS-D | I249: =SUMIF('Shift Malam'!I:I,'master untuk shift 2'!E:E,'Shift Malam'!L:L) -> 0 | J249: AAS-002 | K249: DV53716 BZ010
D250: 244 | E250: G-034 | F250: G-034 | G250: =SUMIF('Shift Malam'!I:I,'master untuk shift 2'!E250,'Shift Malam'!L:L) -> 0 | H250: PRESS-B | I250: =SUMIF('Shift Malam'!I:I,'master untuk shift 2'!E:E,'Shift Malam'!L:L) -> 0
D251: 245 | E251: G-035 FNS | F251: G-035 | G251: =SUMIF('Shift Malam'!I:I,'master untuk shift 2'!E251,'Shift Malam'!L:L) -> 0 | H251: PRESS-B | I251: =SUMIF('Shift Malam'!I:I,'master untuk shift 2'!E:E,'Shift Malam'!L:L) -> 0
D252: 246 | E252: K4084 | F252: K-4084 | G252: =SUMIF('Shift Malam'!I:I,'master untuk shift 2'!E252,'Shift Malam'!L:L) -> 0 | H252: PRESS-C | I252: =SUMIF('Shift Malam'!I:I,'master untuk shift 2'!E:E,'Shift Malam'!L:L) -> 0
D253: 247 | E253: K1016 | F253: K-1016 | G253: =SUMIF('Shift Malam'!I:I,'master untuk shift 2'!E253,'Shift Malam'!L:L) -> 0 | H253: PRESS-D | I253: =SUMIF('Shift Malam'!I:I,'master untuk shift 2'!E:E,'Shift Malam'!L:L) -> 0
D254: 248 | E254: K1017 | F254: K-1017 | G254: =SUMIF('Shift Malam'!I:I,'master untuk shift 2'!E254,'Shift Malam'!L:L) -> 0 | H254: PRESS-D | I254: =SUMIF('Shift Malam'!I:I,'master untuk shift 2'!E:E,'Shift Malam'!L:L) -> 0
D255: 249 | E255: K1119 | F255: K-1119 | G255: =SUMIF('Shift Malam'!I:I,'master untuk shift 2'!E255,'Shift Malam'!L:L) -> 0 | H255: PRESS-D | I255: =SUMIF('Shift Malam'!I:I,'master untuk shift 2'!E:E,'Shift Malam'!L:L) -> 0
D256: 250 | E256: K1015 | F256: GT-6273 | G256: =SUMIF('Shift Malam'!I:I,'master untuk shift 2'!E256,'Shift Malam'!L:L) -> 0 | H256: PRESS-D | I256: =SUMIF('Shift Malam'!I:I,'master untuk shift 2'!E:E,'Shift Malam'!L:L) -> 0
D257: 251 | E257: T1005 | F257: T-1005 | G257: =SUMIF('Shift Malam'!I:I,'master untuk shift 2'!E257,'Shift Malam'!L:L) -> 0 | H257: PRESS-A | I257: =SUMIF('Shift Malam'!I:I,'master untuk shift 2'!E:E,'Shift Malam'!L:L) -> 0
D258: 252 | E258: T1006 | F258: T-1006 | G258: =SUMIF('Shift Malam'!I:I,'master untuk shift 2'!E258,'Shift Malam'!L:L) -> 0 | H258: PRESS-A | I258: =SUMIF('Shift Malam'!I:I,'master untuk shift 2'!E:E,'Shift Malam'!L:L) -> 0
D259: 253 | E259: T4013 | F259: T-4013 | G259: =SUMIF('Shift Malam'!I:I,'master untuk shift 2'!E259,'Shift Malam'!L:L) -> 0 | H259: PRESS-A | I259: =SUMIF('Shift Malam'!I:I,'master untuk shift 2'!E:E,'Shift Malam'!L:L) -> 0
D260: 254 | E260: T4013 | F260: T-4014 | G260: =SUMIF('Shift Malam'!I:I,'master untuk shift 2'!E260,'Shift Malam'!L:L) -> 0 | H260: PRESS-A | I260: =SUMIF('Shift Malam'!I:I,'master untuk shift 2'!E:E,'Shift Malam'!L:L) -> 0
D261: 255 | E261: T4023 | F261: T-4023 | G261: =SUMIF('Shift Malam'!I:I,'master untuk shift 2'!E261,'Shift Malam'!L:L) -> 0 | H261: PRESS-A | I261: =SUMIF('Shift Malam'!I:I,'master untuk shift 2'!E:E,'Shift Malam'!L:L) -> 0
... D325: 319 | E325: K-1083 | F325: K-1083 | G325: =SUMIF('Shift Malam'!I:I,'master untuk shift 2'!E325,'Shift Malam'!L:L) -> 0 | H325: PRESS-A | I325: =SUMIF('Shift Malam'!I:I,'master untuk shift 2'!E:E,'Shift Malam'!L:L) -> 0
E326: G-003 | F326: G-003 | G326: =SUMIF('Shift Malam'!I:I,'master untuk shift 2'!E326,'Shift Malam'!L:L) -> 0 | H326: PRESS-Bs | I326: =SUMIF('Shift Malam'!I:I,'master untuk shift 2'!E:E,'Shift Malam'!L:L) -> 0
E327: /2 | F327: G-002 | G327: =SUMIF('Shift Malam'!I:I,'master untuk shift 2'!E327,'Shift Malam'!L:L) -> 0 | H327: PRESS-Bs | I327: =SUMIF('Shift Malam'!I:I,'master untuk shift 2'!E:E,'Shift Malam'!L:L) -> 0
E328: /4 | F328: G-004 | G328: =SUMIF('Shift Malam'!I:I,'master untuk shift 2'!E328,'Shift Malam'!L:L) -> 0 | H328: PRESS-Bs | I328: =SUMIF('Shift Malam'!I:I,'master untuk shift 2'!E:E,'Shift Malam'!L:L) -> 0
E329: AES-003 FNS | F329: AES-003 | G329: =SUMIF('Shift Malam'!I:I,'master untuk shift 2'!E329,'Shift Malam'!L:L) -> 0 | H329: PRESS-B | I329: =SUMIF('Shift Malam'!I:I,'master untuk shift 2'!E:E,'Shift Malam'!L:L) -> 0
E330: AES-003 FNS | F330: AES-004 | G330: =SUMIF('Shift Malam'!I:I,'master untuk shift 2'!E330,'Shift Malam'!L:L) -> 0 | H330: PRESS-B | I330: =SUMIF('Shift Malam'!I:I,'master untuk shift 2'!E:E,'Shift Malam'!L:L) -> 0
E331: J-3001 | F331: J-3001 | G331: =SUMIF('Shift Malam'!I:I,'master untuk shift 2'!E331,'Shift Malam'!L:L) -> 0 | H331: PRESS-C | I331: =SUMIF('Shift Malam'!I:I,'master untuk shift 2'!E:E,'Shift Malam'!L:L) -> 0
E332: J-3004 | F332: J-3004 | G332: =SUMIF('Shift Malam'!I:I,'master untuk shift 2'!E332,'Shift Malam'!L:L) -> 0 | H332: PRESS-C | I332: =SUMIF('Shift Malam'!I:I,'master untuk shift 2'!E:E,'Shift Malam'!L:L) -> 0
E333: K1150 FNS | F333: GT-6194 | G333: =SUMIF('Shift Malam'!I:I,'master untuk shift 2'!E333,'Shift Malam'!L:L) -> 0 | H333: PRESS-A | I333: =SUMIF('Shift Malam'!I:I,'master untuk shift 2'!E:E,'Shift Malam'!L:L) -> 0
E334: K1155 FNS | F334: GT-6196 | G334: =SUMIF('Shift Malam'!I:I,'master untuk shift 2'!E334,'Shift Malam'!L:L) -> 0 | H334: PRESS-A | I334: =SUMIF('Shift Malam'!I:I,'master untuk shift 2'!E:E,'Shift Malam'!L:L) -> 0
E335: K1152 FNS | F335: GT-6194 | G335: =SUMIF('Shift Malam'!I:I,'master untuk shift 2'!E335,'Shift Malam'!L:L) -> 0 | H335: PRESS-A | I335: =SUMIF('Shift Malam'!I:I,'master untuk shift 2'!E:E,'Shift Malam'!L:L) -> 0
E336: K1157 FNS | F336: GT-6196 | G336: =SUMIF('Shift Malam'!I:I,'master untuk shift 2'!E336,'Shift Malam'!L:L) -> 0 | H336: PRESS-A | I336: =SUMIF('Shift Malam'!I:I,'master untuk shift 2'!E:E,'Shift Malam'!L:L) -> 0
E337: G-003N FNS | F337: G-003N | G337: =SUMIF('Shift Malam'!I:I,'master untuk shift 2'!E337,'Shift Malam'!L:L) -> 0 | H337: PRESS-Bs | I337: =SUMIF('Shift Malam'!I:I,'master untuk shift 2'!E:E,'Shift Malam'!L:L) -> 0
E338: G-003N FNS | F338: G-004N | G338: =SUMIF('Shift Malam'!I:I,'master untuk shift 2'!E338,'Shift Malam'!L:L) -> 0 | H338: PRESS-Bs | I338: =SUMIF('Shift Malam'!I:I,'master untuk shift 2'!E:E,'Shift Malam'!L:L) -> 0
E339: PH-031GU | F339: PH-031GU | G339: =SUMIF('Shift Malam'!I:I,'master untuk shift 2'!E339,'Shift Malam'!L:L) -> 0 | H339: PRESS-B
E340: PH-024N | F340: PH-024N | G340: =SUMIF('Shift Malam'!I:I,'master untuk shift 2'!E340,'Shift Malam'!L:L) -> 0 | H340: PRESS-B
I341: PRESS-A

Sheet Shift Pagi
AH2: FISM -PRO-01-03-01
E3: PPC SECTION
E4: PPLC DEPARTMENT
C5: PERMINTAAN HARIAN STAMPING
R7: QCC DAY KAMIS JAM 11;00 SAMPE JAM 11:45
R9: SPORT DAY RABU JAM 16:30 SAMPE JAM 18:00
R13: ISTIRAHAT SORE RAMADHAN
A15: =VLOOKUP($I15,MASTER!$B:$B,2,0) -> #N/A | C15: PRESS A | R15: ISTIRAHAT SORE | AA15: SHIFT | AB15: JAM | AD15: TOTAL
A16: =VLOOKUP($I16,MASTER!$B:$B,2,0) -> #N/A | R16: BREAKTIME | AB16: KERJA | AC16: MENIT | AD16: MENIT
A17: =VLOOKUP($I17,MASTER!$B:$B,2,0) -> #N/A | C17: Hari | D17: : Selasa Pagi | L17: DISTRIBUSI KE: | R17: ISTIRAHAT JUMAT | AA17: 1 | AB17: 8 | AC17: 60 | AD17: =+AB17*AC17 -> 480
A18: =VLOOKUP($I18,MASTER!$B:$B,2,0) -> #N/A | C18: Tgl | D18: : 05-Mei-2026 | L18: PROD | N18: IFP | P18: IRM | R18: CINGKORAK | W18: DS | AA18: OT | AC18: 60 | AD18: =+AB18*AC18 -> 0
A19: =VLOOKUP($I19,MASTER!$B:$B,2,0) -> #N/A | C19: Jam | D19: : 07:30 - 16:15 WIB | R19: ISTIRAHAT SIANG | AD19: 460
A20: =VLOOKUP($I20,MASTER!$B:$B,2,0) -> #N/A | C20: NO. | D20: JOB MASTER | E20: TYPE PLT | F20: QTY/ PLT | G20: KEB. MTL | H20: TOTAL PLT | I20: JOB NO. | K20: EACH PART | L20: PLAN | M20: OK | N20: REPAIR | O20: REJECT | P20: TOTAL MESIN | Q20: CT (") | R20: PROCESS TIME | S20: REG. ACTIVE | T20: DCT | U20: MCT | W20: PLAN DCT | X20: TPT | Y20: GSPH/ ITEM | Z20: START | AA20: FINISH | AB20: ACT START | AC20: ACT FINISH | AD20: KETERANGAN | AE20: A-1 | AF20: A-2 | AG20: A-3 | AH20: A-4 | AI20: DT (MENIT) | AJ20: TOTAL DT (MENIT) | AL20: JOB NO | AM20: IN | AN20: TPT | AR20: 0.31597222
A21: =VLOOKUP($I21,MASTER!$B:$B,2,0) -> #N/A | AR21: 0.69791664
A22: =VLOOKUP($I22,MASTER!$B:$B,2,0) -> #N/A | D22: =IF($I22="","",VLOOKUP($I22,MASTER!$G:$CF,2,0)) -> GT-6196 | E22: =IF($I22="","",VLOOKUP($I22,MASTER!$G:$CF,25,0)) -> R | F22: =IF($I22="","",VLOOKUP($I22,MASTER!$G:$CF,27,0)) -> 50 | G22: =+L22 -> 300 | H22: =IF($L22<$F22="0","0",IF($L22="","",ROUNDUP(L22/F22,1))) -> 6 | I22: K1155 | L22: 300 | P22: =IF($I22="","",VLOOKUP($I22,MASTER!$G:$CF,65,0)) -> 4 | Q22: 8 | R22: =IF(L22="","",+Q22*L22/60) -> 40 | T22: =IF($I22="","",VLOOKUP($I22,MASTER!$G:$CF,38,0)) -> 8 | V22: =IF(I22="","",SUM(R22:T22)) -> 48 | W22: =IF(I22="","",(S22+T22)*P22) -> 32 | X22: =IF(V22="","",ROUNDUP(V22,0)) -> 48 | Y22: =+L22/X22*60 -> 375 | Z22: 0.31944444 | AA22: =IF(I22="","",Z22+X22/1440) -> 0.35277778 | AE22: =IFERROR(IF($I22="","",VLOOKUP($I22,MASTER!$G:$CF,48,0))*$X22,0) -> 48 | AF22: =IFERROR(IF($I22="","",VLOOKUP($I22,MASTER!$G:$CF,49,0))*$X22,0) -> 48 | AG22: =IFERROR(IF($I22="","",VLOOKUP($I22,MASTER!$G:$CF,50,0))*$X22,0) -> 48 | AH22: =IFERROR(IF($I22="","",VLOOKUP($I22,MASTER!$G:$CF,51,0))*$X22,0) -> 48 | AK22: =IF(L22="",0,P22*L22) -> 1200 | AL22: =I22 -> K1155 | AM22: =Z22 -> 0.31944444 | AN22: =IF(L22="","",L22*P22) -> 1200 | AO22: =IF(X22="","",X22*P22) -> 192 | AP22: =+X22/(60*24) -> 0.033333333
A23: =VLOOKUP($I23,MASTER!$B:$B,2,0) -> #N/A | D23: =IF($I23="","",VLOOKUP($I23,MASTER!$G:$CF,2,0)) -> GT-6197 GAL | E23: =IF($I23="","",VLOOKUP($I23,MASTER!$G:$CF,25,0)) -> R | F23: =IF($I23="","",VLOOKUP($I23,MASTER!$G:$CF,27,0)) -> 50 | G23: =+L23 -> 250 | H23: =IF($L23<$F23="0","0",IF($L23="","",ROUNDUP(L23/F23,1))) -> 5 | I23: K1157 | L23: 250 | P23: =IF($I23="","",VLOOKUP($I23,MASTER!$G:$CF,65,0)) -> 4 | Q23: 8 | R23: =IF(L23="","",+Q23*L23/60) -> 33.333333 | T23: =IF($I23="","",VLOOKUP($I23,MASTER!$G:$CF,38,0)) -> 8 | V23: =IF(I23="","",SUM(R23:T23)) -> 41.333333 | W23: =IF(I23="","",(S23+T23)*P23) -> 32 | X23: =IF(V23="","",ROUNDUP(V23,0)) -> 42 | Y23: =+L23/X23*60 -> 357.14286 | Z23: =+AA22 -> 0.35277778 | AA23: =IF(I23="","",Z23+X23/1440) -> 0.38194444 | AE23: =IFERROR(IF($I23="","",VLOOKUP($I23,MASTER!$G:$CF,48,0))*$X23,0) -> 42 | AF23: =IFERROR(IF($I23="","",VLOOKUP($I23,MASTER!$G:$CF,49,0))*$X23,0) -> 42 | AG23: =IFERROR(IF($I23="","",VLOOKUP($I23,MASTER!$G:$CF,50,0))*$X23,0) -> 42 | AH23: =IFERROR(IF($I23="","",VLOOKUP($I23,MASTER!$G:$CF,51,0))*$X23,0) -> 42 | AK23: =IF(L23="",0,P23*L23) -> 1000 | AL23: =I23 -> K1157 | AM23: =Z23 -> 0.35277778 | AN23: =IF(L23="","",L23*P23) -> 1000 | AO23: =IF(X23="","",X23*P23) -> 168 | AP23: =+X23/(60*24) -> 0.029166667
A24: =VLOOKUP($I24,MASTER!$B:$B,2,0) -> #N/A | D24: =IF($I24="","",VLOOKUP($I24,MASTER!$G:$CF,2,0)) -> AES-023 | E24: =IF($I24="","",VLOOKUP($I24,MASTER!$G:$CF,25,0)) -> KHS | F24: =IF($I24="","",VLOOKUP($I24,MASTER!$G:$CF,27,0)) -> 240 | G24: =+L24 -> 480 | H24: =IF($L24<$F24="0","0",IF($L24="","",ROUNDUP(L24/F24,1))) -> 2 | I24: AES-023 WIP | L24: 480 | N24: =+L24 -> 480 | P24: =IF($I24="","",VLOOKUP($I24,MASTER!$G:$CF,65,0)) -> 4 | Q24: 6.5 | R24: =IF(L24="","",+Q24*L24/60) -> 52 | T24: =IF($I24="","",VLOOKUP($I24,MASTER!$G:$CF,38,0)) -> 7 | V24: =IF(I24="","",SUM(R24:T24)) -> 59 | W24: =IF(I24="","",(S24+T24)*P24) -> 28 | X24: =IF(V24="","",ROUNDUP(V24,0)) -> 59 | Y24: =+L24/X24*60 -> 488.13559 | Z24: =+AA23 -> 0.38194444 | AA24: =IF(I24="","",Z24+X24/1440) -> 0.42291667 | AE24: =IFERROR(IF($I24="","",VLOOKUP($I24,MASTER!$G:$CF,48,0))*$X24,0) -> 59 | AF24: =IFERROR(IF($I24="","",VLOOKUP($I24,MASTER!$G:$CF,49,0))*$X24,0) -> 59 | AG24: =IFERROR(IF($I24="","",VLOOKUP($I24,MASTER!$G:$CF,50,0))*$X24,0) -> 59 | AH24: =IFERROR(IF($I24="","",VLOOKUP($I24,MASTER!$G:$CF,51,0))*$X24,0) -> 59 | AK24: =IF(L24="",0,P24*L24) -> 1920 | AL24: =I24 -> AES-023 WIP | AM24: =Z24 -> 0.38194444 | AN24: =IF(L24="","",L24*P24) -> 1920 | AO24: =IF(X24="","",X24*P24) -> 236 | AP24: =+X24/(60*24) -> 0.040972222
A25: =VLOOKUP($I25,MASTER!$B:$B,2,0) -> #N/A | D25: =IF($I25="","",VLOOKUP($I25,MASTER!$G:$CF,2,0)) -> AES-028 WIP | E25: =IF($I25="","",VLOOKUP($I25,MASTER!$G:$CF,25,0)) -> D | F25: =IF($I25="","",VLOOKUP($I25,MASTER!$G:$CF,27,0)) -> 240 | G25: =+L25 -> 480 | H25: =IF($L25<$F25="0","0",IF($L25="","",ROUNDUP(L25/F25,1))) -> 2 | I25: AES-028 WIP | L25: 480 | N25: =+L25 -> 480 | P25: =IF($I25="","",VLOOKUP($I25,MASTER!$G:$CF,65,0)) -> 4 | Q25: 6.5 | R25: =IF(L25="","",+Q25*L25/60) -> 52 | T25: =IF($I25="","",VLOOKUP($I25,MASTER!$G:$CF,38,0)) -> 7 | V25: =IF(I25="","",SUM(R25:T25)) -> 59 | W25: =IF(I25="","",(S25+T25)*P25) -> 28 | X25: =IF(V25="","",ROUNDUP(V25,0)) -> 59 | Y25: =+L25/X25*60 -> 488.13559 | Z25: =+AA24 -> 0.42291667 | AA25: =IF(I25="","",Z25+X25/1440) -> 0.46388889 | AE25: =IFERROR(IF($I25="","",VLOOKUP($I25,MASTER!$G:$CF,48,0))*$X25,0) -> 59 | AF25: =IFERROR(IF($I25="","",VLOOKUP($I25,MASTER!$G:$CF,49,0))*$X25,0) -> 59 | AG25: =IFERROR(IF($I25="","",VLOOKUP($I25,MASTER!$G:$CF,50,0))*$X25,0) -> 59 | AH25: =IFERROR(IF($I25="","",VLOOKUP($I25,MASTER!$G:$CF,51,0))*$X25,0) -> 59 | AK25: =IF(L25="",0,P25*L25) -> 1920 | AL25: =I25 -> AES-028 WIP | AM25: =Z25 -> 0.42291667 | AN25: =IF(L25="","",L25*P25) -> 1920 | AO25: =IF(X25="","",X25*P25) -> 236 | AP25: =+X25/(60*24) -> 0.040972222
A26: =VLOOKUP($I26,MASTER!$B:$B,2,0) -> #N/A | D26: =IF($I26="","",VLOOKUP($I26,MASTER!$G:$CF,2,0)) -> AES-024 | E26: =IF($I26="","",VLOOKUP($I26,MASTER!$G:$CF,25,0)) -> KHS | F26: =IF($I26="","",VLOOKUP($I26,MASTER!$G:$CF,27,0)) -> 240 | G26: =+L26 -> 410 | H26: =IF($L26<$F26="0","0",IF($L26="","",ROUNDUP(L26/F26,1))) -> 1.8 | I26: AES-024 WIP | L26: 410 | P26: =IF($I26="","",VLOOKUP($I26,MASTER!$G:$CF,65,0)) -> 4 | Q26: 6.5 | R26: =IF(L26="","",+Q26*L26/60) -> 44.416667 | T26: =IF($I26="","",VLOOKUP($I26,MASTER!$G:$CF,38,0)) -> 7 | V26: =IF(I26="","",SUM(R26:T26)) -> 51.416667 | W26: =IF(I26="","",(S26+T26)*P26) -> 28 | X26: =IF(V26="","",ROUNDUP(V26,0)) -> 52 | Y26: =+L26/X26*60 -> 473.07692 | Z26: =+AA25 -> 0.46388889 | AA26: =IF(I26="","",Z26+X26/1440) -> 0.5 | AE26: =IFERROR(IF($I26="","",VLOOKUP($I26,MASTER!$G:$CF,48,0))*$X26,0) -> 52 | AF26: =IFERROR(IF($I26="","",VLOOKUP($I26,MASTER!$G:$CF,49,0))*$X26,0) -> 52 | AG26: =IFERROR(IF($I26="","",VLOOKUP($I26,MASTER!$G:$CF,50,0))*$X26,0) -> 52 | AH26: =IFERROR(IF($I26="","",VLOOKUP($I26,MASTER!$G:$CF,51,0))*$X26,0) -> 52 | AK26: =IF(L26="",0,P26*L26) -> 1640 | AL26: =I26 -> AES-024 WIP | AM26: =Z26 -> 0.46388889 | AN26: =IF(L26="","",L26*P26) -> 1640 | AO26: =IF(X26="","",X26*P26) -> 208 | AP26: =+X26/(60*24) -> 0.036111111
A27: =VLOOKUP($I27,MASTER!$B:$B,2,0) -> #N/A | D27: =IF($I27="","",VLOOKUP($I27,MASTER!$G:$CF,2,0)) -> 0 | E27: =IF($I27="","",VLOOKUP($I27,MASTER!$G:$CF,25,0)) -> 0 | F27: =IF($I27="","",VLOOKUP($I27,MASTER!$G:$CF,27,0)) -> 0 | G27: =+L27 -> 0 | H27: =IF($L27<$F27="0","0",IF($L27="","",ROUNDUP(L27/F27,1))) | I27: ISTIRAHAT SIANG | N27: =+L27 -> 0 | P27: =IF($I27="","",VLOOKUP($I27,MASTER!$G:$CF,65,0)) -> 0 | R27: =IF(L27="","",+Q27*L27/60) | T27: =IF($I27="","",VLOOKUP($I27,MASTER!$G:$CF,38,0)) -> 40 | V27: =IF(I27="","",SUM(R27:T27)) -> 40 | W27: =IF(I27="","",(S27+T27)*P27) -> 0 | X27: =IF(V27="","",ROUNDUP(V27,0)) -> 40 | Y27: =+L27/X27*60 -> 0 | Z27: =+AA26 -> 0.5 | AA27: =IF(I27="","",Z27+X27/1440) -> 0.52777778 | AE27: =IFERROR(IF($I27="","",VLOOKUP($I27,MASTER!$G:$CF,48,0))*$X27,0) -> 0 | AF27: =IFERROR(IF($I27="","",VLOOKUP($I27,MASTER!$G:$CF,49,0))*$X27,0) -> 0 | AG27: =IFERROR(IF($I27="","",VLOOKUP($I27,MASTER!$G:$CF,50,0))*$X27,0) -> 0 | AH27: =IFERROR(IF($I27="","",VLOOKUP($I27,MASTER!$G:$CF,51,0))*$X27,0) -> 0 | AK27: =IF(L27="",0,P27*L27) -> 0 | AL27: =I27 -> ISTIRAHAT SIANG | AM27: =Z27 -> 0.5 | AN27: =IF(L27="","",L27*P27) | AO27: =IF(X27="","",X27*P27) -> 0 | AP27: =+X27/(60*24) -> 0.027777778
A28: =VLOOKUP($I28,MASTER!$B:$B,2,0) -> #N/A | D28: =IF($I28="","",VLOOKUP($I28,MASTER!$G:$CF,2,0)) -> AES-024 | E28: =IF($I28="","",VLOOKUP($I28,MASTER!$G:$CF,25,0)) -> KHS | F28: =IF($I28="","",VLOOKUP($I28,MASTER!$G:$CF,27,0)) -> 240 | G28: =+L28 -> 70 | H28: =IF($L28<$F28="0","0",IF($L28="","",ROUNDUP(L28/F28,1))) -> 0.3 | I28: AES-024 WIP | L28: =480-L26 -> 70 | P28: =IF($I28="","",VLOOKUP($I28,MASTER!$G:$CF,65,0)) -> 4 | Q28: 6.5 | R28: =IF(L28="","",+Q28*L28/60) -> 7.5833333 | V28: =IF(I28="","",SUM(R28:T28)) -> 7.5833333 | W28: =IF(I28="","",(S28+T28)*P28) -> 0 | X28: =IF(V28="","",ROUNDUP(V28,0))-1 -> 7 | Y28: =+L28/X28*60 -> 600 | Z28: =+AA27 -> 0.52777778 | AA28: =IF(I28="","",Z28+X28/1440) -> 0.53263889 | AE28: =IFERROR(IF($I28="","",VLOOKUP($I28,MASTER!$G:$CF,48,0))*$X28,0) -> 7 | AF28: =IFERROR(IF($I28="","",VLOOKUP($I28,MASTER!$G:$CF,49,0))*$X28,0) -> 7 | AG28: =IFERROR(IF($I28="","",VLOOKUP($I28,MASTER!$G:$CF,50,0))*$X28,0) -> 7 | AH28: =IFERROR(IF($I28="","",VLOOKUP($I28,MASTER!$G:$CF,51,0))*$X28,0) -> 7 | AK28: =IF(L28="",0,P28*L28) -> 280 | AL28: =I28 -> AES-024 WIP | AM28: =Z28 -> 0.52777778 | AN28: =IF(L28="","",L28*P28) -> 280 | AO28: =IF(X28="","",X28*P28) -> 28 | AP28: =+X28/(60*24) -> 0.0048611111
A29: =VLOOKUP($I29,MASTER!$B:$B,2,0) -> #N/A | D29: =IF($I29="","",VLOOKUP($I29,MASTER!$G:$CF,2,0)) -> IB-094/5 Shoulder 700P | E29: =IF($I29="","",VLOOKUP($I29,MASTER!$G:$CF,25,0)) -> E | F29: =IF($I29="","",VLOOKUP($I29,MASTER!$G:$CF,27,0)) -> 90 | G29: =+L29 -> 240 | H29: =IF($L29<$F29="0","0",IF($L29="","",ROUNDUP(L29/F29,1))) -> 2.7 | I29: IB-094 WIP | L29: 240 | P29: =IF($I29="","",VLOOKUP($I29,MASTER!$G:$CF,65,0)) -> 1 | Q29: =IF($I29="","",VLOOKUP($I29,MASTER!$G:$CF,37,0)) -> 8 | R29: =IF(L29="","",+Q29*L29/60) -> 32 | T29: =IF($I29="","",VLOOKUP($I29,MASTER!$G:$CF,38,0)) -> 5 | V29: =IF(I29="","",SUM(R29:T29)) -> 37 | W29: =IF(I29="","",(S29+T29)*P29) -> 5 | X29: =IF(V29="","",ROUNDUP(V29,0)) -> 37 | Y29: =+L29/X29*60 -> 389.18919 | Z29: =+AA28 -> 0.53263889 | AA29: =IF(I29="","",Z29+X29/1440) -> 0.55833333 | AE29: =IFERROR(IF($I29="","",VLOOKUP($I29,MASTER!$G:$CF,48,0))*$X29,0) -> 37 | AF29: =IFERROR(IF($I29="","",VLOOKUP($I29,MASTER!$G:$CF,49,0))*$X29,0) -> 37 | AG29: =IFERROR(IF($I29="","",VLOOKUP($I29,MASTER!$G:$CF,50,0))*$X29,0) -> 37 | AH29: =IFERROR(IF($I29="","",VLOOKUP($I29,MASTER!$G:$CF,51,0))*$X29,0) -> 37 | AK29: =IF(L29="",0,P29*L29) -> 240 | AL29: =I29 -> IB-094 WIP | AM29: =Z29 -> 0.53263889 | AN29: =IF(L29="","",L29*P29) -> 240 | AO29: =IF(X29="","",X29*P29) -> 37 | AP29: =+X29/(60*24) -> 0.025694444
A30: =VLOOKUP($I30,MASTER!$B:$B,2,0) -> #N/A | D30: =IF($I30="","",VLOOKUP($I30,MASTER!$G:$CF,2,0)) -> IB-099/100 Gusset 700P | E30: =IF($I30="","",VLOOKUP($I30,MASTER!$G:$CF,25,0)) -> E | F30: =IF($I30="","",VLOOKUP($I30,MASTER!$G:$CF,27,0)) -> 90 | G30: =+L30 -> 240 | H30: =IF($L30<$F30="0","0",IF($L30="","",ROUNDUP(L30/F30,1))) -> 2.7 | I30: IB-098 WIP | L30: 240 | P30: =IF($I30="","",VLOOKUP($I30,MASTER!$G:$CF,65,0)) -> 1 | Q30: =IF($I30="","",VLOOKUP($I30,MASTER!$G:$CF,37,0)) -> 8 | R30: =IF(L30="","",+Q30*L30/60) -> 32 | T30: =IF($I30="","",VLOOKUP($I30,MASTER!$G:$CF,38,0)) -> 5 | V30: =IF(I30="","",SUM(R30:T30)) -> 37 | W30: =IF(I30="","",(S30+T30)*P30) -> 5 | X30: =IF(V30="","",ROUNDUP(V30,0)) -> 37 | Y30: =+L30/X30*60 -> 389.18919 | Z30: =+AA29 -> 0.55833333 | AA30: =IF(I30="","",Z30+X30/1440) -> 0.58402778 | AE30: =IFERROR(IF($I30="","",VLOOKUP($I30,MASTER!$G:$CF,48,0))*$X30,0) -> 37 | AF30: =IFERROR(IF($I30="","",VLOOKUP($I30,MASTER!$G:$CF,49,0))*$X30,0) -> 37 | AG30: =IFERROR(IF($I30="","",VLOOKUP($I30,MASTER!$G:$CF,50,0))*$X30,0) -> 37 | AH30: =IFERROR(IF($I30="","",VLOOKUP($I30,MASTER!$G:$CF,51,0))*$X30,0) -> 37 | AK30: =IF(L30="",0,P30*L30) -> 240 | AL30: =I30 -> IB-098 WIP | AM30: =Z30 -> 0.55833333 | AN30: =IF(L30="","",L30*P30) -> 240 | AO30: =IF(X30="","",X30*P30) -> 37 | AP30: =+X30/(60*24) -> 0.025694444
A31: =VLOOKUP($I31,MASTER!$B:$B,2,0) -> #REF! | D31: =IF($I31="","",VLOOKUP($I31,MASTER!$G:$CF,2,0)) -> IB-023/24 | E31: =IF($I31="","",VLOOKUP($I31,MASTER!$G:$CF,25,0)) -> C2 | F31: =IF($I31="","",VLOOKUP($I31,MASTER!$G:$CF,27,0)) -> 240 | G31: =+L31 -> 60 | H31: =IF($L31<$F31="0","0",IF($L31="","",ROUNDUP(L31/F31,1))) -> 0.3 | I31: IB-023 | L31: 60 | P31: =IF($I31="","",VLOOKUP($I31,MASTER!$G:$CF,65,0)) -> 4 | Q31: 6.5 | R31: =IF(L31="","",+Q31*L31/60) -> 6.5 | S31: 45 | T31: =IF($I31="","",VLOOKUP($I31,MASTER!$G:$CF,38,0)) -> 5 | V31: =IF(I31="","",SUM(R31:T31)) -> 56.5 | W31: =IF(I31="","",(S31+T31)*P31) -> 200 | X31: =IF(V31="","",ROUNDUP(V31,0)) -> 57 | Y31: =+L31/X31*60 -> 63.157895 | Z31: =+AA30 -> 0.58402778 | AA31: =IF(I31="","",Z31+X31/1440) -> 0.62361111 | AD31: 45" Trial | AE31: =IFERROR(IF($I31="","",VLOOKUP($I31,MASTER!$G:$CF,48,0))*$X31,0) -> 57 | AF31: =IFERROR(IF($I31="","",VLOOKUP($I31,MASTER!$G:$CF,49,0))*$X31,0) -> 57 | AG31: =IFERROR(IF($I31="","",VLOOKUP($I31,MASTER!$G:$CF,50,0))*$X31,0) -> 57 | AH31: =IFERROR(IF($I31="","",VLOOKUP($I31,MASTER!$G:$CF,51,0))*$X31,0) -> 57 | AK31: =IF(L31="",0,P31*L31) -> 240 | AL31: =I31 -> IB-023 | AM31: =Z31 -> 0.58402778 | AN31: =IF(L31="","",L31*P31) -> 240 | AO31: =IF(X31="","",X31*P31) -> 228 | AP31: =+X31/(60*24) -> 0.039583333
A32: =VLOOKUP($I32,MASTER!$B:$B,2,0) -> #N/A | D32: =IF($I32="","",VLOOKUP($I32,MASTER!$G:$CF,2,0)) -> GT-5154 BLK/ K-1056 | E32: =IF($I32="","",VLOOKUP($I32,MASTER!$G:$CF,25,0)) -> BESI | F32: =IF($I32="","",VLOOKUP($I32,MASTER!$G:$CF,27,0)) -> 250 | G32: =+L32 -> 50 | H32: =IF($L32<$F32="0","0",IF($L32="","",ROUNDUP(L32/F32,1))) -> 0.2 | I32: GT-5154 BLK DRAW1 | L32: 50 | P32: =IF($I32="","",VLOOKUP($I32,MASTER!$G:$CF,65,0)) -> 1 | Q32: =IF($I32="","",VLOOKUP($I32,MASTER!$G:$CF,37,0)) -> 8 | R32: =IF(L32="","",+Q32*L32/60) -> 6.6666667 | T32: =IF($I32="","",VLOOKUP($I32,MASTER!$G:$CF,38,0)) -> 10 | V32: =IF(I32="","",SUM(R32:T32)) -> 16.666667 | W32: =IF(I32="","",(S32+T32)*P32) -> 10 | X32: =IF(V32="","",ROUNDUP(V32,0)) -> 17 | Y32: =+L32/X32*60 -> 176.47059 | Z32: =+AA31 -> 0.62361111 | AA32: =IF(I32="","",Z32+X32/1440) -> 0.63541667 | AE32: =IFERROR(IF($I32="","",VLOOKUP($I32,MASTER!$G:$CF,48,0))*$X32,0) -> 17 | AF32: =IFERROR(IF($I32="","",VLOOKUP($I32,MASTER!$G:$CF,49,0))*$X32,0) -> 0 | AG32: =IFERROR(IF($I32="","",VLOOKUP($I32,MASTER!$G:$CF,50,0))*$X32,0) -> 0 | AH32: =IFERROR(IF($I32="","",VLOOKUP($I32,MASTER!$G:$CF,51,0))*$X32,0) -> 17 | AK32: =IF(L32="",0,P32*L32) -> 50 | AL32: =I32 -> GT-5154 BLK DRAW1 | AM32: =Z32 -> 0.62361111 | AN32: =IF(L32="","",L32*P32) -> 50 | AO32: =IF(X32="","",X32*P32) -> 17 | AP32: =+X32/(60*24) -> 0.011805556
A33: =VLOOKUP($I33,MASTER!$B:$B,2,0) -> #N/A | D33: =IF($I33="","",VLOOKUP($I33,MASTER!$G:$CF,2,0)) -> 0 | E33: =IF($I33="","",VLOOKUP($I33,MASTER!$G:$CF,25,0)) -> 0 | F33: =IF($I33="","",VLOOKUP($I33,MASTER!$G:$CF,27,0)) -> 0 | G33: =+L33 -> 0 | H33: =IF($L33<$F33="0","0",IF($L33="","",ROUNDUP(L33/F33,1))) | I33: CINGKORAK | P33: =IF($I33="","",VLOOKUP($I33,MASTER!$G:$CF,65,0)) -> 0 | R33: =IF(L33="","",+Q33*L33/60) | T33: =IF($I33="","",VLOOKUP($I33,MASTER!$G:$CF,38,0)) -> 15 | V33: =IF(I33="","",SUM(R33:T33)) -> 15 | W33: =IF(I33="","",(S33+T33)*P33) -> 0 | X33: =IF(V33="","",ROUNDUP(V33,0)) -> 15 | Y33: =+L33/X33*60 -> 0 | Z33: =+AA32 -> 0.63541667 | AA33: =IF(I33="","",Z33+X33/1440) -> 0.64583333 | AE33: =IFERROR(IF($I33="","",VLOOKUP($I33,MASTER!$G:$CF,48,0))*$X33,0) -> 0 | AF33: =IFERROR(IF($I33="","",VLOOKUP($I33,MASTER!$G:$CF,49,0))*$X33,0) -> 0 | AG33: =IFERROR(IF($I33="","",VLOOKUP($I33,MASTER!$G:$CF,50,0))*$X33,0) -> 0 | AH33: =IFERROR(IF($I33="","",VLOOKUP($I33,MASTER!$G:$CF,51,0))*$X33,0) -> 0 | AK33: =IF(L33="",0,P33*L33) -> 0 | AL33: =I33 -> CINGKORAK | AM33: =Z33 -> 0.63541667 | AN33: =IF(L33="","",L33*P33) | AO33: =IF(X33="","",X33*P33) -> 0 | AP33: =+X33/(60*24) -> 0.010416667
A34: =VLOOKUP($I34,MASTER!$B:$B,2,0) -> #N/A | D34: =IF($I34="","",VLOOKUP($I34,MASTER!$G:$CF,2,0)) -> GT-5154 BLK/ K-1056 | E34: =IF($I34="","",VLOOKUP($I34,MASTER!$G:$CF,25,0)) -> BESI | F34: =IF($I34="","",VLOOKUP($I34,MASTER!$G:$CF,27,0)) -> 250 | G34: =+L34 -> 335 | H34: =IF($L34<$F34="0","0",IF($L34="","",ROUNDUP(L34/F34,1))) -> 1.4 | I34: GT-5154 BLK DRAW1 | L34: 335 | N34: =+L34 -> 335 | P34: =IF($I34="","",VLOOKUP($I34,MASTER!$G:$CF,65,0)) -> 1 | Q34: 8 | R34: =IF(L34="","",+Q34*L34/60) -> 44.666667 | V34: =IF(I34="","",SUM(R34:T34)) -> 44.666667 | W34: =IF(I34="","",(S34+T34)*P34) -> 0 | X34: =IF(V34="","",ROUNDUP(V34,0)) -> 45 | Y34: =+L34/X34*60 -> 446.66667 | Z34: =+AA33 -> 0.64583333 | AA34: =IF(I34="","",Z34+X34/1440) -> 0.67708333 | AE34: =IFERROR(IF($I34="","",VLOOKUP($I34,MASTER!$G:$CF,48,0))*$X34,0) -> 45 | AF34: =IFERROR(IF($I34="","",VLOOKUP($I34,MASTER!$G:$CF,49,0))*$X34,0) -> 0 | AG34: =IFERROR(IF($I34="","",VLOOKUP($I34,MASTER!$G:$CF,50,0))*$X34,0) -> 0 | AH34: =IFERROR(IF($I34="","",VLOOKUP($I34,MASTER!$G:$CF,51,0))*$X34,0) -> 45 | AK34: =IF(L34="",0,P34*L34) -> 335 | AL34: =I34 -> GT-5154 BLK DRAW1 | AM34: =Z34 -> 0.64583333 | AN34: =IF(L34="","",L34*P34) -> 335 | AO34: =IF(X34="","",X34*P34) -> 45 | AP34: =+X34/(60*24) -> 0.03125
A35: =VLOOKUP($I35,MASTER!$B:$B,2,0) -> #N/A | D35: =IF($I35="","",VLOOKUP($I35,MASTER!$G:$CF,2,0)) -> 0 | E35: =IF($I35="","",VLOOKUP($I35,MASTER!$G:$CF,25,0)) -> 0 | F35: =IF($I35="","",VLOOKUP($I35,MASTER!$G:$CF,27,0)) -> 0 | G35: =+L35 -> 0 | H35: =IF($L35<$F35="0","0",IF($L35="","",ROUNDUP(L35/F35,1))) | I35: BREAKTIME | P35: =IF($I35="","",VLOOKUP($I35,MASTER!$G:$CF,65,0)) -> 0 | R35: =IF(L35="","",+Q35*L35/60) | T35: =IF($I35="","",VLOOKUP($I35,MASTER!$G:$CF,38,0)) -> 15 | V35: =IF(I35="","",SUM(R35:T35)) -> 15 | W35: =IF(I35="","",(S35+T35)*P35) -> 0 | X35: =IF(V35="","",ROUNDUP(V35,0)) -> 15 | Y35: =+L35/X35*60 -> 0 | Z35: =+AA34 -> 0.67708333 | AA35: =IF(I35="","",Z35+X35/1440) -> 0.6875 | AE35: =IFERROR(IF($I35="","",VLOOKUP($I35,MASTER!$G:$CF,48,0))*$X35,0) -> 0 | AF35: =IFERROR(IF($I35="","",VLOOKUP($I35,MASTER!$G:$CF,49,0))*$X35,0) -> 0 | AG35: =IFERROR(IF($I35="","",VLOOKUP($I35,MASTER!$G:$CF,50,0))*$X35,0) -> 0 | AH35: =IFERROR(IF($I35="","",VLOOKUP($I35,MASTER!$G:$CF,51,0))*$X35,0) -> 0 | AK35: =IF(L35="",0,P35*L35) -> 0 | AL35: =I35 -> BREAKTIME | AM35: =Z35 -> 0.67708333 | AN35: =IF(L35="","",L35*P35) | AO35: =IF(X35="","",X35*P35) -> 0 | AP35: =+X35/(60*24) -> 0.010416667
A36: =VLOOKUP($I36,MASTER!$B:$B,2,0) -> #N/A | D36: =IF($I36="","",VLOOKUP($I36,MASTER!$G:$CF,2,0)) -> GT-5154 BLK/ K-1056 | E36: =IF($I36="","",VLOOKUP($I36,MASTER!$G:$CF,25,0)) -> BESI | F36: =IF($I36="","",VLOOKUP($I36,MASTER!$G:$CF,27,0)) -> 250 | G36: =+L36 -> 65 | H36: =IF($L36<$F36="0","0",IF($L36="","",ROUNDUP(L36/F36,1))) -> 0.3 | I36: GT-5154 BLK DRAW1 | L36: =450-L34-L32 -> 65 | P36: =IF($I36="","",VLOOKUP($I36,MASTER!$G:$CF,65,0)) -> 1 | Q36: =IF($I36="","",VLOOKUP($I36,MASTER!$G:$CF,37,0)) -> 8 | R36: =IF(L36="","",+Q36*L36/60) -> 8.6666667 | V36: =IF(I36="","",SUM(R36:T36)) -> 8.6666667 | W36: =IF(I36="","",(S36+T36)*P36) -> 0 | X36: =IF(V36="","",ROUNDUP(V36,0)) -> 9 | Y36: =+L36/X36*60 -> 433.33333 | Z36: =+AA35 -> 0.6875 | AA36: =IF(I36="","",Z36+X36/1440) -> 0.69375 | AE36: =IFERROR(IF($I36="","",VLOOKUP($I36,MASTER!$G:$CF,48,0))*$X36,0) -> 9 | AF36: =IFERROR(IF($I36="","",VLOOKUP($I36,MASTER!$G:$CF,49,0))*$X36,0) -> 0 | AG36: =IFERROR(IF($I36="","",VLOOKUP($I36,MASTER!$G:$CF,50,0))*$X36,0) -> 0 | AH36: =IFERROR(IF($I36="","",VLOOKUP($I36,MASTER!$G:$CF,51,0))*$X36,0) -> 9 | AK36: =IF(L36="",0,P36*L36) -> 65 | AL36: =I36 -> GT-5154 BLK DRAW1 | AM36: =Z36 -> 0.6875 | AN36: =IF(L36="","",L36*P36) -> 65 | AO36: =IF(X36="","",X36*P36) -> 9 | AP36: =+X36/(60*24) -> 0.00625
A37: =VLOOKUP($I37,MASTER!$B:$B,2,0) -> #N/A | D37: =IF($I37="","",VLOOKUP($I37,MASTER!$G:$CF,2,0)) -> GT-6082 BLK/ K-1058 | E37: =IF($I37="","",VLOOKUP($I37,MASTER!$G:$CF,25,0)) -> BESI | F37: =IF($I37="","",VLOOKUP($I37,MASTER!$G:$CF,27,0)) -> 250 | G37: =+L37 -> 120 | H37: =IF($L37<$F37="0","0",IF($L37="","",ROUNDUP(L37/F37,1))) -> 0.5 | I37: GT-6082 BLK DRAW1 | L37: 120 | P37: =IF($I37="","",VLOOKUP($I37,MASTER!$G:$CF,65,0)) -> 1 | Q37: =IF($I37="","",VLOOKUP($I37,MASTER!$G:$CF,37,0)) -> 8 | R37: =IF(L37="","",+Q37*L37/60) -> 16 | T37: =IF($I37="","",VLOOKUP($I37,MASTER!$G:$CF,38,0)) -> 10 | V37: =IF(I37="","",SUM(R37:T37)) -> 26 | W37: =IF(I37="","",(S37+T37)*P37) -> 10 | X37: =IF(V37="","",ROUNDUP(V37,0)) -> 26 | Y37: =+L37/X37*60 -> 276.92308 | Z37: =+AA36 -> 0.69375 | AA37: =IF(I37="","",Z37+X37/1440) -> 0.71180556 | AE37: =IFERROR(IF($I37="","",VLOOKUP($I37,MASTER!$G:$CF,48,0))*$X37,0) -> 26 | AF37: =IFERROR(IF($I37="","",VLOOKUP($I37,MASTER!$G:$CF,49,0))*$X37,0) -> 0 | AG37: =IFERROR(IF($I37="","",VLOOKUP($I37,MASTER!$G:$CF,50,0))*$X37,0) -> 0 | AH37: =IFERROR(IF($I37="","",VLOOKUP($I37,MASTER!$G:$CF,51,0))*$X37,0) -> 26 | AK37: =IF(L37="",0,P37*L37) -> 120 | AL37: =I37 -> GT-6082 BLK DRAW1 | AM37: =Z37 -> 0.69375 | AN37: =IF(L37="","",L37*P37) -> 120 | AO37: =IF(X37="","",X37*P37) -> 26 | AP37: =+X37/(60*24) -> 0.018055556
A38: =VLOOKUP($I38,MASTER!$B:$B,2,0) -> #N/A | D38: =IF($I38="","",VLOOKUP($I38,MASTER!$G:$CF,2,0)) -> GT-5154/5156 FNS | E38: =IF($I38="","",VLOOKUP($I38,MASTER!$G:$CF,25,0)) -> C | F38: =IF($I38="","",VLOOKUP($I38,MASTER!$G:$CF,27,0)) -> 30 | G38: =+L38 -> 100 | H38: =IF($L38<$F38="0","0",IF($L38="","",ROUNDUP(L38/F38,1))) -> 3.4 | I38: GT-5154 | L38: 100 | P38: =IF($I38="","",VLOOKUP($I38,MASTER!$G:$CF,65,0)) -> 4 | Q38: 15 | R38: =IF(L38="","",+Q38*L38/60) -> 25 | T38: 30 | V38: =IF(I38="","",SUM(R38:T38)) -> 55 | W38: =IF(I38="","",(S38+T38)*P38) -> 120 | X38: =IF(V38="","",ROUNDUP(V38,0)) -> 55 | Y38: =+L38/X38*60 -> 109.09091 | Z38: =+AA37 -> 0.71180556 | AA38: =IF(I38="","",Z38+X38/1440) -> 0.75 | AE38: =IFERROR(IF($I38="","",VLOOKUP($I38,MASTER!$G:$CF,48,0))*$X38,0) -> 55 | AF38: =IFERROR(IF($I38="","",VLOOKUP($I38,MASTER!$G:$CF,49,0))*$X38,0) -> 55 | AG38: =IFERROR(IF($I38="","",VLOOKUP($I38,MASTER!$G:$CF,50,0))*$X38,0) -> 55 | AH38: =IFERROR(IF($I38="","",VLOOKUP($I38,MASTER!$G:$CF,51,0))*$X38,0) -> 55 | AK38: =IF(L38="",0,P38*L38) -> 400 | AL38: =I38 -> GT-5154 | AM38: =Z38 -> 0.71180556 | AN38: =IF(L38="","",L38*P38) -> 400 | AO38: =IF(X38="","",X38*P38) -> 220 | AP38: =+X38/(60*24) -> 0.038194444
A39: =VLOOKUP($I39,MASTER!$B:$B,2,0) -> #N/A | D39: =IF($I39="","",VLOOKUP($I39,MASTER!$G:$CF,2,0)) -> 0 | E39: =IF($I39="","",VLOOKUP($I39,MASTER!$G:$CF,25,0)) -> 0 | F39: =IF($I39="","",VLOOKUP($I39,MASTER!$G:$CF,27,0)) -> 0 | G39: =+L39 -> 0 | H39: =IF($L39<$F39="0","0",IF($L39="","",ROUNDUP(L39/F39,1))) | I39: ISTIRAHAT SORE | P39: =IF($I39="","",VLOOKUP($I39,MASTER!$G:$CF,65,0)) -> 0 | R39: =IF(L39="","",+Q39*L39/60) | T39: =IF($I39="","",VLOOKUP($I39,MASTER!$G:$CF,38,0)) -> 30 | V39: =IF(I39="","",SUM(R39:T39)) -> 30 | W39: =IF(I39="","",(S39+T39)*P39) -> 0 | X39: =IF(V39="","",ROUNDUP(V39,0)) -> 30 | Y39: =+L39/X39*60 -> 0 | Z39: =+AA38 -> 0.75 | AA39: =IF(I39="","",Z39+X39/1440) -> 0.77083333 | AE39: =IFERROR(IF($I39="","",VLOOKUP($I39,MASTER!$G:$CF,48,0))*$X39,0) -> 0 | AF39: =IFERROR(IF($I39="","",VLOOKUP($I39,MASTER!$G:$CF,49,0))*$X39,0) -> 0 | AG39: =IFERROR(IF($I39="","",VLOOKUP($I39,MASTER!$G:$CF,50,0))*$X39,0) -> 0 | AH39: =IFERROR(IF($I39="","",VLOOKUP($I39,MASTER!$G:$CF,51,0))*$X39,0) -> 0 | AK39: =IF(L39="",0,P39*L39) -> 0 | AL39: =I39 -> ISTIRAHAT SORE | AM39: =Z39 -> 0.75 | AN39: =IF(L39="","",L39*P39) | AO39: =IF(X39="","",X39*P39) -> 0 | AP39: =+X39/(60*24) -> 0.020833333
A40: =VLOOKUP($I40,MASTER!$B:$B,2,0) -> #N/A | D40: =IF($I40="","",VLOOKUP($I40,MASTER!$G:$CF,2,0)) -> GT-5154/5156 FNS | E40: =IF($I40="","",VLOOKUP($I40,MASTER!$G:$CF,25,0)) -> C | F40: =IF($I40="","",VLOOKUP($I40,MASTER!$G:$CF,27,0)) -> 30 | G40: =+L40 -> 350 | H40: =IF($L40<$F40="0","0",IF($L40="","",ROUNDUP(L40/F40,1))) -> 11.7 | I40: GT-5154 | L40: =450-L38 -> 350 | P40: =IF($I40="","",VLOOKUP($I40,MASTER!$G:$CF,65,0)) -> 4 | Q40: 15 | R40: =IF(L40="","",+Q40*L40/60) -> 87.5 | V40: =IF(I40="","",SUM(R40:T40)) -> 87.5 | W40: =IF(I40="","",(S40+T40)*P40) -> 0 | X40: =IF(V40="","",ROUNDUP(V40,0)) -> 88 | Y40: =+L40/X40*60 -> 238.63636 | Z40: =+AA39 -> 0.77083333 | AA40: =IF(I40="","",Z40+X40/1440) -> 0.83194444 | AE40: =IFERROR(IF($I40="","",VLOOKUP($I40,MASTER!$G:$CF,48,0))*$X40,0) -> 88 | AF40: =IFERROR(IF($I40="","",VLOOKUP($I40,MASTER!$G:$CF,49,0))*$X40,0) -> 88 | AG40: =IFERROR(IF($I40="","",VLOOKUP($I40,MASTER!$G:$CF,50,0))*$X40,0) -> 88 | AH40: =IFERROR(IF($I40="","",VLOOKUP($I40,MASTER!$G:$CF,51,0))*$X40,0) -> 88 | AK40: =IF(L40="",0,P40*L40) -> 1400 | AL40: =I40 -> GT-5154 | AM40: =Z40 -> 0.77083333 | AN40: =IF(L40="","",L40*P40) -> 1400 | AO40: =IF(X40="","",X40*P40) -> 352 | AP40: =+X40/(60*24) -> 0.061111111
A41: =VLOOKUP($I41,MASTER!$B:$B,2,0) -> #N/A | D41: =IF($I41="","",VLOOKUP($I41,MASTER!$G:$CF,2,0)) -> GT-6082/5157 FNS | E41: =IF($I41="","",VLOOKUP($I41,MASTER!$G:$CF,25,0)) -> C | F41: =IF($I41="","",VLOOKUP($I41,MASTER!$G:$CF,27,0)) -> 30 | G41: =+L41 -> 120 | H41: =IF($L41<$F41="0","0",IF($L41="","",ROUNDUP(L41/F41,1))) -> 4 | I41: GT-6082 | L41: 120 | P41: =IF($I41="","",VLOOKUP($I41,MASTER!$G:$CF,65,0)) -> 4 | Q41: 15 | R41: =IF(L41="","",+Q41*L41/60) -> 30 | T41: 30 | V41: =IF(I41="","",SUM(R41:T41)) -> 60 | W41: =IF(I41="","",(S41+T41)*P41) -> 120 | X41: =IF(V41="","",ROUNDUP(V41,0)) -> 60 | Y41: =+L41/X41*60 -> 120 | Z41: =+AA40 -> 0.83194444 | AA41: =IF(I41="","",Z41+X41/1440) -> 0.87361111 | AE41: =IFERROR(IF($I41="","",VLOOKUP($I41,MASTER!$G:$CF,48,0))*$X41,0) -> 60 | AF41: =IFERROR(IF($I41="","",VLOOKUP($I41,MASTER!$G:$CF,49,0))*$X41,0) -> 60 | AG41: =IFERROR(IF($I41="","",VLOOKUP($I41,MASTER!$G:$CF,50,0))*$X41,0) -> 60 | AH41: =IFERROR(IF($I41="","",VLOOKUP($I41,MASTER!$G:$CF,51,0))*$X41,0) -> 60 | AK41: =IF(L41="",0,P41*L41) -> 480 | AL41: =I41 -> GT-6082 | AM41: =Z41 -> 0.83194444 | AN41: =IF(L41="","",L41*P41) -> 480 | AO41: =IF(X41="","",X41*P41) -> 240 | AP41: =+X41/(60*24) -> 0.041666667
A42: =VLOOKUP($I42,MASTER!$B:$B,2,0) -> #N/A | D42: =IF($I42="","",VLOOKUP($I42,MASTER!$G:$CF,2,0)) | E42: =IF($I42="","",VLOOKUP($I42,MASTER!$G:$CF,25,0)) | F42: =IF($I42="","",VLOOKUP($I42,MASTER!$G:$CF,27,0)) | G42: =+L42 -> 0 | H42: =IF($L42<$F42="0","0",IF($L42="","",ROUNDUP(L42/F42,1))) | AA42: =IF(I42="","",Z42+X42/1440) | AE42: =IFERROR(IF($I42="","",VLOOKUP($I42,MASTER!$G:$CF,48,0))*$X42,0) -> 0 | AF42: =IFERROR(IF($I42="","",VLOOKUP($I42,MASTER!$G:$CF,49,0))*$X42,0) -> 0 | AG42: =IFERROR(IF($I42="","",VLOOKUP($I42,MASTER!$G:$CF,50,0))*$X42,0) -> 0 | AH42: =IFERROR(IF($I42="","",VLOOKUP($I42,MASTER!$G:$CF,51,0))*$X42,0) -> 0 | AK42: =IF(L42="",0,P42*L42) -> 0 | AL42: =I42 -> 0 | AM42: =Z42 -> 0 | AN42: =IF(L42="","",L42*P42) | AO42: =IF(X42="","",X42*P42) | AP42: =+X42/(60*24) -> 0
A43: =VLOOKUP($I43,MASTER!$B:$B,2,0) -> #N/A | D43: =IF($I43="","",VLOOKUP($I43,MASTER!$G:$CF,2,0)) | E43: =IF($I43="","",VLOOKUP($I43,MASTER!$G:$CF,25,0)) | F43: =IF($I43="","",VLOOKUP($I43,MASTER!$G:$CF,27,0)) | G43: =+L43 -> 0 | H43: =IF($L43<$F43="0","0",IF($L43="","",ROUNDUP(L43/F43,1))) | P43: =IF($I43="","",VLOOKUP($I43,MASTER!$G:$CF,65,0)) | Q43: =IF($I43="","",VLOOKUP($I43,MASTER!$G:$CF,37,0)) | R43: =IF(L43="","",+Q43*L43/60) | T43: =IF($I43="","",VLOOKUP($I43,MASTER!$G:$CF,38,0)) | V43: =IF(I43="","",SUM(R43:T43)) | W43: =IF(I43="","",(S43+T43)*P43) | X43: =IF(V43="","",ROUNDUP(V43,0)) | Y43: =+L43/X43*60 -> #VALUE! | Z43: =+AA36 -> 0.69375 | AA43: =IF(I43="","",Z43+X43/1440) | AE43: =IFERROR(IF($I43="","",VLOOKUP($I43,MASTER!$G:$CF,48,0))*$X43,0) -> 0 | AF43: =IFERROR(IF($I43="","",VLOOKUP($I43,MASTER!$G:$CF,49,0))*$X43,0) -> 0 | AG43: =IFERROR(IF($I43="","",VLOOKUP($I43,MASTER!$G:$CF,50,0))*$X43,0) -> 0 | AH43: =IFERROR(IF($I43="","",VLOOKUP($I43,MASTER!$G:$CF,51,0))*$X43,0) -> 0 | AK43: =IF(L43="",0,P43*L43) -> 0 | AL43: =I43 -> 0 | AM43: =Z43 -> 0.69375 | AN43: =IF(L43="","",L43*P43) | AO43: =IF(X43="","",X43*P43) | AP43: =+X43/(60*24) -> #VALUE!
A44: =VLOOKUP($I44,MASTER!$B:$B,2,0) -> #N/A | D44: =IF($I44="","",VLOOKUP($I44,MASTER!$G:$CF,2,0)) | E44: =IF($I44="","",VLOOKUP($I44,MASTER!$G:$CF,25,0)) | F44: =IF($I44="","",VLOOKUP($I44,MASTER!$G:$CF,27,0)) | G44: =+L44 -> 0 | H44: =IF($L44<$F44="0","0",IF($L44="","",ROUNDUP(L44/F44,1))) | N44: =+L44 -> 0 | P44: =IF($I44="","",VLOOKUP($I44,MASTER!$G:$CF,65,0)) | Q44: =IF($I44="","",VLOOKUP($I44,MASTER!$G:$CF,37,0)) | R44: =IF(L44="","",+Q44*L44/60) | T44: =IF($I44="","",VLOOKUP($I44,MASTER!$G:$CF,38,0)) | V44: =IF(I44="","",SUM(R44:T44)) | W44: =IF(I44="","",(S44+T44)*P44) | X44: =IF(V44="","",ROUNDUP(V44,0)) | Y44: =+L44/X44*60 -> #VALUE! | AA44: =IF(I44="","",Z44+X44/1440) | AE44: =IFERROR(IF($I44="","",VLOOKUP($I44,MASTER!$G:$CF,48,0))*$X44,0) -> 0 | AF44: =IFERROR(IF($I44="","",VLOOKUP($I44,MASTER!$G:$CF,49,0))*$X44,0) -> 0 | AG44: =IFERROR(IF($I44="","",VLOOKUP($I44,MASTER!$G:$CF,50,0))*$X44,0) -> 0 | AH44: =IFERROR(IF($I44="","",VLOOKUP($I44,MASTER!$G:$CF,51,0))*$X44,0) -> 0 | AK44: =IF(L44="",0,P44*L44) -> 0 | AL44: =I44 -> 0 | AM44: =Z44 -> 0 | AN44: =IF(L44="","",L44*P44) | AO44: =IF(X44="","",X44*P44) | AP44: =+X44/(60*24) -> #VALUE!
A45: =VLOOKUP($I45,MASTER!$B:$B,2,0) -> #N/A | D45: =IF($I45="","",VLOOKUP($I45,MASTER!$G:$CF,2,0)) | E45: =IF($I45="","",VLOOKUP($I45,MASTER!$G:$CF,25,0)) | F45: =IF($I45="","",VLOOKUP($I45,MASTER!$G:$CF,27,0)) | G45: =+L45 -> 0 | H45: =IF($L45<$F45="0","0",IF($L45="","",ROUNDUP(L45/F45,1))) | P45: =IF($I45="","",VLOOKUP($I45,MASTER!$G:$CF,65,0)) | Q45: =IF($I45="","",VLOOKUP($I45,MASTER!$G:$CF,37,0)) | R45: =IF(L45="","",+Q45*L45/60) | T45: =IF($I45="","",VLOOKUP($I45,MASTER!$G:$CF,38,0)) | V45: =IF(I45="","",SUM(R45:T45)) | W45: =IF(I45="","",(S45+T45)*P45) | X45: =IF(V45="","",ROUNDUP(V45,0)) | Y45: =+L45/X45*60 -> #VALUE! | AA45: =IF(I45="","",Z45+X45/1440) | AE45: =IFERROR(IF($I45="","",VLOOKUP($I45,MASTER!$G:$CF,48,0))*$X45,0) -> 0 | AF45: =IFERROR(IF($I45="","",VLOOKUP($I45,MASTER!$G:$CF,49,0))*$X45,0) -> 0 | AG45: =IFERROR(IF($I45="","",VLOOKUP($I45,MASTER!$G:$CF,50,0))*$X45,0) -> 0 | AH45: =IFERROR(IF($I45="","",VLOOKUP($I45,MASTER!$G:$CF,51,0))*$X45,0) -> 0 | AK45: =IF(L45="",0,P45*L45) -> 0 | AL45: =#REF! -> #REF! | AM45: =Z45 -> 0 | AN45: =IF(L45="","",L45*P45) | AO45: =IF(X45="","",X45*P45) | AP45: =+X45/(60*24) -> #VALUE!
A46: =VLOOKUP($I46,MASTER!$B:$B,2,0) -> #N/A | D46: =IF($I46="","",VLOOKUP($I46,MASTER!$G:$CF,2,0)) | E46: =IF($I46="","",VLOOKUP($I46,MASTER!$G:$CF,25,0)) | F46: =IF($I46="","",VLOOKUP($I46,MASTER!$G:$CF,27,0)) | G46: =+L46 -> 0 | H46: =IF($L46<$F46="0","0",IF($L46="","",ROUNDUP(L46/F46,1))) | P46: =IF($I46="","",VLOOKUP($I46,MASTER!$G:$CF,65,0)) | Q46: =IF($I46="","",VLOOKUP($I46,MASTER!$G:$CF,37,0)) | R46: =IF(L46="","",+Q46*L46/60) | T46: =IF($I46="","",VLOOKUP($I46,MASTER!$G:$CF,38,0)) | V46: =IF(I46="","",SUM(R46:T46)) | W46: =IF(I46="","",(S46+T46)*P46) | X46: =IF(V46="","",ROUNDUP(V46,0)) | Y46: =+L46/X46*60 -> #VALUE! | Z46: =+AA45 | AA46: =IF(I46="","",Z46+X46/1440) | AE46: =IFERROR(IF($I46="","",VLOOKUP($I46,MASTER!$G:$CF,48,0))*$X46,0) -> 0 | AF46: =IFERROR(IF($I46="","",VLOOKUP($I46,MASTER!$G:$CF,49,0))*$X46,0) -> 0 | AG46: =IFERROR(IF($I46="","",VLOOKUP($I46,MASTER!$G:$CF,50,0))*$X46,0) -> 0 | AH46: =IFERROR(IF($I46="","",VLOOKUP($I46,MASTER!$G:$CF,51,0))*$X46,0) -> 0 | AK46: =IF(L46="",0,P46*L46) -> 0 | AL46: =I46 -> 0 | AM46: =Z46 | AN46: =IF(L46="","",L46*P46) | AO46: =IF(X46="","",X46*P46) | AP46: =+X46/(60*24) -> #VALUE!
A47: =VLOOKUP($I47,MASTER!$B:$B,2,0) -> #N/A | D47: =IF($I47="","",VLOOKUP($I47,MASTER!$G:$CF,2,0)) | E47: =IF($I47="","",VLOOKUP($I47,MASTER!$G:$CF,25,0)) | F47: =IF($I47="","",VLOOKUP($I47,MASTER!$G:$CF,27,0)) | G47: =+L47 -> 0 | H47: =IF($L47<$F47="0","0",IF($L47="","",ROUNDUP(L47/F47,1))) | P47: =IF($I47="","",VLOOKUP($I47,MASTER!$G:$CF,65,0)) | Q47: =IF($I47="","",VLOOKUP($I47,MASTER!$G:$CF,37,0)) | R47: =IF(L47="","",+Q47*L47/60) | T47: =IF($I47="","",VLOOKUP($I47,MASTER!$G:$CF,38,0)) | V47: =IF(I47="","",SUM(R47:T47)) | W47: =IF(I47="","",(S47+T47)*P47) | X47: =IF(V47="","",ROUNDUP(V47,0)) | Y47: =+L47/X47*60 -> #VALUE! | Z47: =+AA46 | AA47: =IF(I47="","",Z47+X47/1440) | AE47: =IFERROR(IF($I47="","",VLOOKUP($I47,MASTER!$G:$CF,48,0))*$X47,0) -> 0 | AF47: =IFERROR(IF($I47="","",VLOOKUP($I47,MASTER!$G:$CF,49,0))*$X47,0) -> 0 | AG47: =IFERROR(IF($I47="","",VLOOKUP($I47,MASTER!$G:$CF,50,0))*$X47,0) -> 0 | AH47: =IFERROR(IF($I47="","",VLOOKUP($I47,MASTER!$G:$CF,51,0))*$X47,0) -> 0 | AK47: =IF(L47="",0,P47*L47) -> 0 | AL47: =I47 -> 0 | AM47: =Z47 | AN47: =IF(L47="","",L47*P47) | AO47: =IF(X47="","",X47*P47) | AP47: =+X47/(60*24) -> #VALUE!
A48: =VLOOKUP($I48,MASTER!$B:$B,2,0) -> #N/A | D48: =IF($I48="","",VLOOKUP($I48,MASTER!$G:$CF,2,0)) | E48: =IF($I48="","",VLOOKUP($I48,MASTER!$G:$CF,25,0)) | F48: =IF($I48="","",VLOOKUP($I48,MASTER!$G:$CF,27,0)) | G48: =+L48 -> 0 | H48: =IF($L48<$F48="0","0",IF($L48="","",ROUNDUP(L48/F48,1))) | P48: =IF($I48="","",VLOOKUP($I48,MASTER!$G:$CF,65,0)) | Q48: =IF($I48="","",VLOOKUP($I48,MASTER!$G:$CF,37,0)) | R48: =IF(L48="","",+Q48*L48/60) | T48: =IF($I48="","",VLOOKUP($I48,MASTER!$G:$CF,38,0)) | V48: =IF(I48="","",SUM(R48:T48)) | W48: =IF(I48="","",(S48+T48)*P48) | X48: =IF(V48="","",ROUNDUP(V48,0)) | Y48: =+L48/X48*60 -> #VALUE! | Z48: =+AA47 | AA48: =IF(I48="","",Z48+X48/1440) | AE48: =IFERROR(IF($I48="","",VLOOKUP($I48,MASTER!$G:$CF,48,0))*$X48,0) -> 0 | AF48: =IFERROR(IF($I48="","",VLOOKUP($I48,MASTER!$G:$CF,49,0))*$X48,0) -> 0 | AG48: =IFERROR(IF($I48="","",VLOOKUP($I48,MASTER!$G:$CF,50,0))*$X48,0) -> 0 | AH48: =IFERROR(IF($I48="","",VLOOKUP($I48,MASTER!$G:$CF,51,0))*$X48,0) -> 0 | AK48: =IF(L48="",0,P48*L48) -> 0 | AL48: =I48 -> 0 | AM48: =Z48 | AN48: =IF(L48="","",L48*P48) | AO48: =IF(X48="","",X48*P48) | AP48: =+X48/(60*24) -> #VALUE!
A49: =VLOOKUP($I49,MASTER!$B:$B,2,0) -> #N/A | D49: =IF($I49="","",VLOOKUP($I49,MASTER!$G:$CF,2,0)) | E49: =IF($I49="","",VLOOKUP($I49,MASTER!$G:$CF,25,0)) | F49: =IF($I49="","",VLOOKUP($I49,MASTER!$G:$CF,27,0)) | G49: =+L49 -> 0 | H49: =IF($L49<$F49="0","0",IF($L49="","",ROUNDUP(L49/F49,1))) | P49: =IF($I49="","",VLOOKUP($I49,MASTER!$G:$CF,65,0)) | Q49: =IF($I49="","",VLOOKUP($I49,MASTER!$G:$CF,37,0)) | R49: =IF(L49="","",+Q49*L49/60) | T49: =IF($I49="","",VLOOKUP($I49,MASTER!$G:$CF,38,0)) | V49: =IF(I49="","",SUM(R49:T49)) | W49: =IF(I49="","",(S49+T49)*P49) | X49: =IF(V49="","",ROUNDUP(V49,0)) | Y49: =+L49/X49*60 -> #VALUE! | Z49: =+AA48 | AA49: =IF(I49="","",Z49+X49/1440) | AE49: =IFERROR(IF($I49="","",VLOOKUP($I49,MASTER!$G:$CF,48,0))*$X49,0) -> 0 | AF49: =IFERROR(IF($I49="","",VLOOKUP($I49,MASTER!$G:$CF,49,0))*$X49,0) -> 0 | AG49: =IFERROR(IF($I49="","",VLOOKUP($I49,MASTER!$G:$CF,50,0))*$X49,0) -> 0 | AH49: =IFERROR(IF($I49="","",VLOOKUP($I49,MASTER!$G:$CF,51,0))*$X49,0) -> 0 | AK49: =IF(L49="",0,P49*L49) -> 0 | AL49: =I49 -> 0 | AM49: =Z49 | AN49: =IF(L49="","",L49*P49) | AO49: =IF(X49="","",X49*P49) | AP49: =+X49/(60*24) -> #VALUE!
A50: =VLOOKUP($I50,MASTER!$B:$B,2,0) -> #N/A | D50: =IF($I50="","",VLOOKUP($I50,MASTER!$G:$CF,2,0)) | E50: =IF($I50="","",VLOOKUP($I50,MASTER!$G:$CF,25,0)) | F50: =IF($I50="","",VLOOKUP($I50,MASTER!$G:$CF,27,0)) | G50: =+L50 -> 0 | H50: =IF($L50<$F50="0","0",IF($L50="","",ROUNDUP(L50/F50,1))) | P50: =IF($I50="","",VLOOKUP($I50,MASTER!$G:$CF,65,0)) | Q50: =IF($I50="","",VLOOKUP($I50,MASTER!$G:$CF,37,0)) | R50: =IF(L50="","",+Q50*L50/60) | T50: =IF($I50="","",VLOOKUP($I50,MASTER!$G:$CF,38,0)) | V50: =IF(I50="","",SUM(R50:T50)) | W50: =IF(I50="","",(S50+T50)*P50) | X50: =IF(V50="","",ROUNDUP(V50,0)) | Y50: =+L50/X50*60 -> #VALUE! | Z50: =+AA49 | AA50: =IF(I50="","",Z50+X50/1440) | AE50: =IFERROR(IF($I50="","",VLOOKUP($I50,MASTER!$G:$CF,48,0))*$X50,0) -> 0 | AF50: =IFERROR(IF($I50="","",VLOOKUP($I50,MASTER!$G:$CF,49,0))*$X50,0) -> 0 | AG50: =IFERROR(IF($I50="","",VLOOKUP($I50,MASTER!$G:$CF,50,0))*$X50,0) -> 0 | AH50: =IFERROR(IF($I50="","",VLOOKUP($I50,MASTER!$G:$CF,51,0))*$X50,0) -> 0 | AK50: =IF(L50="",0,P50*L50) -> 0 | AL50: =I50 -> 0 | AM50: =Z50 | AN50: =IF(L50="","",L50*P50) | AO50: =IF(X50="","",X50*P50) | AP50: =+X50/(60*24) -> #VALUE!
A51: =VLOOKUP($I51,MASTER!$B:$B,2,0) -> #N/A | D51: =IF($I51="","",VLOOKUP($I51,MASTER!$G:$CF,2,0)) | E51: =IF($I51="","",VLOOKUP($I51,MASTER!$G:$CF,25,0)) | F51: =IF($I51="","",VLOOKUP($I51,MASTER!$G:$CF,27,0)) | G51: =+L51 -> 0 | H51: =IF($L51<$F51="0","0",IF($L51="","",ROUNDUP(L51/F51,1))) | P51: =IF($I51="","",VLOOKUP($I51,MASTER!$G:$CF,65,0)) | Q51: =IF($I51="","",VLOOKUP($I51,MASTER!$G:$CF,37,0)) | R51: =IF(L51="","",+Q51*L51/60) | T51: =IF($I51="","",VLOOKUP($I51,MASTER!$G:$CF,38,0)) | V51: =IF(I51="","",SUM(R51:T51)) | W51: =IF(I51="","",(S51+T51)*P51) | X51: =IF(V51="","",ROUNDUP(V51,0)) | Y51: =+L51/X51*60 -> #VALUE! | Z51: =+AA50 | AA51: =IF(I51="","",Z51+X51/1440) | AE51: =IFERROR(IF($I51="","",VLOOKUP($I51,MASTER!$G:$CF,48,0))*$X51,0) -> 0 | AF51: =IFERROR(IF($I51="","",VLOOKUP($I51,MASTER!$G:$CF,49,0))*$X51,0) -> 0 | AG51: =IFERROR(IF($I51="","",VLOOKUP($I51,MASTER!$G:$CF,50,0))*$X51,0) -> 0 | AH51: =IFERROR(IF($I51="","",VLOOKUP($I51,MASTER!$G:$CF,51,0))*$X51,0) -> 0 | AK51: =IF(L51="",0,P51*L51) -> 0 | AL51: =I51 -> 0 | AM51: =Z51 | AN51: =IF(L51="","",L51*P51) | AO51: =IF(X51="","",X51*P51) | AP51: =+X51/(60*24) -> #VALUE!
A52: =VLOOKUP($I52,MASTER!$B:$B,2,0) -> #N/A | D52: =IF($I52="","",VLOOKUP($I52,MASTER!$G:$CF,2,0)) | E52: =IF($I52="","",VLOOKUP($I52,MASTER!$G:$CF,25,0)) | F52: =IF($I52="","",VLOOKUP($I52,MASTER!$G:$CF,27,0)) | G52: =+L52 -> 0 | H52: =IF($L52<$F52="0","0",IF($L52="","",ROUNDUP(L52/F52,1))) | P52: =IF($I52="","",VLOOKUP($I52,MASTER!$G:$CF,65,0)) | Q52: =IF($I52="","",VLOOKUP($I52,MASTER!$G:$CF,37,0)) | R52: =IF(L52="","",+Q52*L52/60) | T52: =IF($I52="","",VLOOKUP($I52,MASTER!$G:$CF,38,0)) | V52: =IF(I52="","",SUM(R52:T52)) | W52: =IF(I52="","",(S52+T52)*P52) | X52: =IF(V52="","",ROUNDUP(V52,0)) | Y52: =+L52/X52*60 -> #VALUE! | Z52: =+AA51 | AA52: =IF(I52="","",Z52+X52/1440) | AE52: =IFERROR(IF($I52="","",VLOOKUP($I52,MASTER!$G:$CF,48,0))*$X52,0) -> 0 | AF52: =IFERROR(IF($I52="","",VLOOKUP($I52,MASTER!$G:$CF,49,0))*$X52,0) -> 0 | AG52: =IFERROR(IF($I52="","",VLOOKUP($I52,MASTER!$G:$CF,50,0))*$X52,0) -> 0 | AH52: =IFERROR(IF($I52="","",VLOOKUP($I52,MASTER!$G:$CF,51,0))*$X52,0) -> 0 | AK52: =IF(L52="",0,P52*L52) -> 0 | AL52: =I52 -> 0 | AM52: =Z52 | AN52: =IF(L52="","",L52*P52) | AO52: =IF(X52="","",X52*P52) | AP52: =+X52/(60*24) -> #VALUE!
A53: =VLOOKUP($I53,MASTER!$B:$B,2,0) -> #N/A | D53: =IF($I53="","",VLOOKUP($I53,MASTER!$G:$CF,2,0)) | E53: =IF($I53="","",VLOOKUP($I53,MASTER!$G:$CF,25,0)) | F53: =IF($I53="","",VLOOKUP($I53,MASTER!$G:$CF,27,0)) | G53: =+L53 -> 0 | H53: =IF($L53<$F53="0","0",IF($L53="","",ROUNDUP(L53/F53,1))) | N53: =+L53 -> 0 | P53: =IF($I53="","",VLOOKUP($I53,MASTER!$G:$CF,65,0)) | Q53: =IF($I53="","",VLOOKUP($I53,MASTER!$G:$CF,37,0)) | R53: =IF(L53="","",+Q53*L53/60) | T53: =IF($I53="","",VLOOKUP($I53,MASTER!$G:$CF,38,0)) | V53: =IF(I53="","",SUM(R53:T53)) | W53: =IF(I53="","",(S53+T53)*P53) | X53: =IF(V53="","",ROUNDUP(V53,0)) | Y53: =+L53/X53*60 -> #VALUE! | AA53: =IF(I53="","",Z53+X53/1440) | AE53: =IFERROR(IF($I53="","",VLOOKUP($I53,MASTER!$G:$CF,48,0))*$X53,0) -> 0 | AF53: =IFERROR(IF($I53="","",VLOOKUP($I53,MASTER!$G:$CF,49,0))*$X53,0) -> 0 | AG53: =IFERROR(IF($I53="","",VLOOKUP($I53,MASTER!$G:$CF,50,0))*$X53,0) -> 0 | AH53: =IFERROR(IF($I53="","",VLOOKUP($I53,MASTER!$G:$CF,51,0))*$X53,0) -> 0 | AK53: =IF(L53="",0,P53*L53) -> 0 | AL53: =I53 -> 0 | AM53: =Z53 -> 0 | AN53: =IF(L53="","",L53*P53) | AO53: =IF(X53="","",X53*P53) | AP53: =+X53/(60*24) -> #VALUE!
A54: =VLOOKUP($I54,MASTER!$B:$B,2,0) -> #N/A | D54: =IF($I54="","",VLOOKUP($I54,MASTER!$G:$CF,2,0)) | E54: =IF($I54="","",VLOOKUP($I54,MASTER!$G:$CF,25,0)) | F54: =IF($I54="","",VLOOKUP($I54,MASTER!$G:$CF,27,0)) | G54: =+L54 -> 0 | H54: =IF($L54<$F54="0","0",IF($L54="","",ROUNDUP(L54/F54,1))) | N54: =+L54 -> 0 | P54: =IF($I54="","",VLOOKUP($I54,MASTER!$G:$CF,65,0)) | Q54: =IF($I54="","",VLOOKUP($I54,MASTER!$G:$CF,37,0)) | R54: =IF(L54="","",+Q54*L54/60) | T54: =IF($I54="","",VLOOKUP($I54,MASTER!$G:$CF,38,0)) | V54: =IF(I54="","",SUM(R54:T54)) | W54: =IF(I54="","",(S54+T54)*P54) | X54: =IF(V54="","",ROUNDUP(V54,0)) | Y54: =+L54/X54*60 -> #VALUE! | AE54: =IFERROR(IF($I54="","",VLOOKUP($I54,MASTER!$G:$CF,48,0))*$X54,0) -> 0 | AF54: =IFERROR(IF($I54="","",VLOOKUP($I54,MASTER!$G:$CF,49,0))*$X54,0) -> 0 | AG54: =IFERROR(IF($I54="","",VLOOKUP($I54,MASTER!$G:$CF,50,0))*$X54,0) -> 0 | AH54: =IFERROR(IF($I54="","",VLOOKUP($I54,MASTER!$G:$CF,51,0))*$X54,0) -> 0 | AK54: =IF(L54="",0,P54*L54) -> 0 | AL54: =I54 -> 0 | AM54: =Z54 -> 0 | AN54: =IF(L54="","",L54*P54) | AO54: =IF(X54="","",X54*P54) | AP54: =+X54/(60*24) -> #VALUE!
A55: =VLOOKUP($I55,MASTER!$B:$B,2,0) -> #N/A | D55: =IF($I55="","",VLOOKUP($I55,MASTER!$G:$CF,2,0)) | E55: =IF($I55="","",VLOOKUP($I55,MASTER!$G:$CF,25,0)) | F55: =IF($I55="","",VLOOKUP($I55,MASTER!$G:$CF,27,0)) | G55: =+L55 -> 0 | H55: =IF($L55<$F55="0","0",IF($L55="","",ROUNDUP(L55/F55,1))) | P55: =IF($I55="","",VLOOKUP($I55,MASTER!$G:$CF,65,0)) | Q55: =IF($I55="","",VLOOKUP($I55,MASTER!$G:$CF,37,0)) | R55: =IF(L55="","",+Q55*L55/60) | T55: =IF($I55="","",VLOOKUP($I55,MASTER!$G:$CF,38,0)) | V55: =IF(I55="","",SUM(R55:T55)) | W55: =IF(I55="","",(S55+T55)*P55) | X55: =IF(V55="","",ROUNDUP(V55,0)) | Y55: =+L55/X55*60 -> #VALUE! | AE55: =IFERROR(IF($I55="","",VLOOKUP($I55,MASTER!$G:$CF,48,0))*$X55,0) -> 0 | AF55: =IFERROR(IF($I55="","",VLOOKUP($I55,MASTER!$G:$CF,49,0))*$X55,0) -> 0 | AG55: =IFERROR(IF($I55="","",VLOOKUP($I55,MASTER!$G:$CF,50,0))*$X55,0) -> 0 | AH55: =IFERROR(IF($I55="","",VLOOKUP($I55,MASTER!$G:$CF,51,0))*$X55,0) -> 0 | AK55: =IF(L55="",0,P55*L55) -> 0 | AL55: =I55 -> 0 | AM55: =Z55 -> 0 | AN55: =IF(L55="","",L55*P55) | AO55: =IF(X55="","",X55*P55) | AP55: =+X55/(60*24) -> #VALUE!
A56: =VLOOKUP($I56,MASTER!$B:$B,2,0) -> #N/A | D56: =IF($I56="","",VLOOKUP($I56,MASTER!$G:$CF,2,0)) | E56: =IF($I56="","",VLOOKUP($I56,MASTER!$G:$CF,25,0)) | F56: =IF($I56="","",VLOOKUP($I56,MASTER!$G:$CF,27,0)) | G56: =+L56 -> 0 | H56: =IF($L56<$F56="0","0",IF($L56="","",ROUNDUP(L56/F56,1))) | P56: =IF($I56="","",VLOOKUP($I56,MASTER!$G:$CF,65,0)) | Q56: =IF($I56="","",VLOOKUP($I56,MASTER!$G:$CF,37,0)) | R56: =IF(L56="","",+Q56*L56/60) | T56: =IF($I56="","",VLOOKUP($I56,MASTER!$G:$CF,38,0)) | V56: =IF(I56="","",SUM(R56:T56)) | W56: =IF(I56="","",(S56+T56)*P56) | X56: =IF(V56="","",ROUNDUP(V56,0)) | Y56: =+L56/X56*60 -> #VALUE! | AE56: =IFERROR(IF($I56="","",VLOOKUP($I56,MASTER!$G:$CF,48,0))*$X56,0) -> 0 | AF56: =IFERROR(IF($I56="","",VLOOKUP($I56,MASTER!$G:$CF,49,0))*$X56,0) -> 0 | AG56: =IFERROR(IF($I56="","",VLOOKUP($I56,MASTER!$G:$CF,50,0))*$X56,0) -> 0 | AH56: =IFERROR(IF($I56="","",VLOOKUP($I56,MASTER!$G:$CF,51,0))*$X56,0) -> 0 | AK56: =IF(L56="",0,P56*L56) -> 0 | AL56: =I56 -> 0 | AM56: =Z56 -> 0 | AN56: =IF(L56="","",L56*P56) | AO56: =IF(X56="","",X56*P56) | AP56: =+X56/(60*24) -> #VALUE!
A57: =VLOOKUP($I57,MASTER!$B:$B,2,0) -> #N/A | D57: =IF($I57="","",VLOOKUP($I57,MASTER!$G:$CF,2,0)) | E57: =IF($I57="","",VLOOKUP($I57,MASTER!$G:$CF,25,0)) | F57: =IF($I57="","",VLOOKUP($I57,MASTER!$G:$CF,27,0)) | G57: =+L57 -> 0 | H57: =IF($L57<$F57="0","0",IF($L57="","",ROUNDUP(L57/F57,1))) | P57: =IF($I57="","",VLOOKUP($I57,MASTER!$G:$CF,65,0)) | Q57: =IF($I57="","",VLOOKUP($I57,MASTER!$G:$CF,37,0)) | R57: =IF(L57="","",+Q57*L57/60) | T57: =IF($I57="","",VLOOKUP($I57,MASTER!$G:$CF,38,0)) | V57: =IF(I57="","",SUM(R57:T57)) | W57: =IF(I57="","",(S57+T57)*P57) | X57: =IF(V57="","",ROUNDUP(V57,0)) | Y57: =+L57/X57*60 -> #VALUE! | AE57: =IFERROR(IF($I57="","",VLOOKUP($I57,MASTER!$G:$CF,48,0))*$X57,0) -> 0 | AF57: =IFERROR(IF($I57="","",VLOOKUP($I57,MASTER!$G:$CF,49,0))*$X57,0) -> 0 | AG57: =IFERROR(IF($I57="","",VLOOKUP($I57,MASTER!$G:$CF,50,0))*$X57,0) -> 0 | AH57: =IFERROR(IF($I57="","",VLOOKUP($I57,MASTER!$G:$CF,51,0))*$X57,0) -> 0 | AK57: =IF(L57="",0,P57*L57) -> 0 | AL57: =I57 -> 0 | AM57: =Z57 -> 0 | AN57: =IF(L57="","",L57*P57) | AO57: =IF(X57="","",X57*P57) | AP57: =+X57/(60*24) -> #VALUE!
A58: =VLOOKUP($I58,MASTER!$B:$B,2,0) -> #N/A | D58: =IF($I58="","",VLOOKUP($I58,MASTER!$G:$CF,2,0)) | E58: =IF($I58="","",VLOOKUP($I58,MASTER!$G:$CF,25,0)) | F58: =IF($I58="","",VLOOKUP($I58,MASTER!$G:$CF,27,0)) | G58: =+L58 -> 0 | H58: =IF($L58<$F58="0","0",IF($L58="","",ROUNDUP(L58/F58,1))) | N58: =+L58 -> 0 | P58: =IF($I58="","",VLOOKUP($I58,MASTER!$G:$CF,65,0)) | Q58: =IF($I58="","",VLOOKUP($I58,MASTER!$G:$CF,37,0)) | R58: =IF(L58="","",+Q58*L58/60) | T58: =IF($I58="","",VLOOKUP($I58,MASTER!$G:$CF,38,0)) | V58: =IF(I58="","",SUM(R58:T58)) | W58: =IF(I58="","",(S58+T58)*P58) | X58: =IF(V58="","",ROUNDUP(V58,0)) | Y58: =+L58/X58*60 -> #VALUE! | AE58: =IFERROR(IF($I58="","",VLOOKUP($I58,MASTER!$G:$CF,48,0))*$X58,0) -> 0 | AF58: =IFERROR(IF($I58="","",VLOOKUP($I58,MASTER!$G:$CF,49,0))*$X58,0) -> 0 | AG58: =IFERROR(IF($I58="","",VLOOKUP($I58,MASTER!$G:$CF,50,0))*$X58,0) -> 0 | AH58: =IFERROR(IF($I58="","",VLOOKUP($I58,MASTER!$G:$CF,51,0))*$X58,0) -> 0 | AK58: =IF(L58="",0,P58*L58) -> 0 | AL58: =I58 -> 0 | AM58: =Z58 -> 0 | AN58: =IF(L58="","",L58*P58) | AO58: =IF(X58="","",X58*P58) | AP58: =+X58/(60*24) -> #VALUE!
A59: =VLOOKUP($I59,MASTER!$B:$B,2,0) -> #N/A | D59: =IF($I59="","",VLOOKUP($I59,MASTER!$G:$CF,2,0)) | E59: =IF($I59="","",VLOOKUP($I59,MASTER!$G:$CF,25,0)) | F59: =IF($I59="","",VLOOKUP($I59,MASTER!$G:$CF,27,0)) | G59: =+L59 -> 0 | H59: =IF($L59<$F59="0","0",IF($L59="","",ROUNDUP(L59/F59,1))) | N59: =+L59 -> 0 | P59: =IF($I59="","",VLOOKUP($I59,MASTER!$G:$CF,65,0)) | Q59: =IF($I59="","",VLOOKUP($I59,MASTER!$G:$CF,37,0)) | R59: =IF(L59="","",+Q59*L59/60) | T59: =IF($I59="","",VLOOKUP($I59,MASTER!$G:$CF,38,0)) | V59: =IF(I59="","",SUM(R59:T59)) | W59: =IF(I59="","",(S59+T59)*P59) | X59: =IF(V59="","",ROUNDUP(V59,0)) | Y59: =+L59/X59*60 -> #VALUE! | AE59: =IFERROR(IF($I59="","",VLOOKUP($I59,MASTER!$G:$CF,48,0))*$X59,0) -> 0 | AF59: =IFERROR(IF($I59="","",VLOOKUP($I59,MASTER!$G:$CF,49,0))*$X59,0) -> 0 | AG59: =IFERROR(IF($I59="","",VLOOKUP($I59,MASTER!$G:$CF,50,0))*$X59,0) -> 0 | AH59: =IFERROR(IF($I59="","",VLOOKUP($I59,MASTER!$G:$CF,51,0))*$X59,0) -> 0 | AK59: =IF(L59="",0,P59*L59) -> 0 | AL59: =I59 -> 0 | AM59: =Z59 -> 0 | AN59: =IF(L59="","",L59*P59) | AO59: =IF(X59="","",X59*P59) | AP59: =+X59/(60*24) -> #VALUE!
A60: =VLOOKUP($I60,MASTER!$B:$B,2,0) -> #N/A | D60: =IF($I60="","",VLOOKUP($I60,MASTER!$G:$CF,2,0)) | E60: =IF($I60="","",VLOOKUP($I60,MASTER!$G:$CF,25,0)) | F60: =IF($I60="","",VLOOKUP($I60,MASTER!$G:$CF,27,0)) | G60: =+L60 -> 0 | H60: =IF($L60<$F60="0","0",IF($L60="","",ROUNDUP(L60/F60,1))) | N60: =+L60 -> 0 | P60: =IF($I60="","",VLOOKUP($I60,MASTER!$G:$CF,65,0)) | Q60: =IF($I60="","",VLOOKUP($I60,MASTER!$G:$CF,37,0)) | R60: =IF(L60="","",+Q60*L60/60) | T60: =IF($I60="","",VLOOKUP($I60,MASTER!$G:$CF,38,0)) | V60: =IF(I60="","",SUM(R60:T60)) | W60: =IF(I60="","",(S60+T60)*P60) | X60: =IF(V60="","",ROUNDUP(V60,0)) | Y60: =+L60/X60*60 -> #VALUE! | AA60: =IF(I60="","",Z60+X60/1440) | AE60: =IFERROR(IF($I60="","",VLOOKUP($I60,MASTER!$G:$CF,48,0))*$X60,0) -> 0 | AF60: =IFERROR(IF($I60="","",VLOOKUP($I60,MASTER!$G:$CF,49,0))*$X60,0) -> 0 | AG60: =IFERROR(IF($I60="","",VLOOKUP($I60,MASTER!$G:$CF,50,0))*$X60,0) -> 0 | AH60: =IFERROR(IF($I60="","",VLOOKUP($I60,MASTER!$G:$CF,51,0))*$X60,0) -> 0 | AK60: =IF(L60="",0,P60*L60) -> 0 | AL60: =I60 -> 0 | AM60: =Z60 -> 0 | AN60: =IF(L60="","",L60*P60) | AO60: =IF(X60="","",X60*P60) | AP60: =+X60/(60*24) -> #VALUE!
A61: =VLOOKUP($I61,MASTER!$B:$B,2,0) -> #N/A | D61: =IF($I61="","",VLOOKUP($I61,MASTER!$G:$CF,2,0)) | E61: =IF($I61="","",VLOOKUP($I61,MASTER!$G:$CF,25,0)) | F61: =IF($I61="","",VLOOKUP($I61,MASTER!$G:$CF,27,0)) | G61: =+L61 -> 0 | H61: =IF($L61<$F61="0","0",IF($L61="","",ROUNDUP(L61/F61,1))) | N61: =+L61 -> 0 | P61: =IF($I61="","",VLOOKUP($I61,MASTER!$G:$CF,65,0)) | Q61: =IF($I61="","",VLOOKUP($I61,MASTER!$G:$CF,37,0)) | R61: =IF(L61="","",+Q61*L61/60) | T61: =IF($I61="","",VLOOKUP($I61,MASTER!$G:$CF,38,0)) | V61: =IF(I61="","",SUM(R61:T61)) | W61: =IF(I61="","",(S61+T61)*P61) | X61: =IF(V61="","",ROUNDUP(V61,0)) | Y61: =+L61/X61*60 -> #VALUE! | AA61: =IF(I61="","",Z61+X61/1440) | AE61: =IFERROR(IF($I61="","",VLOOKUP($I61,MASTER!$G:$CF,48,0))*$X61,0) -> 0 | AF61: =IFERROR(IF($I61="","",VLOOKUP($I61,MASTER!$G:$CF,49,0))*$X61,0) -> 0 | AG61: =IFERROR(IF($I61="","",VLOOKUP($I61,MASTER!$G:$CF,50,0))*$X61,0) -> 0 | AH61: =IFERROR(IF($I61="","",VLOOKUP($I61,MASTER!$G:$CF,51,0))*$X61,0) -> 0 | AK61: =IF(L61="",0,P61*L61) -> 0 | AL61: =J61 -> 0 | AM61: =Z61 -> 0 | AN61: =IF(L61="","",L61*P61) | AO61: =IF(X61="","",X61*P61) | AP61: =+X61/(60*24) -> #VALUE!
A62: =VLOOKUP($I62,MASTER!$B:$B,2,0) -> #N/A | AK62: =IF(L62="",0,P62*L62) -> 0 | AN62: =IF(L62="","",L62*P62) | AO62: =IF(X62="","",X62*P62)
A63: =VLOOKUP($I63,MASTER!$B:$B,2,0) -> #N/A | I63: Total Fnish | L63: =SUM($L$22:$L$59) -> 3670 | Q63: =AVERAGE(Q22:Q61) -> 8.84375 | V63: =MAX(AE63:AH63) -> 698 | W63: =SUM(W21:W62) -> 618 | X63: =SUM(X22:X59) -> 798 | AE63: =SUM(AE$22:AE$62) -> 698 | AF63: =SUM(AF$22:AF$62) -> 601 | AG63: =SUM(AG$22:AG$62) -> 601 | AH63: =SUM(AH$22:AH$62) -> 698 | AI63: =SUM(AI38:AI62) -> 0 | AN63: =IF(L63="","",L63*P63) -> 0 | AO63: =IF(X63="","",X63*P63) -> 0
A64: =VLOOKUP($I64,MASTER!$B:$B,2,0) -> #N/A | L64: =+L63*60/MAX(AE63:AH63) -> 315.47278 | AE64: =$AD$19-AE63 -> -238 | AF64: =$AD$19-AF63 -> -141 | AG64: =$AD$19-AG63 -> -141 | AH64: =$AD$19-AH63 -> -238 | AN64: =IF(L64="","",L64*P64) -> 0 | AO64: =IF(X64="","",X64*P64)
A65: =VLOOKUP($I65,MASTER!$B:$B,2,0) -> #N/A | AK65: =SUM(AK21:AK62) -> 11530 | AN65: =IF(L65="","",L65*P65) | AO65: =IF(X65="","",X65*P65)
A66: =VLOOKUP($I66,MASTER!$B:$B,2,0) -> #N/A | D66: PLAN | AK66: =+AK65/(AE63+AF63+AG63+AH63)*60 -> 266.28176 | AN66: =IF(L66="","",L66*P66) | AO66: =IF(X66="","",X66*P66)
A67: =VLOOKUP($I67,MASTER!$B:$B,2,0) -> #N/A | D67: TOTAL STROKE | E67: =+AK65 -> 11530 | AN67: =IF(L67="","",L67*P67) | AO67: =IF(X67="","",X67*P67)
A68: =VLOOKUP($I68,MASTER!$B:$B,2,0) -> #N/A | D68: TOTAL TPT | E68: =+AE63+AF63+AG63+AH63 -> 2598 | AN68: =IF(L68="","",L68*P68) | AO68: =IF(X68="","",X68*P68)
A69: =VLOOKUP($I69,MASTER!$B:$B,2,0) -> #N/A | D69: TARGET GSPH | E69: 430 | AN69: =IF(L69="","",L69*P69) | AO69: =IF(X69="","",X69*P69)
A70: =VLOOKUP($I70,MASTER!$B:$B,2,0) -> #N/A | D70: GSPH | E70: =+E67/E68*60 -> 266.28176 | AN70: =IF(L70="","",L70*P70) | AO70: =IF(X70="","",X70*P70)
A71: =VLOOKUP($I71,MASTER!$B:$B,2,0) -> #N/A | D71: TOTAL FINISH | E71: =L63 -> 3670 | AO71: =IF(X71="","",X71*P71)
A72: =VLOOKUP($I72,MASTER!$B:$B,2,0) -> #N/A | AN72: =IF(L72="","",L72*P72) | AO72: =IF(X72="","",X72*P72)
A73: =VLOOKUP($I73,MASTER!$B:$B,2,0) -> #N/A | AN73: =IF(L73="","",L73*P73) | AO73: =IF(X73="","",X73*P73)
A74: =VLOOKUP($I74,MASTER!$B:$B,2,0) -> #N/A | AN74: =IF(L74="","",L74*P74) | AO74: =IF(X74="","",X74*P74)
A75: =VLOOKUP($I75,MASTER!$B:$B,2,0) -> #N/A | AN75: =IF(L75="","",L75*P75) | AO75: =IF(X75="","",X75*P75)
A76: =VLOOKUP($I76,MASTER!$B:$B,2,0) -> #N/A | AN76: =IF(L76="","",L76*P76) | AO76: =IF(X76="","",X76*P76)
A77: =VLOOKUP($I77,MASTER!$B:$B,2,0) -> #N/A | AN77: =IF(L77="","",L77*P77) | AO77: =IF(X77="","",X77*P77) | AP77: =+X77/(60*24) -> 0
A78: =VLOOKUP($I78,MASTER!$B:$B,2,0) -> #N/A | AN78: =IF(L78="","",L78*P78) | AO78: =IF(X78="","",X78*P78) | AP78: =+X78/(60*24) -> 0
A79: =VLOOKUP($I79,MASTER!$B:$B,2,0) -> #N/A | AN79: =IF(L79="","",L79*P79) | AO79: =IF(X79="","",X79*P79) | AP79: =+X79/(60*24) -> 0
A80: =VLOOKUP($I80,MASTER!$B:$B,2,0) -> #N/A | AN80: =IF(L80="","",L80*P80) | AO80: =IF(X80="","",X80*P80) | AP80: =+X80/(60*24) -> 0
A81: =VLOOKUP($I81,MASTER!$B:$B,2,0) -> #N/A | AN81: =IF(L81="","",L81*P81) | AO81: =IF(X81="","",X81*P81) | AP81: =+X81/(60*24) -> 0
A82: =VLOOKUP($I82,MASTER!$B:$B,2,0) -> #N/A | AN82: =IF(L82="","",L82*P82) | AO82: =IF(X82="","",X82*P82) | AP82: =+X82/(60*24) -> 0
A83: =VLOOKUP($I83,MASTER!$B:$B,2,0) -> #N/A | AN83: =IF(L83="","",L83*P83) | AO83: =IF(X83="","",X83*P83) | AP83: =+X83/(60*24) -> 0
A84: =VLOOKUP($I84,MASTER!$B:$B,2,0) -> #N/A | AN84: =IF(L84="","",L84*P84) | AO84: =IF(X84="","",X84*P84) | AP84: =+X84/(60*24) -> 0
A85: =VLOOKUP($I85,MASTER!$B:$B,2,0) -> #N/A | AN85: =IF(L85="","",L85*P85) | AO85: =IF(X85="","",X85*P85) | AP85: =+X85/(60*24) -> 0
A86: =VLOOKUP($I86,MASTER!$B:$B,2,0) -> #N/A | AN86: =IF(L86="","",L86*P86) | AO86: =IF(X86="","",X86*P86) | AP86: =+X86/(60*24) -> 0
A87: =VLOOKUP($I87,MASTER!$B:$B,2,0) -> #N/A | AN87: =IF(L87="","",L87*P87) | AO87: =IF(X87="","",X87*P87) | AP87: =+X87/(60*24) -> 0
A88: =VLOOKUP($I88,MASTER!$B:$B,2,0) -> #N/A | AN88: =IF(L88="","",L88*P88) | AO88: =IF(X88="","",X88*P88) | AP88: =+X88/(60*24) -> 0
... A92: =VLOOKUP($I92,MASTER!$B:$B,2,0) -> #N/A | AN92: =IF(L92="","",L92*P92) | AO92: =IF(X92="","",X92*P92) | AP92: =+X92/(60*24) -> 0
AH94: FISM -PRO-01-03-01
E95: PPC SECTION
E96: PPLC DEPARTMENT
C97: PERMINTAAN HARIAN STAMPING
A98: =VLOOKUP($I98,MASTER!$B:$B,2,0) -> #N/A | R98: ISTIRAHAT SORE RAMADHAN | AN98: =IF(L98="","",L98*P98) | AO98: =IF(X98="","",X98*P98) | AP98: =+X98/(60*24) -> 0
A99: =VLOOKUP($I99,MASTER!$B:$B,2,0) -> #N/A | C99: PRESS B | R99: ISTIRAHAT SORE | AA99: SHIFT | AB99: JAM | AD99: TOTAL | AN99: =IF(L99="","",L99*P99) | AO99: =IF(X99="","",X99*P99) | AP99: =+X99/(60*24) -> 0
A100: =VLOOKUP($I100,MASTER!$B:$B,2,0) -> #N/A | R100: BREAKTIME | AB100: KERJA | AC100: MENIT | AD100: MENIT | AN100: =IF(L100="","",L100*P100) | AO100: =IF(X100="","",X100*P100) | AP100: =+X100/(60*24) -> 0
A101: =VLOOKUP($I101,MASTER!$B:$B,2,0) -> #N/A | C101: HARI | D101: =$D$17 -> : Selasa Pagi | L101: DISTRIBUSI KE: | R101: ISTIRAHAT JUMAT | AA101: 1 | AB101: 6 | AC101: 60 | AD101: 460 | AP101: =+X101/(60*24) -> 0
A102: =VLOOKUP($I102,MASTER!$B:$B,2,0) -> #N/A | C102: TGL | D102: =$D$18 -> : 05-Mei-2026 | L102: PROD | N102: IFP | P102: IRM | R102: CINGKORAK | W102: DS | AA102: OT | AB102: 7 | AC102: 60 | AD102: =+AB102*AC102 -> 420 | AP102: =+X102/(60*24) -> 0
A103: =VLOOKUP($I103,MASTER!$B:$B,2,0) -> #N/A | C103: JAM | D103: : 07:30 - 16:15 WIB | R103: ISTIRAHAT SIANG | AD103: 460 | AP103: =+X103/(60*24) -> 0
A104: =VLOOKUP($I104,MASTER!$B:$B,2,0) -> #N/A | C104: NO. | D104: JOB MASTER | E104: TYPE PLT | F104: QTY/ PLT | G104: KEB. MTL | H104: TOTAL PLT | I104: JOB NO. | K104: EACH PART | L104: PLAN | M104: OK | N104: REPAIR | O104: REJECT | P104: TOTAL MESIN | Q104: CT (") | R104: PROCESS TIME | S104: REG. ACTIVE | T104: DCT | U104: MCT | W104: PLAN DCT | X104: TPT | Y104: GSPH/ ITEM | Z104: START | AA104: FINISH | AB104: ACT START | AC104: ACT FINISH | AD104: KETERANGAN | AE104: B-1 | AF104: B-2 | AG104: B-3 | AH104: B-4 | AI104: DT (MENIT) | AJ104: TOTAL DT (MENIT) | AL104: JOB NO | AM104: IN | AP104: =+X104/(60*24) -> #VALUE!
A105: =VLOOKUP($I105,MASTER!$B:$B,2,0) -> #N/A | AK105: =IF(L105="",0,P105*L105) -> 0 | AN105: =IF(L105="","",L105*P105) | AO105: =IF(X105="","",X105*P105) | AP105: =+X105/(60*24) -> 0
A106: =VLOOKUP($I106,MASTER!$B:$B,2,0) -> #N/A | D106: =IF($I106="","",VLOOKUP($I106,MASTER!$G:$CF,2,0)) -> RCS-018 | E106: =IF($I106="","",VLOOKUP($I106,MASTER!$G:$CF,25,0)) -> C | F106: =IF($I106="","",VLOOKUP($I106,MASTER!$G:$CF,27,0)) -> 300 | G106: =L106 -> 400 | H106: =IF($L106<$F106="0","0",IF($L106="","",ROUNDUP(L106/F106,1))) -> 1.4 | I106: RCS-018 WIP | L106: 400 | N106: =+L106 -> 400 | P106: =IF($I106="","",VLOOKUP($I106,MASTER!$G:$CF,65,0)) -> 4 | Q106: =IF($I106="","",VLOOKUP($I106,MASTER!$G:$CF,37,0)) -> 6 | R106: =IF(L106="","",+Q106*L106/60) -> 40 | S106: =IF($I106="","",VLOOKUP($I106,MASTER!$G:$CF,39,0)) -> 0 | T106: =IF($I106="","",VLOOKUP($I106,MASTER!$G:$CF,38,0)) -> 5 | V106: =IF(I106="","",SUM(R106:T106)) -> 45 | W106: =IF(I106="","",(S106+T106)*P106) -> 20 | X106: =IF(V106="","",ROUNDUP(V106,0)) -> 45 | Y106: =+L106/X106*60 -> 533.33333 | Z106: 0.31944444 | AA106: =IF(I106="","",Z106+X106/1440) -> 0.35069444 | AF106: =IFERROR(IF($I106="","",VLOOKUP($I106,MASTER!$G:$CF,53,0))*$X106,0) -> 45 | AG106: =IFERROR(IF($I106="","",VLOOKUP($I106,MASTER!$G:$CF,54,0))*$X106,0) -> 45 | AH106: =IFERROR(IF($I106="","",VLOOKUP($I106,MASTER!$G:$CF,55,0))*$X106,0) -> 45 | AK106: =IF(L106="",0,P106*L106) -> 1600 | AN106: =IF(L106="","",L106*P106) -> 1600 | AO106: =IF(X106="","",X106*P106) -> 180 | AP106: =+X106/(60*24) -> 0.03125
A107: =VLOOKUP($I107,MASTER!$B:$B,2,0) -> #N/A | D107: =IF($I107="","",VLOOKUP($I107,MASTER!$G:$CF,2,0)) -> IB-054 | E107: =IF($I107="","",VLOOKUP($I107,MASTER!$G:$CF,25,0)) -> E | F107: =IF($I107="","",VLOOKUP($I107,MASTER!$G:$CF,27,0)) -> 90 | G107: =L107 -> 300 | H107: =IF($L107<$F107="0","0",IF($L107="","",ROUNDUP(L107/F107,1))) -> 3.4 | I107: IB-054 WIP | L107: 300 | N107: =+L107 -> 300 | P107: =IF($I107="","",VLOOKUP($I107,MASTER!$G:$CF,65,0)) -> 4 | Q107: 7 | R107: =IF(L107="","",+Q107*L107/60) -> 35 | S107: 5 | T107: =IF($I107="","",VLOOKUP($I107,MASTER!$G:$CF,38,0)) -> 5 | V107: =IF(I107="","",SUM(R107:T107)) -> 45 | W107: =IF(I107="","",(S107+T107)*P107) -> 40 | X107: =IF(V107="","",ROUNDUP(V107,0)) -> 45 | Y107: =+L107/X107*60 -> 400 | Z107: =+AA106 -> 0.35069444 | AA107: =IF(I107="","",Z107+X107/1440) -> 0.38194444 | AE107: =IFERROR(IF($I107="","",VLOOKUP($I107,MASTER!$G:$CF,52,0))*$X107,0) -> 0 | AF107: =IFERROR(IF($I107="","",VLOOKUP($I107,MASTER!$G:$CF,53,0))*$X107,0) -> 45 | AG107: =IFERROR(IF($I107="","",VLOOKUP($I107,MASTER!$G:$CF,54,0))*$X107,0) -> 45 | AH107: =IFERROR(IF($I107="","",VLOOKUP($I107,MASTER!$G:$CF,55,0))*$X107,0) -> 45 | AK107: =IF(L107="",0,P107*L107) -> 1200 | AN107: =IF(L107="","",L107*P107) -> 1200 | AO107: =IF(X107="","",X107*P107) -> 180 | AP107: =+X107/(60*24) -> 0.03125
A108: =VLOOKUP($I108,MASTER!$B:$B,2,0) -> #REF! | D108: =IF($I108="","",VLOOKUP($I108,MASTER!$G:$CF,2,0)) -> IB-054 | E108: =IF($I108="","",VLOOKUP($I108,MASTER!$G:$CF,25,0)) -> E | F108: =IF($I108="","",VLOOKUP($I108,MASTER!$G:$CF,27,0)) -> 90 | G108: =L108 -> 300 | H108: =IF($L108<$F108="0","0",IF($L108="","",ROUNDUP(L108/F108,1))) -> 3.4 | I108: IB-054 | J108: FNS | L108: 300 | N108: =+L108 -> 300 | P108: =IF($I108="","",VLOOKUP($I108,MASTER!$G:$CF,65,0)) -> 4 | Q108: 7 | R108: =IF(L108="","",+Q108*L108/60) -> 35 | S108: 5 | T108: =IF($I108="","",VLOOKUP($I108,MASTER!$G:$CF,38,0)) -> 5 | V108: =IF(I108="","",SUM(R108:T108)) -> 45 | W108: =IF(I108="","",(S108+T108)*P108) -> 40 | X108: =IF(V108="","",ROUNDUP(V108,0)) -> 45 | Y108: =+L108/X108*60 -> 400 | Z108: =+AA107 -> 0.38194444 | AA108: =IF(I108="","",Z108+X108/1440) -> 0.41319444 | AE108: =IFERROR(IF($I108="","",VLOOKUP($I108,MASTER!$G:$CF,52,0))*$X108,0) -> 0 | AF108: =X108 -> 45 | AG108: =IFERROR(IF($I108="","",VLOOKUP($I108,MASTER!$G:$CF,54,0))*$X108,0) -> 0 | AH108: =IFERROR(IF($I108="","",VLOOKUP($I108,MASTER!$G:$CF,55,0))*$X108,0) -> 0 | AK108: =IF(L108="",0,P108*L108) -> 1200 | AN108: =IF(L108="","",L108*P108) -> 1200 | AO108: =IF(X108="","",X108*P108) -> 180 | AP108: =+X108/(60*24) -> 0.03125
A109: =VLOOKUP($I109,MASTER!$B:$B,2,0) -> #N/A | D109: =IF($I109="","",VLOOKUP($I109,MASTER!$G:$CF,2,0)) -> PH-031GU | E109: =IF($I109="","",VLOOKUP($I109,MASTER!$G:$CF,25,0)) -> C | F109: =IF($I109="","",VLOOKUP($I109,MASTER!$G:$CF,27,0)) -> 120 | G109: =L109 -> 300 | H109: =IF($L109<$F109="0","0",IF($L109="","",ROUNDUP(L109/F109,1))) -> 2.5 | I109: PH-031GU | L109: 300 | P109: =IF($I109="","",VLOOKUP($I109,MASTER!$G:$CF,65,0)) -> 4 | Q109: =IF($I109="","",VLOOKUP($I109,MASTER!$G:$CF,37,0)) -> 8 | R109: =IF(L109="","",+Q109*L109/60) -> 40 | S109: =IF($I109="","",VLOOKUP($I109,MASTER!$G:$CF,39,0)) -> 0 | T109: =IF($I109="","",VLOOKUP($I109,MASTER!$G:$CF,38,0)) -> 5 | V109: =IF(I109="","",SUM(R109:T109)) -> 45 | W109: =IF(I109="","",(S109+T109)*P109) -> 20 | X109: =IF(V109="","",ROUNDUP(V109,0)) -> 45 | Y109: =+L109/X109*60 -> 400 | Z109: =+Z108 -> 0.38194444 | AA109: =IF(I109="","",Z109+X109/1440) -> 0.41319444 | AG109: =X109 -> 45 | AH109: =X109 -> 45 | AK109: =IF(L109="",0,P109*L109) -> 1200 | AN109: =IF(L109="","",L109*P109) -> 1200 | AO109: =IF(X109="","",X109*P109) -> 180 | AP109: =+X109/(60*24) -> 0.03125
A110: =VLOOKUP($I110,MASTER!$B:$B,2,0) -> #N/A | D110: =IF($I110="","",VLOOKUP($I110,MASTER!$G:$CF,2,0)) -> AAS-050 | E110: =IF($I110="","",VLOOKUP($I110,MASTER!$G:$CF,25,0)) -> KHS | F110: =IF($I110="","",VLOOKUP($I110,MASTER!$G:$CF,27,0)) -> 480 | G110: =L110 -> 480 | H110: =IF($L110<$F110="0","0",IF($L110="","",ROUNDUP(L110/F110,1))) -> 1 | I110: AAS-050 BLK | L110: 480 | P110: =IF($I110="","",VLOOKUP($I110,MASTER!$G:$CF,65,0)) -> 1 | Q110: =IF($I110="","",VLOOKUP($I110,MASTER!$G:$CF,37,0)) -> 5.95 | R110: =IF(L110="","",+Q110*L110/60) -> 47.6 | S110: 2 | T110: =IF($I110="","",VLOOKUP($I110,MASTER!$G:$CF,38,0)) -> 5 | V110: =IF(I110="","",SUM(R110:T110)) -> 54.6 | W110: =IF(I110="","",(S110+T110)*P110) -> 7 | X110: =IF(V110="","",ROUNDUP(V110,0)) -> 55 | Y110: =+L110/X110*60 -> 523.63636 | Z110: =+AA108 -> 0.41319444 | AA110: =IF(I110="","",Z110+X110/1440) -> 0.45138889 | AE110: =IFERROR(IF($I110="","",VLOOKUP($I110,MASTER!$G:$CF,52,0))*$X110,0) -> 0 | AF110: =X110 -> 55 | AG110: =IFERROR(IF($I110="","",VLOOKUP($I110,MASTER!$G:$CF,54,0))*$X110,0) -> 0 | AK110: =IF(L110="",0,P110*L110) -> 480 | AN110: =IF(L110="","",L110*P110) -> 480 | AO110: =IF(X110="","",X110*P110) -> 55 | AP110: =+X110/(60*24) -> 0.038194444
A111: =VLOOKUP($I111,MASTER!$B:$B,2,0) -> #N/A | D111: =IF($I111="","",VLOOKUP($I111,MASTER!$G:$CF,2,0)) -> 61624-BZ200 | E111: =IF($I111="","",VLOOKUP($I111,MASTER!$G:$CF,25,0)) -> D2 | F111: =IF($I111="","",VLOOKUP($I111,MASTER!$G:$CF,27,0)) -> 200 | G111: =L111 -> 500 | H111: =IF($L111<$F111="0","0",IF($L111="","",ROUNDUP(L111/F111,1))) -> 2.5 | I111: RCS-016 FNS | L111: 500 | N111: =+L111 -> 500 | P111: =IF($I111="","",VLOOKUP($I111,MASTER!$G:$CF,65,0)) -> 2 | Q111: =IF($I111="","",VLOOKUP($I111,MASTER!$G:$CF,37,0)) -> 5.9 | R111: =IF(L111="","",+Q111*L111/60) -> 49.166667 | S111: =IF($I111="","",VLOOKUP($I111,MASTER!$G:$CF,39,0)) -> 0 | T111: =IF($I111="","",VLOOKUP($I111,MASTER!$G:$CF,38,0)) -> 5 | V111: =IF(I111="","",SUM(R111:T111)) -> 54.166667 | W111: =IF(I111="","",(S111+T111)*P111) -> 10 | X111: =IF(V111="","",ROUNDUP(V111,0)) -> 55 | Y111: =+L111/X111*60 -> 545.45455 | Z111: =+AA109 -> 0.41319444 | AA111: =IF(I111="","",Z111+X111/1440) -> 0.45138889 | AE111: =IFERROR(IF($I111="","",VLOOKUP($I111,MASTER!$G:$CF,52,0))*$X111,0) -> 0 | AF111: =IFERROR(IF($I111="","",VLOOKUP($I111,MASTER!$G:$CF,53,0))*$X111,0) -> 0 | AG111: =IFERROR(IF($I111="","",VLOOKUP($I111,MASTER!$G:$CF,54,0))*$X111,0) -> 55 | AH111: =IFERROR(IF($I111="","",VLOOKUP($I111,MASTER!$G:$CF,55,0))*$X111,0) -> 55 | AK111: =IF(L111="",0,P111*L111) -> 1000 | AN111: =IF(L111="","",L111*P111) -> 1000 | AO111: =IF(X111="","",X111*P111) -> 110 | AP111: =+X111/(60*24) -> 0.038194444
...

Sheet Shift Malam
AG2: FISM -PRO-01-03-01
E3: PPC SECTION
E4: PPLC DEPARTMENT
C5: PERMINTAAN HARIAN STAMPING
R6: ISTIRAHAT MALAM RAMADHAN
A7: =VLOOKUP($I7,MASTER!$B:$B,2,0) -> #N/A | C7: PRESS A | R7: ISTIRAHAT SORE | Z7: SHIFT | AA7: JAM | AC7: TOTAL
A8: =VLOOKUP($I8,MASTER!$B:$B,2,0) -> #N/A | R8: BREAKTIME | AA8: KERJA | AB8: MENIT | AC8: MENIT
A9: =VLOOKUP($I9,MASTER!$B:$B,2,0) -> #N/A | C9: Hari | D9: : Rabu Malam | L9: DISTRIBUSI KE: | R9: ISTIRAHAT JUMAT | Z9: 2 | AA9: 7 | AB9: 60 | AC9: 415
A10: =VLOOKUP($I10,MASTER!$B:$B,2,0) -> #N/A | C10: Tgl | D10: =+'Shift Pagi'!D18 -> : 05-Mei-2026 | L10: PROD | N10: IFP | P10: IRM | R10: CINGKORAK | V10: DS | Z10: OT | AB10: 60 | AC10: =+AA10*AB10 -> 0
A11: =VLOOKUP($I11,MASTER!$B:$B,2,0) -> #N/A | C11: Jam | D11: : 21:00 - 04:45 WIB | R11: ISTIRAHAT MALAM | AC11: 415
A12: =VLOOKUP($I12,MASTER!$B:$B,2,0) -> #N/A | C12: NO. | D12: JOB MASTER | E12: TYPE PLT | F12: QTY/ PLT | G12: KEB. MTL | H12: TOTAL PLT | I12: JOB NO. | K12: EACH PART | L12: PLAN | M12: OK | N12: REPAIR | O12: REJECT | P12: TOTAL MESIN | Q12: CT (") | R12: PROCESS TIME | S12: REG. ACTIVE | T12: DCT | V12: PLAN DCT | W12: TPT | X12: GSPH/ ITEM | Y12: START | Z12: FINISH | AA12: ACT START | AB12: ACT FINISH | AC12: KETERANGAN | AD12: A-1 | AE12: A-2 | AF12: A-3 | AG12: A-4 | AH12: DT (MENIT) | AI12: TOTAL DT (MENIT) | AK12: JOB NO | AL12: IN | AM12: TPT | AQ12: 0.31597222
A13: =VLOOKUP($I13,MASTER!$B:$B,2,0) -> #N/A | AQ13: 0.69791664
A14: =VLOOKUP($I14,MASTER!$B:$B,2,0) -> #N/A | D14: =IF($I14="","",VLOOKUP($I14,MASTER!$G:$CF,2,0)) | E14: =IF($I14="","",VLOOKUP($I14,MASTER!$G:$CF,25,0)) | F14: =IF($I14="","",VLOOKUP($I14,MASTER!$G:$CF,27,0)) | G14: =L14 -> 0 | H14: =IF($L14<$F14="0","0",IF($L14="","",ROUNDUP(L14/F14,1))) | P14: =IF($I14="","",VLOOKUP($I14,MASTER!$G:$CF,65,0)) | Q14: =IF($I14="","",VLOOKUP($I14,MASTER!$G:$CF,37,0)) | R14: =IF(L14="","",+Q14*L14/60) | T14: =IF($I14="","",VLOOKUP($I14,MASTER!$G:$CF,38,0)) | U14: =IF(I14="","",SUM(R14:T14)) | V14: =IF(I14="","",(S14+T14)*P14) | W14: =IF(U14="","",ROUNDUP(U14,0)) | X14: =+L14/W14*60 -> #VALUE! | Y14: 0.87847222 | Z14: =IF(I14="","",Y14+W14/1440) | AD14: =IFERROR(IF($I14="","",VLOOKUP($I14,MASTER!$G:$CF,48,0))*$W14,0) -> 0 | AE14: =IFERROR(IF($I14="","",VLOOKUP($I14,MASTER!$G:$CF,49,0))*$W14,0) -> 0 | AF14: =IFERROR(IF($I14="","",VLOOKUP($I14,MASTER!$G:$CF,50,0))*$W14,0) -> 0 | AG14: =IFERROR(IF($I14="","",VLOOKUP($I14,MASTER!$G:$CF,51,0))*$W14,0) -> 0 | AJ14: =IF(L14="",0,P14*L14) -> 0 | AK14: =I14 -> 0 | AL14: =Y14 -> 0.87847222 | AM14: =IF(L14="","",L14*P14) | AN14: =IF(W14="","",W14*P14) | AO14: =+W14/(60*24) -> #VALUE!
A15: =VLOOKUP($I15,MASTER!$B:$B,2,0) -> #N/A | D15: =IF($I15="","",VLOOKUP($I15,MASTER!$G:$CF,2,0)) | E15: =IF($I15="","",VLOOKUP($I15,MASTER!$G:$CF,25,0)) | F15: =IF($I15="","",VLOOKUP($I15,MASTER!$G:$CF,27,0)) | G15: =L15 -> 0 | H15: =IF($L15<$F15="0","0",IF($L15="","",ROUNDUP(L15/F15,1))) | P15: =IF($I15="","",VLOOKUP($I15,MASTER!$G:$CF,65,0)) | Q15: =IF($I15="","",VLOOKUP($I15,MASTER!$G:$CF,37,0)) | R15: =IF(L15="","",+Q15*L15/60) | T15: =IF($I15="","",VLOOKUP($I15,MASTER!$G:$CF,38,0)) | U15: =IF(I15="","",SUM(R15:T15)) | V15: =IF(I15="","",(S15+T15)*P15) | W15: =IF(U15="","",ROUNDUP(U15,0)) | X15: =+L15/W15*60 -> #VALUE! | Y15: =+Z14 | Z15: =IF(I15="","",Y15+W15/1440) | AD15: =IFERROR(IF($I15="","",VLOOKUP($I15,MASTER!$G:$CF,48,0))*$W15,0) -> 0 | AE15: =IFERROR(IF($I15="","",VLOOKUP($I15,MASTER!$G:$CF,49,0))*$W15,0) -> 0 | AF15: =IFERROR(IF($I15="","",VLOOKUP($I15,MASTER!$G:$CF,50,0))*$W15,0) -> 0 | AG15: =IFERROR(IF($I15="","",VLOOKUP($I15,MASTER!$G:$CF,51,0))*$W15,0) -> 0 | AJ15: =IF(L15="",0,P15*L15) -> 0 | AK15: =I15 -> 0 | AL15: =Y15 | AM15: =IF(L15="","",L15*P15) | AN15: =IF(W15="","",W15*P15) | AO15: =+W15/(60*24) -> #VALUE!
A16: =VLOOKUP($I16,MASTER!$B:$B,2,0) -> #N/A | D16: =IF($I16="","",VLOOKUP($I16,MASTER!$G:$CF,2,0)) | E16: =IF($I16="","",VLOOKUP($I16,MASTER!$G:$CF,25,0)) | F16: =IF($I16="","",VLOOKUP($I16,MASTER!$G:$CF,27,0)) | G16: =L16 -> 0 | H16: =IF($L16<$F16="0","0",IF($L16="","",ROUNDUP(L16/F16,1))) | P16: =IF($I16="","",VLOOKUP($I16,MASTER!$G:$CF,65,0)) | Q16: =IF($I16="","",VLOOKUP($I16,MASTER!$G:$CF,37,0)) | R16: =IF(L16="","",+Q16*L16/60) | T16: =IF($I16="","",VLOOKUP($I16,MASTER!$G:$CF,38,0)) | U16: =IF(I16="","",SUM(R16:T16)) | V16: =IF(I16="","",(S16+T16)*P16) | W16: =IF(U16="","",ROUNDUP(U16,0)) | X16: =+L16/W16*60 -> #VALUE! | Y16: =+Y15 | Z16: =IF(I16="","",Y16+W16/1440) | AD16: =IFERROR(IF($I16="","",VLOOKUP($I16,MASTER!$G:$CF,48,0))*$W16,0) -> 0 | AE16: =IFERROR(IF($I16="","",VLOOKUP($I16,MASTER!$G:$CF,49,0))*$W16,0) -> 0 | AF16: =IFERROR(IF($I16="","",VLOOKUP($I16,MASTER!$G:$CF,50,0))*$W16,0) -> 0 | AG16: =IFERROR(IF($I16="","",VLOOKUP($I16,MASTER!$G:$CF,51,0))*$W16,0) -> 0 | AJ16: =IF(L16="",0,P16*L16) -> 0 | AK16: =I16 -> 0 | AL16: =Y16 | AM16: =IF(L16="","",L16*P16) | AN16: =IF(W16="","",W16*P16) | AO16: =+W16/(60*24) -> #VALUE!
A17: =VLOOKUP($I17,MASTER!$B:$B,2,0) -> #N/A | D17: =IF($I17="","",VLOOKUP($I17,MASTER!$G:$CF,2,0)) | E17: =IF($I17="","",VLOOKUP($I17,MASTER!$G:$CF,25,0)) | F17: =IF($I17="","",VLOOKUP($I17,MASTER!$G:$CF,27,0)) | G17: =L17 -> 0 | H17: =IF($L17<$F17="0","0",IF($L17="","",ROUNDUP(L17/F17,1))) | P17: =IF($I17="","",VLOOKUP($I17,MASTER!$G:$CF,65,0)) | Q17: =IF($I17="","",VLOOKUP($I17,MASTER!$G:$CF,37,0)) | R17: =IF(L17="","",+Q17*L17/60) | T17: =IF($I17="","",VLOOKUP($I17,MASTER!$G:$CF,38,0)) | U17: =IF(I17="","",SUM(R17:T17)) | V17: =IF(I17="","",(S17+T17)*P17) | W17: =IF(U17="","",ROUNDUP(U17,0)) | X17: =+L17/W17*60 -> #VALUE! | Y17: =+Z15 | Z17: =IF(I17="","",Y17+W17/1440) | AD17: =IFERROR(IF($I17="","",VLOOKUP($I17,MASTER!$G:$CF,48,0))*$W17,0) -> 0 | AE17: =IFERROR(IF($I17="","",VLOOKUP($I17,MASTER!$G:$CF,49,0))*$W17,0) -> 0 | AF17: =IFERROR(IF($I17="","",VLOOKUP($I17,MASTER!$G:$CF,50,0))*$W17,0) -> 0 | AG17: =IFERROR(IF($I17="","",VLOOKUP($I17,MASTER!$G:$CF,51,0))*$W17,0) -> 0 | AI17: =IF(AH17="","",(AH17*P17)) | AJ17: =IF(L17="",0,P17*L17) -> 0 | AK17: =I17 -> 0 | AL17: =Y17 | AM17: =IF(L17="","",L17*P17) | AN17: =IF(W17="","",W17*P17) | AO17: =+W17/(60*24) -> #VALUE!
A18: =VLOOKUP($I18,MASTER!$B:$B,2,0) -> #N/A | D18: =IF($I18="","",VLOOKUP($I18,MASTER!$G:$CF,2,0)) | E18: =IF($I18="","",VLOOKUP($I18,MASTER!$G:$CF,25,0)) | F18: =IF($I18="","",VLOOKUP($I18,MASTER!$G:$CF,27,0)) | G18: =L18 -> 0 | H18: =IF($L18<$F18="0","0",IF($L18="","",ROUNDUP(L18/F18,1))) | P18: =IF($I18="","",VLOOKUP($I18,MASTER!$G:$CF,65,0)) | Q18: =IF($I18="","",VLOOKUP($I18,MASTER!$G:$CF,37,0)) | R18: =IF(L18="","",+Q18*L18/60) | T18: =IF($I18="","",VLOOKUP($I18,MASTER!$G:$CF,38,0)) | U18: =IF(I18="","",SUM(R18:T18)) | V18: =IF(I18="","",(S18+T18)*P18) | W18: =IF(U18="","",ROUNDUP(U18,0)) | X18: =+L18/W18*60 -> #VALUE! | Y18: =+Z17 | Z18: =IF(I18="","",Y18+W18/1440) | AD18: =IFERROR(IF($I18="","",VLOOKUP($I18,MASTER!$G:$CF,48,0))*$W18,0) -> 0 | AE18: =IFERROR(IF($I18="","",VLOOKUP($I18,MASTER!$G:$CF,49,0))*$W18,0) -> 0 | AF18: =IFERROR(IF($I18="","",VLOOKUP($I18,MASTER!$G:$CF,50,0))*$W18,0) -> 0 | AG18: =IFERROR(IF($I18="","",VLOOKUP($I18,MASTER!$G:$CF,51,0))*$W18,0) -> 0 | AJ18: =IF(L18="",0,P18*L18) -> 0 | AK18: =I18 -> 0 | AL18: =Y18 | AM18: =IF(L18="","",L18*P18) | AN18: =IF(W18="","",W18*P18) | AO18: =+W18/(60*24) -> #VALUE!
A19: =VLOOKUP($I19,MASTER!$B:$B,2,0) -> #N/A | D19: =IF($I19="","",VLOOKUP($I19,MASTER!$G:$CF,2,0)) | E19: =IF($I19="","",VLOOKUP($I19,MASTER!$G:$CF,25,0)) | F19: =IF($I19="","",VLOOKUP($I19,MASTER!$G:$CF,27,0)) | G19: =L19 -> 0 | H19: =IF($L19<$F19="0","0",IF($L19="","",ROUNDUP(L19/F19,1))) | P19: =IF($I19="","",VLOOKUP($I19,MASTER!$G:$CF,65,0)) | Q19: =IF($I19="","",VLOOKUP($I19,MASTER!$G:$CF,37,0)) | R19: =IF(L19="","",+Q19*L19/60) | T19: =IF($I19="","",VLOOKUP($I19,MASTER!$G:$CF,38,0)) | U19: =IF(I19="","",SUM(R19:T19)) | V19: =IF(I19="","",(S19+T19)*P19) | W19: =IF(U19="","",ROUNDUP(U19,0)) | X19: =+L19/W19*60 -> #VALUE! | Y19: =+Z16 | Z19: =IF(I19="","",Y19+W19/1440) | AD19: =IFERROR(IF($I19="","",VLOOKUP($I19,MASTER!$G:$CF,48,0))*$W19,0) -> 0 | AE19: =IFERROR(IF($I19="","",VLOOKUP($I19,MASTER!$G:$CF,49,0))*$W19,0) -> 0 | AF19: =IFERROR(IF($I19="","",VLOOKUP($I19,MASTER!$G:$CF,50,0))*$W19,0) -> 0 | AG19: =IFERROR(IF($I19="","",VLOOKUP($I19,MASTER!$G:$CF,51,0))*$W19,0) -> 0 | AI19: =IF(AH19="","",(AH19*P19)) | AJ19: =IF(L19="",0,P19*L19) -> 0 | AK19: =I19 -> 0 | AL19: =Y19 | AM19: =IF(L19="","",L19*P19) | AN19: =IF(W19="","",W19*P19) | AO19: =+W19/(60*24) -> #VALUE!
A20: =VLOOKUP($I20,MASTER!$B:$B,2,0) -> #N/A | D20: =IF($I20="","",VLOOKUP($I20,MASTER!$G:$CF,2,0)) | E20: =IF($I20="","",VLOOKUP($I20,MASTER!$G:$CF,25,0)) | F20: =IF($I20="","",VLOOKUP($I20,MASTER!$G:$CF,27,0)) | G20: =L20 -> 0 | H20: =IF($L20<$F20="0","0",IF($L20="","",ROUNDUP(L20/F20,1))) | P20: =IF($I20="","",VLOOKUP($I20,MASTER!$G:$CF,65,0)) | Q20: =IF($I20="","",VLOOKUP($I20,MASTER!$G:$CF,37,0)) | R20: =IF(L20="","",+Q20*L20/60) | T20: =IF($I20="","",VLOOKUP($I20,MASTER!$G:$CF,38,0)) | U20: =IF(I20="","",SUM(R20:T20)) | V20: =IF(I20="","",(S20+T20)*P20) | W20: =IF(U20="","",ROUNDUP(U20,0)) | X20: =+L20/W20*60 -> #VALUE! | Y20: =+Z19 | Z20: =IF(I20="","",Y20+W20/1440) | AD20: =IFERROR(IF($I20="","",VLOOKUP($I20,MASTER!$G:$CF,48,0))*$W20,0) -> 0 | AE20: =IFERROR(IF($I20="","",VLOOKUP($I20,MASTER!$G:$CF,49,0))*$W20,0) -> 0 | AF20: =IFERROR(IF($I20="","",VLOOKUP($I20,MASTER!$G:$CF,50,0))*$W20,0) -> 0 | AG20: =IFERROR(IF($I20="","",VLOOKUP($I20,MASTER!$G:$CF,51,0))*$W20,0) -> 0 | AJ20: =IF(L20="",0,P20*L20) -> 0 | AK20: =I20 -> 0 | AL20: =Y20 | AM20: =IF(L20="","",L20*P20) | AN20: =IF(W20="","",W20*P20) | AO20: =+W20/(60*24) -> #VALUE!
A21: =VLOOKUP($I21,MASTER!$B:$B,2,0) -> #N/A | D21: =IF($I21="","",VLOOKUP($I21,MASTER!$G:$CF,2,0)) | E21: =IF($I21="","",VLOOKUP($I21,MASTER!$G:$CF,25,0)) | F21: =IF($I21="","",VLOOKUP($I21,MASTER!$G:$CF,27,0)) | G21: =L21 -> 0 | H21: =IF($L21<$F21="0","0",IF($L21="","",ROUNDUP(L21/F21,1))) | P21: =IF($I21="","",VLOOKUP($I21,MASTER!$G:$CF,65,0)) | Q21: =IF($I21="","",VLOOKUP($I21,MASTER!$G:$CF,37,0)) | R21: =IF(L21="","",+Q21*L21/60) | T21: =IF($I21="","",VLOOKUP($I21,MASTER!$G:$CF,38,0)) | U21: =IF(I21="","",SUM(R21:T21)) | V21: =IF(I21="","",(S21+T21)*P21) | W21: =IF(U21="","",ROUNDUP(U21,0)) | X21: =+L21/W21*60 -> #VALUE! | Y21: =+Z20 | Z21: =IF(I21="","",Y21+W21/1440) | AD21: =IFERROR(IF($I21="","",VLOOKUP($I21,MASTER!$G:$CF,48,0))*$W21,0) -> 0 | AE21: =IFERROR(IF($I21="","",VLOOKUP($I21,MASTER!$G:$CF,49,0))*$W21,0) -> 0 | AF21: =IFERROR(IF($I21="","",VLOOKUP($I21,MASTER!$G:$CF,50,0))*$W21,0) -> 0 | AG21: =IFERROR(IF($I21="","",VLOOKUP($I21,MASTER!$G:$CF,51,0))*$W21,0) -> 0 | AJ21: =IF(L21="",0,P21*L21) -> 0 | AK21: =I21 -> 0 | AL21: =Y21 | AM21: =IF(L21="","",L21*P21) | AN21: =IF(W21="","",W21*P21) | AO21: =+W21/(60*24) -> #VALUE!
A22: =VLOOKUP($I22,MASTER!$B:$B,2,0) -> #N/A | D22: =IF($I22="","",VLOOKUP($I22,MASTER!$G:$CF,2,0)) | E22: =IF($I22="","",VLOOKUP($I22,MASTER!$G:$CF,25,0)) | F22: =IF($I22="","",VLOOKUP($I22,MASTER!$G:$CF,27,0)) | G22: =L22 -> 0 | H22: =IF($L22<$F22="0","0",IF($L22="","",ROUNDUP(L22/F22,1))) | P22: =IF($I22="","",VLOOKUP($I22,MASTER!$G:$CF,65,0)) | Q22: =IF($I22="","",VLOOKUP($I22,MASTER!$G:$CF,37,0)) | R22: =IF(L22="","",+Q22*L22/60) | T22: =IF($I22="","",VLOOKUP($I22,MASTER!$G:$CF,38,0)) | U22: =IF(I22="","",SUM(R22:T22)) | V22: =IF(I22="","",(S22+T22)*P22) | W22: =IF(U22="","",ROUNDUP(U22,0)) | X22: =+L22/W22*60 -> #VALUE! | Y22: =+Y21 | Z22: =IF(I22="","",Y22+W22/1440) | AD22: =IFERROR(IF($I22="","",VLOOKUP($I22,MASTER!$G:$CF,48,0))*$W22,0) -> 0 | AE22: =IFERROR(IF($I22="","",VLOOKUP($I22,MASTER!$G:$CF,49,0))*$W22,0) -> 0 | AF22: =IFERROR(IF($I22="","",VLOOKUP($I22,MASTER!$G:$CF,50,0))*$W22,0) -> 0 | AG22: =IFERROR(IF($I22="","",VLOOKUP($I22,MASTER!$G:$CF,51,0))*$W22,0) -> 0 | AJ22: =IF(L22="",0,P22*L22) -> 0 | AK22: =I22 -> 0 | AL22: =Y22 | AM22: =IF(L22="","",L22*P22) | AN22: =IF(W22="","",W22*P22) | AO22: =+W22/(60*24) -> #VALUE!
A23: =VLOOKUP($I23,MASTER!$B:$B,2,0) -> #N/A | D23: =IF($I23="","",VLOOKUP($I23,MASTER!$G:$CF,2,0)) | E23: =IF($I23="","",VLOOKUP($I23,MASTER!$G:$CF,25,0)) | F23: =IF($I23="","",VLOOKUP($I23,MASTER!$G:$CF,27,0)) | G23: =L23 -> 0 | H23: =IF($L23<$F23="0","0",IF($L23="","",ROUNDUP(L23/F23,1))) | P23: =IF($I23="","",VLOOKUP($I23,MASTER!$G:$CF,65,0)) | Q23: =IF($I23="","",VLOOKUP($I23,MASTER!$G:$CF,37,0)) | R23: =IF(L23="","",+Q23*L23/60) | T23: =IF($I23="","",VLOOKUP($I23,MASTER!$G:$CF,38,0)) | U23: =IF(I23="","",SUM(R23:T23)) | V23: =IF(I23="","",(S23+T23)*P23) | W23: =IF(U23="","",ROUNDUP(U23,0)) | X23: =+L23/W23*60 -> #VALUE! | Y23: =+Z21 | Z23: =IF(I23="","",Y23+W23/1440) | AD23: =IFERROR(IF($I23="","",VLOOKUP($I23,MASTER!$G:$CF,48,0))*$W23,0) -> 0 | AE23: =IFERROR(IF($I23="","",VLOOKUP($I23,MASTER!$G:$CF,49,0))*$W23,0) -> 0 | AF23: =IFERROR(IF($I23="","",VLOOKUP($I23,MASTER!$G:$CF,50,0))*$W23,0) -> 0 | AG23: =IFERROR(IF($I23="","",VLOOKUP($I23,MASTER!$G:$CF,51,0))*$W23,0) -> 0 | AJ23: =IF(L23="",0,P23*L23) -> 0 | AK23: =I23 -> 0 | AL23: =Y23 | AM23: =IF(L23="","",L23*P23) | AN23: =IF(W23="","",W23*P23) | AO23: =+W23/(60*24) -> #VALUE!
A24: =VLOOKUP($I24,MASTER!$B:$B,2,0) -> #N/A | D24: =IF($I24="","",VLOOKUP($I24,MASTER!$G:$CF,2,0)) | E24: =IF($I24="","",VLOOKUP($I24,MASTER!$G:$CF,25,0)) | F24: =IF($I24="","",VLOOKUP($I24,MASTER!$G:$CF,27,0)) | G24: =L24 -> 0 | H24: =IF($L24<$F24="0","0",IF($L24="","",ROUNDUP(L24/F24,1))) | P24: =IF($I24="","",VLOOKUP($I24,MASTER!$G:$CF,65,0)) | Q24: =IF($I24="","",VLOOKUP($I24,MASTER!$G:$CF,37,0)) | R24: =IF(L24="","",+Q24*L24/60) | T24: =IF($I24="","",VLOOKUP($I24,MASTER!$G:$CF,38,0)) | U24: =IF(I24="","",SUM(R24:T24)) | V24: =IF(I24="","",(S24+T24)*P24) | W24: =IF(U24="","",ROUNDUP(U24,0)) | X24: =+L24/W24*60 -> #VALUE! | Y24: =+Z23 | Z24: =IF(I24="","",Y24+W24/1440) | AD24: =IFERROR(IF($I24="","",VLOOKUP($I24,MASTER!$G:$CF,48,0))*$W24,0) -> 0 | AE24: =IFERROR(IF($I24="","",VLOOKUP($I24,MASTER!$G:$CF,49,0))*$W24,0) -> 0 | AF24: =IFERROR(IF($I24="","",VLOOKUP($I24,MASTER!$G:$CF,50,0))*$W24,0) -> 0 | AG24: =IFERROR(IF($I24="","",VLOOKUP($I24,MASTER!$G:$CF,51,0))*$W24,0) -> 0 | AJ24: =IF(L24="",0,P24*L24) -> 0 | AK24: =I24 -> 0 | AL24: =Y24 | AM24: =IF(L24="","",L24*P24) | AN24: =IF(W24="","",W24*P24) | AO24: =+W24/(60*24) -> #VALUE!
A25: =VLOOKUP($I25,MASTER!$B:$B,2,0) -> #N/A | D25: =IF($I25="","",VLOOKUP($I25,MASTER!$G:$CF,2,0)) | E25: =IF($I25="","",VLOOKUP($I25,MASTER!$G:$CF,25,0)) | F25: =IF($I25="","",VLOOKUP($I25,MASTER!$G:$CF,27,0)) | G25: =L25 -> 0 | H25: =IF($L25<$F25="0","0",IF($L25="","",ROUNDUP(L25/F25,1))) | P25: =IF($I25="","",VLOOKUP($I25,MASTER!$G:$CF,65,0)) | Q25: =IF($I25="","",VLOOKUP($I25,MASTER!$G:$CF,37,0)) | R25: =IF(L25="","",+Q25*L25/60) | T25: =IF($I25="","",VLOOKUP($I25,MASTER!$G:$CF,38,0)) | U25: =IF(I25="","",SUM(R25:T25)) | V25: =IF(I25="","",(S25+T25)*P25) | W25: =IF(U25="","",ROUNDUP(U25,0)) | X25: =+L25/W25*60 -> #VALUE! | Y25: =+Z24 | Z25: =IF(I25="","",Y25+W25/1440) | AD25: =IFERROR(IF($I25="","",VLOOKUP($I25,MASTER!$G:$CF,48,0))*$W25,0) -> 0 | AE25: =IFERROR(IF($I25="","",VLOOKUP($I25,MASTER!$G:$CF,49,0))*$W25,0) -> 0 | AF25: =IFERROR(IF($I25="","",VLOOKUP($I25,MASTER!$G:$CF,50,0))*$W25,0) -> 0 | AG25: =IFERROR(IF($I25="","",VLOOKUP($I25,MASTER!$G:$CF,51,0))*$W25,0) -> 0 | AJ25: =IF(L25="",0,P25*L25) -> 0 | AK25: =I25 -> 0 | AL25: =Y25 | AM25: =IF(L25="","",L25*P25) | AN25: =IF(W25="","",W25*P25) | AO25: =+W25/(60*24) -> #VALUE!
A26: =VLOOKUP($I26,MASTER!$B:$B,2,0) -> #N/A | D26: =IF($I26="","",VLOOKUP($I26,MASTER!$G:$CF,2,0)) | E26: =IF($I26="","",VLOOKUP($I26,MASTER!$G:$CF,25,0)) | F26: =IF($I26="","",VLOOKUP($I26,MASTER!$G:$CF,27,0)) | G26: =L26 -> 0 | H26: =IF($L26<$F26="0","0",IF($L26="","",ROUNDUP(L26/F26,1))) | P26: =IF($I26="","",VLOOKUP($I26,MASTER!$G:$CF,65,0)) | Q26: =IF($I26="","",VLOOKUP($I26,MASTER!$G:$CF,37,0)) | R26: =IF(L26="","",+Q26*L26/60) | T26: =IF($I26="","",VLOOKUP($I26,MASTER!$G:$CF,38,0)) | U26: =IF(I26="","",SUM(R26:T26)) | V26: =IF(I26="","",(S26+T26)*P26) | W26: =IF(U26="","",ROUNDUP(U26,0)) | X26: =+L26/W26*60 -> #VALUE! | Y26: =+Z25 | Z26: =IF(I26="","",Y26+W26/1440) | AD26: =IFERROR(IF($I26="","",VLOOKUP($I26,MASTER!$G:$CF,48,0))*$W26,0) -> 0 | AE26: =IFERROR(IF($I26="","",VLOOKUP($I26,MASTER!$G:$CF,49,0))*$W26,0) -> 0 | AF26: =IFERROR(IF($I26="","",VLOOKUP($I26,MASTER!$G:$CF,50,0))*$W26,0) -> 0 | AG26: =IFERROR(IF($I26="","",VLOOKUP($I26,MASTER!$G:$CF,51,0))*$W26,0) -> 0 | AJ26: =IF(L26="",0,P26*L26) -> 0 | AK26: =I26 -> 0 | AL26: =Y26 | AM26: =IF(L26="","",L26*P26) | AN26: =IF(W26="","",W26*P26) | AO26: =+W26/(60*24) -> #VALUE!
A27: =VLOOKUP($I27,MASTER!$B:$B,2,0) -> #N/A | D27: =IF($I27="","",VLOOKUP($I27,MASTER!$G:$CF,2,0)) | E27: =IF($I27="","",VLOOKUP($I27,MASTER!$G:$CF,25,0)) | F27: =IF($I27="","",VLOOKUP($I27,MASTER!$G:$CF,27,0)) | G27: =L27 -> 0 | H27: =IF($L27<$F27="0","0",IF($L27="","",ROUNDUP(L27/F27,1))) | P27: =IF($I27="","",VLOOKUP($I27,MASTER!$G:$CF,65,0)) | Q27: =IF($I27="","",VLOOKUP($I27,MASTER!$G:$CF,37,0)) | R27: =IF(L27="","",+Q27*L27/60) | T27: =IF($I27="","",VLOOKUP($I27,MASTER!$G:$CF,38,0)) | U27: =IF(I27="","",SUM(R27:T27)) | V27: =IF(I27="","",(S27+T27)*P27) | W27: =IF(U27="","",ROUNDUP(U27,0)) | X27: =+L27/W27*60 -> #VALUE! | Y27: =+Z26 | Z27: =IF(I27="","",Y27+W27/1440) | AD27: =IFERROR(IF($I27="","",VLOOKUP($I27,MASTER!$G:$CF,48,0))*$W27,0) -> 0 | AE27: =IFERROR(IF($I27="","",VLOOKUP($I27,MASTER!$G:$CF,49,0))*$W27,0) -> 0 | AF27: =IFERROR(IF($I27="","",VLOOKUP($I27,MASTER!$G:$CF,50,0))*$W27,0) -> 0 | AG27: =IFERROR(IF($I27="","",VLOOKUP($I27,MASTER!$G:$CF,51,0))*$W27,0) -> 0 | AJ27: =IF(L27="",0,P27*L27) -> 0 | AK27: =I27 -> 0 | AL27: =Y27 | AM27: =IF(L27="","",L27*P27) | AN27: =IF(W27="","",W27*P27) | AO27: =+W27/(60*24) -> #VALUE!
A28: =VLOOKUP($I28,MASTER!$B:$B,2,0) -> #N/A | D28: =IF($I28="","",VLOOKUP($I28,MASTER!$G:$CF,2,0)) | E28: =IF($I28="","",VLOOKUP($I28,MASTER!$G:$CF,25,0)) | F28: =IF($I28="","",VLOOKUP($I28,MASTER!$G:$CF,27,0)) | G28: =L28 -> 0 | H28: =IF($L28<$F28="0","0",IF($L28="","",ROUNDUP(L28/F28,1))) | P28: =IF($I28="","",VLOOKUP($I28,MASTER!$G:$CF,65,0)) | Q28: =IF($I28="","",VLOOKUP($I28,MASTER!$G:$CF,37,0)) | R28: =IF(L28="","",+Q28*L28/60) | T28: =IF($I28="","",VLOOKUP($I28,MASTER!$G:$CF,38,0)) | U28: =IF(I28="","",SUM(R28:T28)) | V28: =IF(I28="","",(S28+T28)*P28) | W28: =IF(U28="","",ROUNDUP(U28,0)) | X28: =+L28/W28*60 -> #VALUE! | Y28: =+Z27 | Z28: =IF(I28="","",Y28+W28/1440) | AD28: =IFERROR(IF($I28="","",VLOOKUP($I28,MASTER!$G:$CF,48,0))*$W28,0) -> 0 | AE28: =IFERROR(IF($I28="","",VLOOKUP($I28,MASTER!$G:$CF,49,0))*$W28,0) -> 0 | AF28: =IFERROR(IF($I28="","",VLOOKUP($I28,MASTER!$G:$CF,50,0))*$W28,0) -> 0 | AG28: =IFERROR(IF($I28="","",VLOOKUP($I28,MASTER!$G:$CF,51,0))*$W28,0) -> 0 | AJ28: =IF(L28="",0,P28*L28) -> 0 | AK28: =I28 -> 0 | AL28: =Y28 | AM28: =IF(L28="","",L28*P28) | AN28: =IF(W28="","",W28*P28) | AO28: =+W28/(60*24) -> #VALUE!
A29: =VLOOKUP($I29,MASTER!$B:$B,2,0) -> #N/A | D29: =IF($I29="","",VLOOKUP($I29,MASTER!$G:$CF,2,0)) | E29: =IF($I29="","",VLOOKUP($I29,MASTER!$G:$CF,25,0)) | F29: =IF($I29="","",VLOOKUP($I29,MASTER!$G:$CF,27,0)) | G29: =L29 -> 0 | H29: =IF($L29<$F29="0","0",IF($L29="","",ROUNDUP(L29/F29,1))) | P29: =IF($I29="","",VLOOKUP($I29,MASTER!$G:$CF,65,0)) | Q29: =IF($I29="","",VLOOKUP($I29,MASTER!$G:$CF,37,0)) | R29: =IF(L29="","",+Q29*L29/60) | T29: =IF($I29="","",VLOOKUP($I29,MASTER!$G:$CF,38,0)) | U29: =IF(I29="","",SUM(R29:T29)) | V29: =IF(I29="","",(S29+T29)*P29) | W29: =IF(U29="","",ROUNDUP(U29,0)) | X29: =+L29/W29*60 -> #VALUE! | Y29: =+Z28 | Z29: =IF(I29="","",Y29+W29/1440) | AD29: =IFERROR(IF($I29="","",VLOOKUP($I29,MASTER!$G:$CF,48,0))*$W29,0) -> 0 | AE29: =IFERROR(IF($I29="","",VLOOKUP($I29,MASTER!$G:$CF,49,0))*$W29,0) -> 0 | AF29: =IFERROR(IF($I29="","",VLOOKUP($I29,MASTER!$G:$CF,50,0))*$W29,0) -> 0 | AG29: =IFERROR(IF($I29="","",VLOOKUP($I29,MASTER!$G:$CF,51,0))*$W29,0) -> 0 | AJ29: =IF(L29="",0,P29*L29) -> 0 | AK29: =I29 -> 0 | AL29: =Y29 | AM29: =IF(L29="","",L29*P29) | AN29: =IF(W29="","",W29*P29) | AO29: =+W29/(60*24) -> #VALUE!
A30: =VLOOKUP($I30,MASTER!$B:$B,2,0) -> #N/A | D30: =IF($I30="","",VLOOKUP($I30,MASTER!$G:$CF,2,0)) | E30: =IF($I30="","",VLOOKUP($I30,MASTER!$G:$CF,25,0)) | F30: =IF($I30="","",VLOOKUP($I30,MASTER!$G:$CF,27,0)) | G30: =L30 -> 0 | H30: =IF($L30<$F30="0","0",IF($L30="","",ROUNDUP(L30/F30,1))) | P30: =IF($I30="","",VLOOKUP($I30,MASTER!$G:$CF,65,0)) | Q30: =IF($I30="","",VLOOKUP($I30,MASTER!$G:$CF,37,0)) | R30: =IF(L30="","",+Q30*L30/60) | T30: =IF($I30="","",VLOOKUP($I30,MASTER!$G:$CF,38,0)) | U30: =IF(I30="","",SUM(R30:T30)) | V30: =IF(I30="","",(S30+T30)*P30) | W30: =IF(U30="","",ROUNDUP(U30,0)) | X30: =+L30/W30*60 -> #VALUE! | Y30: =+Z29 | Z30: =IF(I30="","",Y30+W30/1440) | AD30: =IFERROR(IF($I30="","",VLOOKUP($I30,MASTER!$G:$CF,48,0))*$W30,0) -> 0 | AE30: =IFERROR(IF($I30="","",VLOOKUP($I30,MASTER!$G:$CF,49,0))*$W30,0) -> 0 | AF30: =IFERROR(IF($I30="","",VLOOKUP($I30,MASTER!$G:$CF,50,0))*$W30,0) -> 0 | AG30: =IFERROR(IF($I30="","",VLOOKUP($I30,MASTER!$G:$CF,51,0))*$W30,0) -> 0 | AJ30: =IF(L30="",0,P30*L30) -> 0 | AK30: =I30 -> 0 | AL30: =Y30 | AM30: =IF(L30="","",L30*P30) | AN30: =IF(W30="","",W30*P30) | AO30: =+W30/(60*24) -> #VALUE!
A31: =VLOOKUP($I31,MASTER!$B:$B,2,0) -> #N/A | D31: =IF($I31="","",VLOOKUP($I31,MASTER!$G:$CF,2,0)) | E31: =IF($I31="","",VLOOKUP($I31,MASTER!$G:$CF,25,0)) | F31: =IF($I31="","",VLOOKUP($I31,MASTER!$G:$CF,27,0)) | G31: =L31 -> 0 | H31: =IF($L31<$F31="0","0",IF($L31="","",ROUNDUP(L31/F31,1))) | P31: =IF($I31="","",VLOOKUP($I31,MASTER!$G:$CF,65,0)) | Q31: =IF($I31="","",VLOOKUP($I31,MASTER!$G:$CF,37,0)) | R31: =IF(L31="","",+Q31*L31/60) | T31: =IF($I31="","",VLOOKUP($I31,MASTER!$G:$CF,38,0)) | U31: =IF(I31="","",SUM(R31:T31)) | V31: =IF(I31="","",(S31+T31)*P31) | W31: =IF(U31="","",ROUNDUP(U31,0)) | X31: =+L31/W31*60 -> #VALUE! | Y31: =+Z30 | Z31: =IF(I31="","",Y31+W31/1440) | AD31: =IFERROR(IF($I31="","",VLOOKUP($I31,MASTER!$G:$CF,48,0))*$W31,0) -> 0 | AE31: =IFERROR(IF($I31="","",VLOOKUP($I31,MASTER!$G:$CF,49,0))*$W31,0) -> 0 | AF31: =IFERROR(IF($I31="","",VLOOKUP($I31,MASTER!$G:$CF,50,0))*$W31,0) -> 0 | AG31: =IFERROR(IF($I31="","",VLOOKUP($I31,MASTER!$G:$CF,51,0))*$W31,0) -> 0 | AJ31: =IF(L31="",0,P31*L31) -> 0 | AK31: =I31 -> 0 | AL31: =Y31 | AM31: =IF(L31="","",L31*P31) | AN31: =IF(W31="","",W31*P31) | AO31: =+W31/(60*24) -> #VALUE!
A32: =VLOOKUP($I32,MASTER!$B:$B,2,0) -> #N/A | D32: =IF($I32="","",VLOOKUP($I32,MASTER!$G:$CF,2,0)) | E32: =IF($I32="","",VLOOKUP($I32,MASTER!$G:$CF,25,0)) | F32: =IF($I32="","",VLOOKUP($I32,MASTER!$G:$CF,27,0)) | G32: =L32 -> 0 | H32: =IF($L32<$F32="0","0",IF($L32="","",ROUNDUP(L32/F32,1))) | P32: =IF($I32="","",VLOOKUP($I32,MASTER!$G:$CF,65,0)) | Q32: =IF($I32="","",VLOOKUP($I32,MASTER!$G:$CF,37,0)) | R32: =IF(L32="","",+Q32*L32/60) | T32: =IF($I32="","",VLOOKUP($I32,MASTER!$G:$CF,38,0)) | U32: =IF(I32="","",SUM(R32:T32)) | V32: =IF(I32="","",(S32+T32)*P32) | W32: =IF(U32="","",ROUNDUP(U32,0)) | X32: =+L32/W32*60 -> #VALUE! | Y32: =+Z31 | Z32: =IF(I32="","",Y32+W32/1440) | AD32: =IFERROR(IF($I32="","",VLOOKUP($I32,MASTER!$G:$CF,48,0))*$W32,0) -> 0 | AE32: =IFERROR(IF($I32="","",VLOOKUP($I32,MASTER!$G:$CF,49,0))*$W32,0) -> 0 | AF32: =IFERROR(IF($I32="","",VLOOKUP($I32,MASTER!$G:$CF,50,0))*$W32,0) -> 0 | AG32: =IFERROR(IF($I32="","",VLOOKUP($I32,MASTER!$G:$CF,51,0))*$W32,0) -> 0 | AJ32: =IF(L32="",0,P32*L32) -> 0 | AK32: =I32 -> 0 | AL32: =Y32 | AM32: =IF(L32="","",L32*P32) | AN32: =IF(W32="","",W32*P32) | AO32: =+W32/(60*24) -> #VALUE!
A33: =VLOOKUP($I33,MASTER!$B:$B,2,0) -> #N/A | D33: =IF($I33="","",VLOOKUP($I33,MASTER!$G:$CF,2,0)) | E33: =IF($I33="","",VLOOKUP($I33,MASTER!$G:$CF,25,0)) | F33: =IF($I33="","",VLOOKUP($I33,MASTER!$G:$CF,27,0)) | G33: =L33 -> 0 | H33: =IF($L33<$F33="0","0",IF($L33="","",ROUNDUP(L33/F33,1))) | P33: =IF($I33="","",VLOOKUP($I33,MASTER!$G:$CF,65,0)) | Q33: =IF($I33="","",VLOOKUP($I33,MASTER!$G:$CF,37,0)) | R33: =IF(L33="","",+Q33*L33/60) | T33: =IF($I33="","",VLOOKUP($I33,MASTER!$G:$CF,38,0)) | U33: =IF(I33="","",SUM(R33:T33)) | V33: =IF(I33="","",(S33+T33)*P33) | W33: =IF(U33="","",ROUNDUP(U33,0)) | X33: =+L33/W33*60 -> #VALUE! | Z33: =IF(I33="","",Y33+W33/1440) | AD33: =IFERROR(IF($I33="","",VLOOKUP($I33,MASTER!$G:$CF,48,0))*$W33,0) -> 0 | AE33: =IFERROR(IF($I33="","",VLOOKUP($I33,MASTER!$G:$CF,49,0))*$W33,0) -> 0 | AF33: =IFERROR(IF($I33="","",VLOOKUP($I33,MASTER!$G:$CF,50,0))*$W33,0) -> 0 | AG33: =IFERROR(IF($I33="","",VLOOKUP($I33,MASTER!$G:$CF,51,0))*$W33,0) -> 0 | AJ33: =IF(L33="",0,P33*L33) -> 0 | AK33: =I33 -> 0 | AL33: =Y33 -> 0 | AM33: =IF(L33="","",L33*P33) | AN33: =IF(W33="","",W33*P33) | AO33: =+W33/(60*24) -> #VALUE!
A34: =VLOOKUP($I34,MASTER!$B:$B,2,0) -> #N/A | D34: =IF($I34="","",VLOOKUP($I34,MASTER!$G:$CF,2,0)) | E34: =IF($I34="","",VLOOKUP($I34,MASTER!$G:$CF,25,0)) | F34: =IF($I34="","",VLOOKUP($I34,MASTER!$G:$CF,27,0)) | G34: =L34 -> 0 | H34: =IF($L34<$F34="0","0",IF($L34="","",ROUNDUP(L34/F34,1))) | N34: 100 | P34: =IF($I34="","",VLOOKUP($I34,MASTER!$G:$CF,65,0)) | Q34: =IF($I34="","",VLOOKUP($I34,MASTER!$G:$CF,37,0)) | R34: =IF(L34="","",+Q34*L34/60) | T34: =IF($I34="","",VLOOKUP($I34,MASTER!$G:$CF,38,0)) | U34: =IF(I34="","",SUM(R34:T34)) | V34: =IF(I34="","",(S34+T34)*P34) | W34: =IF(U34="","",ROUNDUP(U34,0)) | X34: =+L34/W34*60 -> #VALUE! | Z34: =IF(I34="","",Y34+W34/1440) | AD34: =IFERROR(IF($I34="","",VLOOKUP($I34,MASTER!$G:$CF,48,0))*$W34,0) -> 0 | AE34: =IFERROR(IF($I34="","",VLOOKUP($I34,MASTER!$G:$CF,49,0))*$W34,0) -> 0 | AF34: =IFERROR(IF($I34="","",VLOOKUP($I34,MASTER!$G:$CF,50,0))*$W34,0) -> 0 | AG34: =IFERROR(IF($I34="","",VLOOKUP($I34,MASTER!$G:$CF,51,0))*$W34,0) -> 0 | AJ34: =IF(L34="",0,P34*L34) -> 0 | AK34: =I34 -> 0 | AL34: =Y34 -> 0 | AM34: =IF(L34="","",L34*P34) | AN34: =IF(W34="","",W34*P34) | AO34: =+W34/(60*24) -> #VALUE!
A35: =VLOOKUP($I35,MASTER!$B:$B,2,0) -> #N/A | D35: =IF($I35="","",VLOOKUP($I35,MASTER!$G:$CF,2,0)) | E35: =IF($I35="","",VLOOKUP($I35,MASTER!$G:$CF,25,0)) | F35: =IF($I35="","",VLOOKUP($I35,MASTER!$G:$CF,27,0)) | G35: =L35 -> 0 | H35: =IF($L35<$F35="0","0",IF($L35="","",ROUNDUP(L35/F35,1))) | P35: =IF($I35="","",VLOOKUP($I35,MASTER!$G:$CF,65,0)) | Q35: =IF($I35="","",VLOOKUP($I35,MASTER!$G:$CF,37,0)) | R35: =IF(L35="","",+Q35*L35/60) | T35: =IF($I35="","",VLOOKUP($I35,MASTER!$G:$CF,38,0)) | U35: =IF(I35="","",SUM(R35:T35)) | V35: =IF(I35="","",(S35+T35)*P35) | W35: =IF(U35="","",ROUNDUP(U35,0)) | X35: =+L35/W35*60 -> #VALUE! | Z35: =IF(I35="","",Y35+W35/1440) | AD35: =IFERROR(IF($I35="","",VLOOKUP($I35,MASTER!$G:$CF,48,0))*$W35,0) -> 0 | AE35: =IFERROR(IF($I35="","",VLOOKUP($I35,MASTER!$G:$CF,49,0))*$W35,0) -> 0 | AF35: =IFERROR(IF($I35="","",VLOOKUP($I35,MASTER!$G:$CF,50,0))*$W35,0) -> 0 | AG35: =IFERROR(IF($I35="","",VLOOKUP($I35,MASTER!$G:$CF,51,0))*$W35,0) -> 0 | AJ35: =IF(L35="",0,P35*L35) -> 0 | AK35: =I35 -> 0 | AL35: =Y35 -> 0 | AM35: =IF(L35="","",L35*P35) | AN35: =IF(W35="","",W35*P35) | AO35: =+W35/(60*24) -> #VALUE!
A36: =VLOOKUP($I36,MASTER!$B:$B,2,0) -> #N/A | D36: =IF($I36="","",VLOOKUP($I36,MASTER!$G:$CF,2,0)) | E36: =IF($I36="","",VLOOKUP($I36,MASTER!$G:$CF,25,0)) | F36: =IF($I36="","",VLOOKUP($I36,MASTER!$G:$CF,27,0)) | G36: =L36 -> 0 | H36: =IF($L36<$F36="0","0",IF($L36="","",ROUNDUP(L36/F36,1))) | N36: =+L36 -> 0 | P36: =IF($I36="","",VLOOKUP($I36,MASTER!$G:$CF,65,0)) | Q36: =IF($I36="","",VLOOKUP($I36,MASTER!$G:$CF,37,0)) | R36: =IF(L36="","",+Q36*L36/60) | T36: =IF($I36="","",VLOOKUP($I36,MASTER!$G:$CF,38,0)) | U36: =IF(I36="","",SUM(R36:T36)) | V36: =IF(I36="","",(S36+T36)*P36) | W36: =IF(U36="","",ROUNDUP(U36,0)) | X36: =+L36/W36*60 -> #VALUE! | Z36: =IF(I36="","",Y36+W36/1440) | AD36: =IFERROR(IF($I36="","",VLOOKUP($I36,MASTER!$G:$CF,48,0))*$W36,0) -> 0 | AE36: =IFERROR(IF($I36="","",VLOOKUP($I36,MASTER!$G:$CF,49,0))*$W36,0) -> 0 | AF36: =IFERROR(IF($I36="","",VLOOKUP($I36,MASTER!$G:$CF,50,0))*$W36,0) -> 0 | AG36: =IFERROR(IF($I36="","",VLOOKUP($I36,MASTER!$G:$CF,51,0))*$W36,0) -> 0 | AJ36: =IF(L36="",0,P36*L36) -> 0 | AK36: =I36 -> 0 | AL36: =Y36 -> 0 | AM36: =IF(L36="","",L36*P36) | AN36: =IF(W36="","",W36*P36) | AO36: =+W36/(60*24) -> #VALUE!
A37: =VLOOKUP($I37,MASTER!$B:$B,2,0) -> #N/A | D37: =IF($I37="","",VLOOKUP($I37,MASTER!$G:$CF,2,0)) | E37: =IF($I37="","",VLOOKUP($I37,MASTER!$G:$CF,25,0)) | F37: =IF($I37="","",VLOOKUP($I37,MASTER!$G:$CF,27,0)) | G37: =L37 -> 0 | H37: =IF($L37<$F37="0","0",IF($L37="","",ROUNDUP(L37/F37,1))) | P37: =IF($I37="","",VLOOKUP($I37,MASTER!$G:$CF,65,0)) | Q37: =IF($I37="","",VLOOKUP($I37,MASTER!$G:$CF,37,0)) | R37: =IF(L37="","",+Q37*L37/60) | T37: =IF($I37="","",VLOOKUP($I37,MASTER!$G:$CF,38,0)) | U37: =IF(I37="","",SUM(R37:T37)) | V37: =IF(I37="","",(S37+T37)*P37) | W37: =IF(U37="","",ROUNDUP(U37,0)) | X37: =+L37/W37*60 -> #VALUE! | Y37: =+Z36 | Z37: =IF(I37="","",Y37+W37/1440) | AD37: =IFERROR(IF($I37="","",VLOOKUP($I37,MASTER!$G:$CF,48,0))*$W37,0) -> 0 | AE37: =IFERROR(IF($I37="","",VLOOKUP($I37,MASTER!$G:$CF,49,0))*$W37,0) -> 0 | AF37: =IFERROR(IF($I37="","",VLOOKUP($I37,MASTER!$G:$CF,50,0))*$W37,0) -> 0 | AG37: =IFERROR(IF($I37="","",VLOOKUP($I37,MASTER!$G:$CF,51,0))*$W37,0) -> 0 | AJ37: =IF(L37="",0,P37*L37) -> 0 | AK37: =I37 -> 0 | AL37: =Y37 | AM37: =IF(L37="","",L37*P37) | AN37: =IF(W37="","",W37*P37) | AO37: =+W37/(60*24) -> #VALUE!
A38: =VLOOKUP($I38,MASTER!$B:$B,2,0) -> #N/A | D38: =IF($I38="","",VLOOKUP($I38,MASTER!$G:$CF,2,0)) | E38: =IF($I38="","",VLOOKUP($I38,MASTER!$G:$CF,25,0)) | F38: =IF($I38="","",VLOOKUP($I38,MASTER!$G:$CF,27,0)) | G38: =L38 -> 0 | H38: =IF($L38<$F38="0","0",IF($L38="","",ROUNDUP(L38/F38,1))) | N38: =+L38 -> 0 | P38: =IF($I38="","",VLOOKUP($I38,MASTER!$G:$CF,65,0)) | Q38: =IF($I38="","",VLOOKUP($I38,MASTER!$G:$CF,37,0)) | R38: =IF(L38="","",+Q38*L38/60) | T38: =IF($I38="","",VLOOKUP($I38,MASTER!$G:$CF,38,0)) | U38: =IF(I38="","",SUM(R38:T38)) | V38: =IF(I38="","",(S38+T38)*P38) | W38: =IF(U38="","",ROUNDUP(U38,0)) | X38: =+L38/W38*60 -> #VALUE! | Y38: =+Z37 | Z38: =IF(I38="","",Y38+W38/1440) | AD38: =IFERROR(IF($I38="","",VLOOKUP($I38,MASTER!$G:$CF,48,0))*$W38,0) -> 0 | AE38: =IFERROR(IF($I38="","",VLOOKUP($I38,MASTER!$G:$CF,49,0))*$W38,0) -> 0 | AF38: =IFERROR(IF($I38="","",VLOOKUP($I38,MASTER!$G:$CF,50,0))*$W38,0) -> 0 | AG38: =IFERROR(IF($I38="","",VLOOKUP($I38,MASTER!$G:$CF,51,0))*$W38,0) -> 0 | AJ38: =IF(L38="",0,P38*L38) -> 0 | AK38: =I38 -> 0 | AL38: =Y38 | AM38: =IF(L38="","",L38*P38) | AN38: =IF(W38="","",W38*P38) | AO38: =+W38/(60*24) -> #VALUE!
