Workbook

Sheet GSPH REPAIR REJECT 2026
B2: ACHIEVEMENT REPORT OF ONE YEAR POLICY 2026
B3: PT INTI PANTJA PRESS INDUSTRI
B5: CONTROL ITEM | C5: DESCRIPTION | E5: TARGET KPI | F5: TARGET | G5: ACHIEVEMENT
G6: JAN | H6: FEB | I6: MAR | J6: APR | K6: MAY | L6: JUN | M6: JUL | N6: AUG | O6: SEP | P6: OCT | Q6: NOV | R6: DEC
B7: 1. Productivity | C7: 1. GSPH
C8: a. Press A | D8: Monthly | E8: 540 | F8: 537.35408 | G8: ='DETAIL 2026'!D7 -> 440.21871 | H8: ='DETAIL 2026'!E7 -> 449.13812 | I8: ='DETAIL 2026'!F7 -> 454.16948 | J8: ='DETAIL 2026'!G7 -> 458.80246 | K8: ='DETAIL 2026'!H7 -> 455.3847 | L8: ='DETAIL 2026'!I7 -> 457.14549 | M8: ='DETAIL 2026'!J7 -> 457.51863
C9: b. Press B | D9: Monthly | E9: 550 | F9: 565.84342 | G9: ='DETAIL 2026'!D15 -> 473.65622 | H9: ='DETAIL 2026'!E15 -> 455.1773 | I9: ='DETAIL 2026'!F15 -> 443.7973 | J9: ='DETAIL 2026'!G15 -> 414.33667 | K9: ='DETAIL 2026'!H15 -> 443.98243 | L9: ='DETAIL 2026'!I15 -> 440.40309 | M9: ='DETAIL 2026'!J15 -> 441.4709
C10: c. Press C | D10: Monthly | E10: 355 | F10: 255.52571 | G10: ='DETAIL 2026'!D23 -> 195.34378 | H10: ='DETAIL 2026'!E23 -> 214.69457 | I10: ='DETAIL 2026'!F23 -> 205.20642 | J10: ='DETAIL 2026'!G23 -> 214.00497 | K10: ='DETAIL 2026'!H23 -> 211.2541 | L10: ='DETAIL 2026'!I23 -> 201.35464 | M10: ='DETAIL 2026'!J23 -> 210.15226
C11: d. Press D | D11: Monthly | E11: 535 | F11: 537.63713 | G11: ='DETAIL 2026'!D31 -> 431.52986 | H11: ='DETAIL 2026'!E31 -> 445.07106 | I11: ='DETAIL 2026'!F31 -> 448.28354 | J11: ='DETAIL 2026'!G31 -> 429.66083 | K11: ='DETAIL 2026'!H31 -> 440.34578 | L11: ='DETAIL 2026'!I31 -> 427.59333 | M11: ='DETAIL 2026'!J31 -> 440.15541
C12: e. Press E | D12: Monthly | E12: 450 | F12: 351.70984 | G12: ='DETAIL 2026'!D39 -> 425.5091 | H12: ='DETAIL 2026'!E39 -> 406.6438 | I12: ='DETAIL 2026'!F39 -> 411.38722 | J12: ='DETAIL 2026'!G39 -> 410.2198 | K12: ='DETAIL 2026'!H39 -> 414.66228 | L12: ='DETAIL 2026'!I39 -> 435.54652 | M12: ='DETAIL 2026'!J39 -> 240
C13: f. Press F | D13: Monthly | E13: 550 | F13: 536.30442 | G13: ='DETAIL 2026'!D47 -> 513.165 | H13: ='DETAIL 2026'!E47 -> 505.14389 | I13: ='DETAIL 2026'!F47 -> 525.36892 | J13: ='DETAIL 2026'!G47 -> 522.0044 | K13: ='DETAIL 2026'!H47 -> 513.10876 | L13: ='DETAIL 2026'!I47 -> 523.63075 | M13: ='DETAIL 2026'!J47 -> 240
C14: g. Press K | D14: Monthly | E14: 550 | F14: 430.43227 | G14: ='DETAIL 2026'!D55 -> 612.56158 | H14: ='DETAIL 2026'!E55 -> 547.93795 | I14: ='DETAIL 2026'!F55 -> 541.41132 | J14: ='DETAIL 2026'!G55 -> 547.17153 | K14: ='DETAIL 2026'!H55 -> 551.05138 | L14: ='DETAIL 2026'!I55 -> 549.69238 | M14: ='DETAIL 2026'!J55 -> 240
C15: h. Press Line | D15: Monthly | E15: 500 | F15: 486.12852 | G15: ='DETAIL 2026'!D63 -> 476.31005 | H15: ='DETAIL 2026'!E63 -> 457.14462 | I15: ='DETAIL 2026'!F63 -> 452.19075 | J15: ='DETAIL 2026'!G63 -> 451.18406 | K15: ='DETAIL 2026'!H63 -> 461.10915 | L15: ='DETAIL 2026'!I63 -> 455.01033 | M15: ='DETAIL 2026'!J63 -> 381.9646
C16: i. Press Line | D16: Ytd | E16: 510 | G16: ='DETAIL 2026'!D68 -> 476.31005 | H16: ='DETAIL 2026'!E68 -> 466.51276 | I16: ='DETAIL 2026'!F68 -> 462.58643 | J16: ='DETAIL 2026'!G68 -> 459.39619 | K16: ='DETAIL 2026'!H68 -> 459.73638 | L16: ='DETAIL 2026'!I68 -> 458.94529 | M16: ='DETAIL 2026'!J68 -> 451.86144
C17: (avg GSPH = tot Stroke/TPT)
B19: 2. Quality | C19: 1. Repair Rate Press Line
C20: a. Repair Rate Press A | D20: Monthly | E20: 0.01 | G20: ='DETAIL 2026'!D84 -> 0.0021540698 | H20: ='DETAIL 2026'!E84 -> 0.00052051705 | I20: ='DETAIL 2026'!F84 -> 0.00022372418 | J20: ='DETAIL 2026'!G84 -> 0.00181909 | K20: ='DETAIL 2026'!H84 -> 0.00011330278 | L20: ='DETAIL 2026'!I84 -> 0.0027676974 | M20: ='DETAIL 2026'!J84 -> 0.0012470921
C21: b. Repair Rate Press B | D21: Monthly | E21: 0.01 | G21: ='DETAIL 2026'!D105 -> 0.0059926049 | H21: ='DETAIL 2026'!E105 -> 0.017598564 | I21: ='DETAIL 2026'!F105 -> 0.014827985 | J21: ='DETAIL 2026'!G105 -> 0.0066699599 | K21: ='DETAIL 2026'!H105 -> 0.0008140237 | L21: ='DETAIL 2026'!I105 -> 0.01418732 | M21: ='DETAIL 2026'!J105 -> 0.0092252659
C22: c. Repair Rate Press C | D22: Monthly | E22: 0.01 | G22: ='DETAIL 2026'!D126 -> 0.037548035 | H22: ='DETAIL 2026'!E126 -> 0.035991074 | I22: ='DETAIL 2026'!F126 -> 0.032952929 | J22: ='DETAIL 2026'!G126 -> 0.038486486 | K22: ='DETAIL 2026'!H126 -> 0.030477098 | L22: ='DETAIL 2026'!I126 -> 0.040752713 | M22: ='DETAIL 2026'!J126 -> 0.037100054
C23: d. Repair Rate Press D | D23: Monthly | E23: 0.01 | G23: ='DETAIL 2026'!D147 -> 0.012898857 | H23: ='DETAIL 2026'!E147 -> 0.018018557 | I23: ='DETAIL 2026'!F147 -> 0.015369595 | J23: ='DETAIL 2026'!G147 -> 0.0029494299 | K23: ='DETAIL 2026'!H147 -> 0.0056271278 | L23: ='DETAIL 2026'!I147 -> 0.0056098924 | M23: ='DETAIL 2026'!J147 -> 0.010168842
C24: e. Repair Rate Press E | D24: Monthly | E24: 0.01 | G24: ='DETAIL 2026'!D168 -> 0.015388253 | H24: ='DETAIL 2026'!E168 -> 0.019259048 | I24: ='DETAIL 2026'!F168 -> 0.015421674 | J24: ='DETAIL 2026'!G168 -> 0.023448769 | K24: ='DETAIL 2026'!H168 -> 0.030494238 | L24: ='DETAIL 2026'!I168 -> 0.023227833 | M24: ='DETAIL 2026'!J168 -> 0.01855114
C25: f. Repair Rate Press F | D25: Monthly | E25: 0.01 | G25: ='DETAIL 2026'!D189 -> 0.001774834 | H25: ='DETAIL 2026'!E189 -> 0.0021076826 | I25: ='DETAIL 2026'!F189 -> 0.0022859954 | J25: ='DETAIL 2026'!G189 -> 0.0061378168 | K25: ='DETAIL 2026'!H189 -> 0.0037757298 | L25: ='DETAIL 2026'!I189 -> 0.0055571138 | M25: ='DETAIL 2026'!J189 -> 0.0092221848
C26: g. Repair Rate Press K | D26: Monthly | E26: 0.01 | G26: ='DETAIL 2026'!D210 -> 0 | H26: ='DETAIL 2026'!E210 -> 0 | I26: ='DETAIL 2026'!F210 -> 0 | J26: ='DETAIL 2026'!G210 -> 0 | K26: ='DETAIL 2026'!H210 -> 0.007548686 | L26: ='DETAIL 2026'!I210 -> 0 | M26: ='DETAIL 2026'!J210 -> 0.0092225746
C27: h. Repair Rate Press Line | D27: Monthly | E27: 0.01 | G27: ='DETAIL 2026'!D231 -> 0.00611375 | H27: ='DETAIL 2026'!E231 -> 0.0096626104 | I27: ='DETAIL 2026'!F231 -> 0.0084733668 | J27: ='DETAIL 2026'!G231 -> 0.0064948579 | K27: ='DETAIL 2026'!H231 -> 0.0075743869 | L27: ='DETAIL 2026'!I231 -> 0.0088782085 | M27: ='DETAIL 2026'!J231 -> 0.010419599
C28: i. Repair Rate Press Line | D28: Ytd | E28: 0.01 | G28: ='DETAIL 2026'!D236 -> 0.00611375 | H28: ='DETAIL 2026'!E236 -> 0.0080866872 | I28: ='DETAIL 2026'!F236 -> 0.0081969804 | J28: ='DETAIL 2026'!G236 -> 0.0077130363 | K28: ='DETAIL 2026'!H236 -> 0.0076839014 | L28: ='DETAIL 2026'!I236 -> 0.0078918657 | M28: ='DETAIL 2026'!J236 -> 0.0082384401
C30: 2. Reject Rate Press Line
C31: a. Reject Rate Press A | D31: Monthly | E31: 0.0002 | G31: ='DETAIL 2026'!D85 -> 3.5901164e-05 | H31: ='DETAIL 2026'!E85 -> 0.00017350568 | I31: ='DETAIL 2026'!F85 -> 0.00055342298 | J31: ='DETAIL 2026'!G85 -> 5.9642295e-05 | K31: ='DETAIL 2026'!H85 -> 0.00010300252 | L31: ='DETAIL 2026'!I85 -> 0.00010033948 | M31: ='DETAIL 2026'!J85 -> 0.00014389524
C32: b. Reject Rate Press B | D32: Monthly | E32: 0.0002 | G32: ='DETAIL 2026'!D106 -> 5.9681895e-05 | H32: ='DETAIL 2026'!E106 -> 0.00019581501 | I32: ='DETAIL 2026'!F106 -> 0.00026928587 | J32: ='DETAIL 2026'!G106 -> 0 | K32: ='DETAIL 2026'!H106 -> 0.00010064293 | L32: ='DETAIL 2026'!I106 -> 0.00010697913 | M32: ='DETAIL 2026'!J106 -> 0.00020823884
C33: c. Reject Rate Press C | D33: Monthly | E33: 0.0002 | G33: ='DETAIL 2026'!D127 -> 0.0024075189 | H33: ='DETAIL 2026'!E127 -> 0.0020155002 | I33: ='DETAIL 2026'!F127 -> 0.00052030941 | J33: ='DETAIL 2026'!G127 -> 0.00014414414 | K33: ='DETAIL 2026'!H127 -> 0.00023810232 | L33: ='DETAIL 2026'!I127 -> 0.00023089356 | M33: ='DETAIL 2026'!J127 -> 0.00024899365
C34: d. Reject Rate Press D | D34: Monthly | E34: 0.0002 | G34: ='DETAIL 2026'!D148 -> 0.00014340915 | H34: ='DETAIL 2026'!E148 -> 0.00010467211 | I34: ='DETAIL 2026'!F148 -> 0.00019332824 | J34: ='DETAIL 2026'!G148 -> 8.4269426e-06 | K34: ='DETAIL 2026'!H148 -> 0.00011021578 | L34: ='DETAIL 2026'!I148 -> 5.5889339e-05 | M34: ='DETAIL 2026'!J148 -> 0.0002453929
C35: e. Reject Rate Press E | D35: Monthly | E35: 0.0002 | G35: ='DETAIL 2026'!D169 -> 0.00028374161 | H35: ='DETAIL 2026'!E169 -> 0.0011425307 | I35: ='DETAIL 2026'!F169 -> 0.0015196056 | J35: ='DETAIL 2026'!G169 -> 0.0007808309 | K35: ='DETAIL 2026'!H169 -> 0.0011490777 | L35: ='DETAIL 2026'!I169 -> 0.00061996932 | M35: ='DETAIL 2026'!J169 -> 0.00090981242
C36: f. Reject Rate Press F | D36: Monthly | E36: 0.0002 | G36: ='DETAIL 2026'!D190 -> 0.00038173805 | H36: ='DETAIL 2026'!E190 -> 0.00063008617 | I36: ='DETAIL 2026'!F190 -> 0.00046199908 | J36: ='DETAIL 2026'!G190 -> 0.00071137947 | K36: ='DETAIL 2026'!H190 -> 0.00068567614 | L36: ='DETAIL 2026'!I190 -> 0.00035060655 | M36: ='DETAIL 2026'!J190 -> 0.00057979345
C37: g. Reject Rate Press K | D37: Monthly | E37: 0.0002 | G37: ='DETAIL 2026'!D211 -> 0.00025068772 | H37: ='DETAIL 2026'!E211 -> 0 | I37: ='DETAIL 2026'!F211 -> 0 | J37: ='DETAIL 2026'!G211 -> 1.4592241e-05 | K37: ='DETAIL 2026'!H211 -> 1.9235044e-05 | L37: ='DETAIL 2026'!I211 -> 0 | M37: ='DETAIL 2026'!J211 -> 0.0010103922
C38: h. Reject Rate Press Line | D38: Monthly | E38: 0.0002 | G38: ='DETAIL 2026'!D232 -> 0.00026287134 | H38: ='DETAIL 2026'!E232 -> 0.00035313768 | I38: ='DETAIL 2026'!F232 -> 0.00041307552 | J38: ='DETAIL 2026'!G232 -> 0.0002017511 | K38: ='DETAIL 2026'!H232 -> 0.00027342884 | L38: ='DETAIL 2026'!I232 -> 0.00017760484 | M38: ='DETAIL 2026'!J232 -> 0.00056310113
C39: i. Reject Rate Press Line | D39: Ytd | E39: 0.0002 | G39: ='DETAIL 2026'!D237 -> 0.00026287134 | H39: ='DETAIL 2026'!E237 -> 0.00031305359 | I39: ='DETAIL 2026'!F237 -> 0.00034158299 | J39: ='DETAIL 2026'!G237 -> 0.00030182627 | K39: ='DETAIL 2026'!H237 -> 0.000295859 | L39: ='DETAIL 2026'!I237 -> 0.00027526744 | M39: ='DETAIL 2026'!J237 -> 0.00031473196
O42: Bekasi, 01 Agustus 2026
O43: Approved | Q43: Checked
O48: Ka. Div | Q48: Ka. Dept.

Sheet DETAIL 2026
A1: STROKE/TPT = GSPH
A2: BULAN | D2: JAN | E2: FEB | F2: MAR | G2: APR | H2: MEI | I2: JUN | J2: JUL | K2: AGU | L2: SEP | M2: OKT | N2: NOV | O2: DES
A4: GSPH | B4: A LINE | D4: JAN | E4: FEB | F4: MAR | G4: APR | H4: MEI | I4: JUN | J4: JUL | K4: AGU | L4: SEP | M4: OKT | N4: NOV | O4: DES
C5: TPT (menit) | D5: 76082 | E5: 73862 | F5: 65188 | G5: 82770 | H5: 72550 | I5: 77113 | J5: 75668
C6: Stroke | D6: 558212 | E6: 552904 | F6: 493440 | G6: 632918 | H6: 550636 | I6: 587531 | J6: 576992
C7: GSPH | D7: =D6/D5*60 -> 440.21871 | E7: =E6/E5*60 -> 449.13812 | F7: =F6/F5*60 -> 454.16948 | G7: =G6/G5*60 -> 458.80246 | H7: =H6/H5*60 -> 455.3847 | I7: =I6/I5*60 -> 457.14549 | J7: =J6/J5*60 -> 457.51863 | K7: =K6/K5*60 -> #DIV/0! | ... O7: =O6/O5*60 -> #DIV/0!
B8: YTD | C8: TPT (menit) | D8: =D5 -> 76082 | E8: =E5+D8 -> 149944 | F8: =F5+E8 -> 215132 | G8: =G5+F8 -> 297902 | H8: =H5+G8 -> 370452 | I8: =I5+H8 -> 447565 | J8: =J5+I8 -> 523233 | K8: =K5+J8 -> 523233 | L8: =L5+K8 -> 523233 | ... O8: =O5+N8 -> 523233
C9: Stroke | D9: =D6 -> 558212 | E9: =E6+D9 -> 1111116 | F9: =F6+E9 -> 1604556 | G9: =G6+F9 -> 2237474 | H9: =H6+G9 -> 2788110 | I9: =I6+H9 -> 3375641 | J9: =J6+I9 -> 3952633 | K9: =K6+J9 -> 3952633 | L9: =L6+K9 -> 3952633 | ... O9: =O6+N9 -> 3952633
C10: GSPH | D10: =D9/D8*60 -> 440.21871 | E10: =E9/E8*60 -> 444.61239 | F10: =F9/F8*60 -> 447.50832 | G10: =G9/G8*60 -> 450.64632 | H10: =H9/H8*60 -> 451.57429 | I10: =I9/I8*60 -> 452.53418 | J10: =J9/J8*60 -> 453.25501 | K10: =K9/K8*60 -> 453.25501 | ... O10: =O9/O8*60 -> 453.25501
B12: B LINE | D12: JAN | E12: FEB | F12: MAR | G12: APR | H12: MEI | I12: JUN | J12: JUL | K12: AGU | L12: SEP | M12: OKT | N12: NOV | O12: DES
C13: TPT (menit) | D13: 104701 | E13: 107558 | F13: 81995 | G13: 109049 | H13: 85355 | I13: 94421 | J13: 100632
C14: Stroke | D14: 826538 | E14: 815966 | F14: 606486 | G14: 753050 | H14: 631602 | I14: 693055 | J14: 740435
C15: GSPH | D15: =D14/D13*60 -> 473.65622 | E15: =E14/E13*60 -> 455.1773 | F15: =F14/F13*60 -> 443.7973 | G15: =G14/G13*60 -> 414.33667 | H15: =H14/H13*60 -> 443.98243 | I15: =I14/I13*60 -> 440.40309 | J15: =J14/J13*60 -> 441.4709 | K15: =K14/K13*60 -> #DIV/0! | ... O15: =O14/O13*60 -> #DIV/0!
B16: YTD | C16: TPT (menit) | D16: =D13 -> 104701 | E16: =E13+D16 -> 212259 | F16: =F13+E16 -> 294254 | G16: =G13+F16 -> 403303 | H16: =H13+G16 -> 488658 | I16: =I13+H16 -> 583079 | J16: =J13+I16 -> 683711 | K16: =K13+J16 -> 683711 | L16: =L13+K16 -> 683711 | ... O16: =O13+N16 -> 683711
C17: Stroke | D17: =D14 -> 826538 | E17: =E14+D17 -> 1642504 | F17: =F14+E17 -> 2248990 | G17: =G14+F17 -> 3002040 | H17: =H14+G17 -> 3633642 | I17: =I14+H17 -> 4326697 | J17: =J14+I17 -> 5067132 | K17: =K14+J17 -> 5067132 | L17: =L14+K17 -> 5067132 | ... O17: =O14+N17 -> 5067132
C18: GSPH | D18: =D17/D16*60 -> 473.65622 | E18: =E17/E16*60 -> 464.2924 | F18: =F17/F16*60 -> 458.58136 | G18: =G17/G16*60 -> 446.61805 | H18: =H17/H16*60 -> 446.15768 | I18: =I17/I16*60 -> 445.22581 | J18: =J17/J16*60 -> 444.67314 | K18: =K17/K16*60 -> 444.67314 | ... O18: =O17/O16*60 -> 444.67314
B20: C LINE | D20: JAN | E20: FEB | F20: MAR | G20: APR | H20: MEI | I20: JUN | J20: JUL | K20: AGU | L20: SEP | M20: OKT | N20: NOV | O20: DES
C21: TPT (menit) | D21: 52708 | E21: 51468 | F21: 44641 | G21: 59596 | H21: 50923.32 | I21: 59588 | J21: 42560
C22: Stroke | D22: 171603 | E22: 184165 | F22: 152677 | G22: 212564 | H22: 179296 | I22: 199972 | J22: 149068
C23: GSPH | D23: =D22/D21*60 -> 195.34378 | E23: =E22/E21*60 -> 214.69457 | F23: =F22/F21*60 -> 205.20642 | G23: =G22/G21*60 -> 214.00497 | H23: =H22/H21*60 -> 211.2541 | I23: =I22/I21*60 -> 201.35464 | J23: =J22/J21*60 -> 210.15226 | K23: =K22/K21*60 -> #DIV/0! | ... O23: =O22/O21*60 -> #DIV/0!
B24: YTD | C24: TPT (menit) | D24: =D21 -> 52708 | E24: =E21+D24 -> 104176 | F24: =F21+E24 -> 148817 | G24: =G21+F24 -> 208413 | H24: =H21+G24 -> 259336.32 | I24: =I21+H24 -> 318924.32 | J24: =J21+I24 -> 361484.32 | K24: =K21+J24 -> 361484.32 | L24: =L21+K24 -> 361484.32 | ... O24: =O21+N24 -> 361484.32
C25: Stroke | D25: =D22 -> 171603 | E25: =E22+D25 -> 355768 | F25: =F22+E25 -> 508445 | G25: =G22+F25 -> 721009 | H25: =H22+G25 -> 900305 | I25: =I22+H25 -> 1100277 | J25: =J22+I25 -> 1249345 | K25: =K22+J25 -> 1249345 | L25: =L22+K25 -> 1249345 | ... O25: =O22+N25 -> 1249345
C26: GSPH | D26: =D25/D24*60 -> 195.34378 | E26: =E25/E24*60 -> 204.90401 | F26: =F25/F24*60 -> 204.99473 | G26: =G25/G24*60 -> 207.57122 | H26: =H25/H24*60 -> 208.29439 | I26: =I25/I24*60 -> 206.99776 | J26: =J25/J24*60 -> 207.36916 | K26: =K25/K24*60 -> 207.36916 | ... O26: =O25/O24*60 -> 207.36916
B28: D LINE | D28: JAN | E28: FEB | F28: MAR | G28: APR | H28: MEI | I28: JUN | J28: JUL | K28: AGU | L28: SEP | M28: OKT | N28: NOV | O28: DES | R28: PRESS LINE | T28: JAN | U28: FEB | V28: MAR | W28: APR | X28: MEI | Y28: JUN | Z28: JUL | AA28: AGU | AB28: SEP | AC28: OKT | AD28: NOV | AE28: DES
C29: TPT (menit) | D29: 70834.867 | E29: 87950 | F29: 47767 | G29: 101985 | H29: 83289 | I29: 75295 | J29: 84936 | S29: TPT (menit) | T29: =D5+D13+D21+D29 -> 304325.87 | U29: =E5+E13+E21+E29 -> 320838 | V29: =F5+F13+F21+F29 -> 239591 | W29: =G5+G13+G21+G29 -> 353400 | X29: =H5+H13+H21+H29 -> 292117.32 | Y29: =I5+I13+I21+I29 -> 306417 | Z29: =J5+J13+J21+J29 -> 303796 | AA29: =K5+K13+K21+K29 -> 0 | ... AE29: =O5+O13+O21+O29 -> 0
C30: Stroke | D30: 509456 | E30: 652400 | F30: 356886 | G30: 730316 | H30: 611266 | I30: 536594 | J30: 623084 | S30: Stroke | T30: =D6+D14+D22+D30 -> 2065809 | U30: =E6+E14+E22+E30 -> 2205435 | V30: =F6+F14+F22+F30 -> 1609489 | W30: =G6+G14+G22+G30 -> 2328848 | X30: =H6+H14+H22+H30 -> 1972800 | Y30: =I6+I14+I22+I30 -> 2017152 | Z30: =J6+J14+J22+J30 -> 2089579 | AA30: =K6+K14+K22+K30 -> 0 | ... AE30: =O6+O14+O22+O30 -> 0
C31: GSPH | D31: =D30/D29*60 -> 431.52986 | E31: =E30/E29*60 -> 445.07106 | F31: =F30/F29*60 -> 448.28354 | G31: =G30/G29*60 -> 429.66083 | H31: =H30/H29*60 -> 440.34578 | I31: =I30/I29*60 -> 427.59333 | J31: =J30/J29*60 -> 440.15541 | K31: =K30/K29*60 -> #DIV/0! | ... O31: =O30/O29*60 -> #DIV/0! | S31: GSPH | T31: =T30/T29*60 -> 407.28888 | U31: =U30/U29*60 -> 412.43899 | V31: =V30/V29*60 -> 403.05913 | W31: =W30/W29*60 -> 395.39015 | X31: =X30/X29*60 -> 405.20706 | Y31: =Y30/Y29*60 -> 394.98174 | Z31: =Z30/Z29*60 -> 412.69385 | AA31: =AA30/AA29*60 -> #DIV/0! | ... AE31: =AE30/AE29*60 -> #DIV/0!
B32: YTD | C32: TPT (menit) | D32: =D29 -> 70834.867 | E32: =E29+D32 -> 158784.87 | F32: =F29+E32 -> 206551.87 | G32: =G29+F32 -> 308536.87 | H32: =H29+G32 -> 391825.87 | I32: =I29+H32 -> 467120.87 | J32: =J29+I32 -> 552056.87 | K32: =K29+J32 -> 552056.87 | L32: =L29+K32 -> 552056.87 | ... O32: =O29+N32 -> 552056.87 | R32: YTD | S32: TPT (menit) | T32: =T29 -> 304325.87 | U32: =U29+T32 -> 625163.87 | V32: =V29+U32 -> 864754.87 | W32: =W29+V32 -> 1218154.9 | X32: =X29+W32 -> 1510272.2 | Y32: =Y29+X32 -> 1816689.2 | Z32: =Z29+Y32 -> 2120485.2 | AA32: =AA29+Z32 -> 2120485.2 | AB32: =AB29+AA32 -> 2120485.2 | ... AE32: =AE29+AD32 -> 2120485.2
C33: Stroke | D33: =D30 -> 509456 | E33: =E30+D33 -> 1161856 | F33: =F30+E33 -> 1518742 | G33: =G30+F33 -> 2249058 | H33: =H30+G33 -> 2860324 | I33: =I30+H33 -> 3396918 | J33: =J30+I33 -> 4020002 | K33: =K30+J33 -> 4020002 | L33: =L30+K33 -> 4020002 | ... O33: =O30+N33 -> 4020002 | S33: Stroke | T33: =T30 -> 2065809 | U33: =U30+T33 -> 4271244 | V33: =V30+U33 -> 5880733 | W33: =W30+V33 -> 8209581 | X33: =X30+W33 -> 10182381 | Y33: =Y30+X33 -> 12199533 | Z33: =Z30+Y33 -> 14289112 | AA33: =AA30+Z33 -> 14289112 | AB33: =AB30+AA33 -> 14289112 | ... AE33: =AE30+AD33 -> 14289112
C34: GSPH | D34: =D33/D32*60 -> 431.52986 | E34: =E33/E32*60 -> 439.03025 | F34: =F33/F32*60 -> 441.17016 | G34: =G33/G32*60 -> 437.36582 | H34: =H33/H32*60 -> 437.99926 | I34: =I33/I32*60 -> 436.32193 | J34: =J33/J32*60 -> 436.91173 | K34: =K33/K32*60 -> 436.91173 | ... O34: =O33/O32*60 -> 436.91173 | S34: GSPH | T34: =T33/T32*60 -> 407.28888 | U34: =U33/U32*60 -> 409.93195 | V34: =V33/V32*60 -> 408.02775 | W34: =W33/W32*60 -> 404.36144 | X34: =X33/X32*60 -> 404.525 | Y34: =Y33/Y32*60 -> 402.91536 | Z34: =Z33/Z32*60 -> 404.3163 | AA34: =AA33/AA32*60 -> 404.3163 | ... AE34: =AE33/AE32*60 -> 404.3163
B36: E LINE | D36: JAN | E36: FEB | F36: MAR | G36: APR | H36: MEI | I36: JUN | J36: JUL | K36: AGU | L36: SEP | M36: OKT | N36: NOV | O36: DES
C37: TPT (menit) | D37: 77588 | E37: 84832.573 | F37: 67324.6 | G37: 70722.867 | H37: 64432 | I37: 73616.2 | J37: 14780.9
C38: Stroke | D38: 550240 | E38: 574944 | F38: 461608 | G38: 483532 | H38: 445292 | I38: 534388 | J38: 59123.6
C39: GSPH | D39: =D38/D37*60 -> 425.5091 | E39: =E38/E37*60 -> 406.6438 | F39: =F38/F37*60 -> 411.38722 | G39: =G38/G37*60 -> 410.2198 | H39: =H38/H37*60 -> 414.66228 | I39: =I38/I37*60 -> 435.54652 | J39: =J38/J37*60 -> 240 | K39: =K38/K37*60 -> #DIV/0! | ... O39: =O38/O37*60 -> #DIV/0!
B40: YTD | C40: TPT (menit) | D40: =D37 -> 77588 | E40: =E37+D40 -> 162420.57 | F40: =F37+E40 -> 229745.17 | G40: =G37+F40 -> 300468.04 | H40: =H37+G40 -> 364900.04 | I40: =I37+H40 -> 438516.24 | J40: =J37+I40 -> 453297.14 | K40: =K37+J40 -> 453297.14 | L40: =L37+K40 -> 453297.14 | ... O40: =O37+N40 -> 453297.14
C41: Stroke | D41: =D38 -> 550240 | E41: =E38+D41 -> 1125184 | F41: =F38+E41 -> 1586792 | G41: =G38+F41 -> 2070324 | H41: =H38+G41 -> 2515616 | I41: =I38+H41 -> 3050004 | J41: =J38+I41 -> 3109127.6 | K41: =K38+J41 -> 3109127.6 | L41: =L38+K41 -> 3109127.6 | ... O41: =O38+N41 -> 3109127.6
C42: GSPH | D42: =D41/D40*60 -> 425.5091 | E42: =E41/E40*60 -> 415.65572 | F42: =F41/F40*60 -> 414.40488 | G42: =G41/G40*60 -> 413.41981 | H42: =H41/H40*60 -> 413.6392 | I42: =I41/I40*60 -> 417.3169 | J42: =J41/J40*60 -> 411.53504 | K42: =K41/K40*60 -> 411.53504 | ... O42: =O41/O40*60 -> 411.53504
B44: F LINE | D44: JAN | E44: FEB | F44: MAR | G44: APR | H44: MEI | I44: JUN | J44: JUL | K44: AGU | L44: SEP | M44: OKT | N44: NOV | O44: DES
C45: TPT (menit) | D45: 77766.8 | E45: 83559.4 | F45: 59849.6 | G45: 80207.6 | H45: 74808 | I45: 76053.44 | J45: 17202.5
C46: Stroke | D46: 665120 | E46: 703492 | F46: 524052 | G46: 697812 | H46: 639744 | I46: 663732 | J46: 68810
C47: GSPH | D47: =D46/D45*60 -> 513.165 | E47: =E46/E45*60 -> 505.14389 | F47: =F46/F45*60 -> 525.36892 | G47: =G46/G45*60 -> 522.0044 | H47: =H46/H45*60 -> 513.10876 | I47: =I46/I45*60 -> 523.63075 | J47: =J46/J45*60 -> 240 | K47: =K46/K45*60 -> #DIV/0! | ... O47: =O46/O45*60 -> #DIV/0!
B48: YTD | C48: TPT (menit) | D48: =D45 -> 77766.8 | E48: =E45+D48 -> 161326.2 | F48: =F45+E48 -> 221175.8 | G48: =G45+F48 -> 301383.4 | H48: =H45+G48 -> 376191.4 | I48: =I45+H48 -> 452244.84 | J48: =J45+I48 -> 469447.34 | K48: =K45+J48 -> 469447.34 | L48: =L45+K48 -> 469447.34 | ... O48: =O45+N48 -> 469447.34
C49: Stroke | D49: =D46 -> 665120 | E49: =E46+D49 -> 1368612 | F49: =F46+E49 -> 1892664 | G49: =G46+F49 -> 2590476 | H49: =H46+G49 -> 3230220 | I49: =I46+H49 -> 3893952 | J49: =J46+I49 -> 3962762 | K49: =K46+J49 -> 3962762 | L49: =L46+K49 -> 3962762 | ... O49: =O46+N49 -> 3962762
C50: GSPH | D50: =D49/D48*60 -> 513.165 | E50: =E49/E48*60 -> 509.01044 | F50: =F49/F48*60 -> 513.437 | G50: =G49/G48*60 -> 515.71706 | H50: =H49/H48*60 -> 515.19838 | I50: =I49/I48*60 -> 516.61644 | J50: =J49/J48*60 -> 506.48007 | K50: =K49/K48*60 -> 506.48007 | ... O50: =O49/O48*60 -> 506.48007
B52: K LINE | D52: JAN | E52: FEB | F52: MAR | G52: APR | H52: MEI | I52: JUN | J52: JUL | K52: AGU | L52: SEP | M52: OKT | N52: NOV | O52: DES
C53: TPT (menit) | D53: 162056 | E53: 160987.5 | F53: 113638.5 | G53: 176422.5 | H53: 171584 | I53: 154282.8 | J53: 33775.4
C54: Stroke | D54: 1654488 | E54: 1470186 | F54: 1025419.5 | G54: 1608889.5 | H54: 1575860 | I54: 1413468 | J54: 135101.6
C55: GSPH | D55: =D54/D53*60 -> 612.56158 | E55: =E54/E53*60 -> 547.93795 | F55: =F54/F53*60 -> 541.41132 | G55: =G54/G53*60 -> 547.17153 | H55: =H54/H53*60 -> 551.05138 | I55: =I54/I53*60 -> 549.69238 | J55: =J54/J53*60 -> 240 | K55: =K54/K53*60 -> #DIV/0! | ... O55: =O54/O53*60 -> #DIV/0!
B56: YTD | C56: TPT (menit) | D56: =D53 -> 162056 | E56: =E53+D56 -> 323043.5 | F56: =F53+E56 -> 436682 | G56: =G53+F56 -> 613104.5 | H56: =H53+G56 -> 784688.5 | I56: =I53+H56 -> 938971.3 | J56: =J53+I56 -> 972746.7 | K56: =K53+J56 -> 972746.7 | L56: =L53+K56 -> 972746.7 | ... O56: =O53+N56 -> 972746.7
C57: Stroke | D57: =D54 -> 1654488 | E57: =E54+D57 -> 3124674 | F57: =F54+E57 -> 4150093.5 | G57: =G54+F57 -> 5758983 | H57: =H54+G57 -> 7334843 | I57: =I54+H57 -> 8748311 | J57: =J54+I57 -> 8883412.6 | K57: =K54+J57 -> 8883412.6 | L57: =L54+K57 -> 8883412.6 | ... O57: =O54+N57 -> 8883412.6
C58: GSPH | D58: =D57/D56*60 -> 612.56158 | E58: =E57/E56*60 -> 580.35664 | F58: =F57/F56*60 -> 570.22183 | G58: =G57/G56*60 -> 563.58905 | H58: =H57/H56*60 -> 560.8475 | I58: =I57/I56*60 -> 559.01459 | J58: =J57/J56*60 -> 547.93787 | K58: =K57/K56*60 -> 547.93787 | ... O58: =O57/O56*60 -> 547.93787
B60: PRESS LINE | D60: JAN | E60: FEB | F60: MAR | G60: APR | H60: MEI | I60: JUN | J60: JUL | K60: AGU | L60: SEP | M60: OKT | N60: NOV | O60: DES
B61: Monthly | C61: TPT (menit) | D61: =D5+D13+D21+D29+D37+D45+D53 -> 621736.67 | E61: =E5+E13+E21+E29+E37+E45+E53 -> 650217.47 | F61: =F5+F13+F21+F29+F37+F45+F53 -> 480403.7 | G61: =G5+G13+G21+G29+G37+G45+G53 -> 680752.97 | H61: =H5+H13+H21+H29+H37+H45+H53 -> 602941.32 | I61: =I5+I13+I21+I29+I37+I45+I53 -> 610369.44 | J61: =J5+J13+J21+J29+J37+J45+J53 -> 369554.8 | K61: =K5+K13+K21+K29+K37+K45+K53 -> 0 | ... O61: =O5+O13+O21+O29+O37+O45+O53 -> 0
C62: Stroke | D62: =D6+D14+D22+D30+D38+D46+D54 -> 4935657 | E62: =E6+E14+E22+E30+E38+E46+E54 -> 4954057 | F62: =F6+F14+F22+F30+F38+F46+F54 -> 3620568.5 | G62: =G6+G14+G22+G30+G38+G46+G54 -> 5119081.5 | H62: =H6+H14+H22+H30+H38+H46+H54 -> 4633696 | I62: =I6+I14+I22+I30+I38+I46+I54 -> 4628740 | J62: =J6+J14+J22+J30+J38+J46+J54 -> 2352614.2 | K62: =K6+K14+K22+K30+K38+K46+K54 -> 0 | ... O62: =O6+O14+O22+O30+O38+O46+O54 -> 0
C63: GSPH | D63: =D62/D61*60 -> 476.31005 | E63: =E62/E61*60 -> 457.14462 | F63: =F62/F61*60 -> 452.19075 | G63: =G62/G61*60 -> 451.18406 | H63: =H62/H61*60 -> 461.10915 | I63: =I62/I61*60 -> 455.01033 | J63: =J62/J61*60 -> 381.9646 | K63: =K62/K61*60 -> #DIV/0! | ... O63: =O62/O61*60 -> #DIV/0!
B65: PRESS LINE | D65: JAN | E65: FEB | F65: MAR | G65: APR | H65: MEI | I65: JUN | J65: JUL | K65: AGU | L65: SEP | M65: OKT | N65: NOV | O65: DES
B66: Ytd | C66: TPT (menit) | D66: =D61 -> 621736.67 | E66: =E61+D66 -> 1271954.1 | F66: =F61+E66 -> 1752357.8 | G66: =G61+F66 -> 2433110.8 | H66: =H61+G66 -> 3036052.1 | I66: =I61+H66 -> 3646421.6 | J66: =J61+I66 -> 4015976.4 | K66: =K61+J66 -> 4015976.4 | L66: =L61+K66 -> 4015976.4 | ... O66: =O61+N66 -> 4015976.4
C67: Stroke | D67: =D62 -> 4935657 | E67: =E62+D67 -> 9889714 | F67: =F62+E67 -> 13510282 | G67: =G62+F67 -> 18629364 | H67: =H62+G67 -> 23263060 | I67: =I62+H67 -> 27891800 | J67: =J62+I67 -> 30244414 | K67: =K62+J67 -> 30244414 | L67: =L62+K67 -> 30244414 | ... O67: =O62+N67 -> 30244414 | R67: 94943 | S67: 16470 | T67: 4
C68: GSPH | D68: =D67/D66*60 -> 476.31005 | E68: =E67/E66*60 -> 466.51276 | F68: =F67/F66*60 -> 462.58643 | G68: =G67/G66*60 -> 459.39619 | H68: =H67/H66*60 -> 459.73638 | I68: =I67/I66*60 -> 458.94529 | J68: =J67/J66*60 -> 451.86144 | K68: =K67/K66*60 -> 451.86144 | ... O68: =O67/O66*60 -> 451.86144 | R68: 94943
R69: 16470
R70: 4
A72: QTY | B72: PRESS A | D72: JAN | E72: FEB | F72: MAR | G72: APR | H72: MEI | I72: JUN | J72: JUL | K72: AGU | L72: SEP | M72: OKT | N72: NOV | O72: DES
B73: Monthly | C73: OK | D73: 111173 | E73: 115190 | F73: 84860 | G73: 133881 | H73: 97064 | I73: 119251 | J73: 83278 | P73: =SUM(D73:O73) -> 744697 | Q73: =P73/P76 -> 0.99849561 | S73: 123878 | T73: 1619 | U73: 18
C74: REPAIR | D74: 240 | E74: 60 | F74: 19 | G74: 244 | H74: 11 | I74: 331 | J74: 104 | P74: =SUM(D74:O74) -> 1009 | Q74: =P74/P76 -> 0.0013528752 | S74: 123878
C75: REJECT | D75: 4 | E75: 20 | F75: 47 | G75: 8 | H75: 10 | I75: 12 | J75: 12 | P75: =SUM(D75:O75) -> 113 | Q75: =P75/P76 -> 0.00015151129 | S75: 1619
C76: TOTAL | D76: =SUM(D73:D75) -> 111417 | E76: =SUM(E73:E75) -> 115270 | F76: =SUM(F73:F75) -> 84926 | G76: =SUM(G73:G75) -> 134133 | H76: =SUM(H73:H75) -> 97085 | I76: =SUM(I73:I75) -> 119594 | J76: =SUM(J73:J75) -> 83394 | K76: =SUM(K73:K75) -> 0 | ... Q76: =SUM(Q73:Q75) -> 1 | S76: 18
B78: Ytd | C78: OK | D78: =D73 -> 111173 | E78: =D78+E73 -> 226363 | F78: =E78+F73 -> 311223 | G78: =F78+G73 -> 445104 | H78: =G78+H73 -> 542168 | I78: =H78+I73 -> 661419 | J78: =I78+J73 -> 744697 | K78: =J78+K73 -> 744697 | L78: =K78+L73 -> 744697 | ... O78: =N78+O73 -> 744697
C79: REPAIR | D79: =D74 -> 240 | E79: =D79+E74 -> 300 | F79: =E79+F74 -> 319 | G79: =F79+G74 -> 563 | H79: =G79+H74 -> 574 | I79: =H79+I74 -> 905 | J79: =I79+J74 -> 1009 | K79: =J79+K74 -> 1009 | L79: =K79+L74 -> 1009 | ... O79: =N79+O74 -> 1009
C80: REJECT | D80: =D75 -> 4 | E80: =D80+E75 -> 24 | F80: =E80+F75 -> 71 | G80: =F80+G75 -> 79 | H80: =G80+H75 -> 89 | I80: =H80+I75 -> 101 | J80: =I80+J75 -> 113 | K80: =J80+K75 -> 113 | L80: =K80+L75 -> 113 | ... O80: =N80+O75 -> 113
C81: TOTAL | D81: =SUM(D78:D80) -> 111417 | E81: =SUM(E78:E80) -> 226687 | F81: =SUM(F78:F80) -> 311613 | G81: =SUM(G78:G80) -> 445746 | H81: =SUM(H78:H80) -> 542831 | I81: =SUM(I78:I80) -> 662425 | J81: =SUM(J78:J80) -> 745819 | K81: =SUM(K78:K80) -> 745819 | ... O81: =SUM(O78:O80) -> 745819
B83: Monthly | C83: OK % | D83: =D73/D76 -> 0.99781003 | E83: =E73/E76 -> 0.99930598 | F83: =F73/F76 -> 0.99922285 | G83: =G73/G76 -> 0.99812127 | H83: =H73/H76 -> 0.99978369 | I83: =I73/I76 -> 0.99713196 | J83: =J73/J76 -> 0.99860901 | K83: =K73/K76 -> #DIV/0! | ... O83: =O73/O76 -> #DIV/0!
C84: REPAIR % | D84: =D74/D76 -> 0.0021540698 | E84: =E74/E76 -> 0.00052051705 | F84: =F74/F76 -> 0.00022372418 | G84: =G74/G76 -> 0.00181909 | H84: =H74/H76 -> 0.00011330278 | I84: =I74/I76 -> 0.0027676974 | J84: =J74/J76 -> 0.0012470921 | K84: =K74/K76 -> #DIV/0! | ... O84: =O74/O76 -> #DIV/0!
C85: REJECT % | D85: =D75/D76 -> 3.5901164e-05 | E85: =E75/E76 -> 0.00017350568 | F85: =F75/F76 -> 0.00055342298 | G85: =G75/G76 -> 5.9642295e-05 | H85: =H75/H76 -> 0.00010300252 | I85: =I75/I76 -> 0.00010033948 | J85: =J75/J76 -> 0.00014389524 | K85: =K75/K76 -> #DIV/0! | ... O85: =O75/O76 -> #DIV/0!
C86: TOTAL % | D86: =SUM(D83:D85) -> 1 | E86: =SUM(E83:E85) -> 1 | F86: =SUM(F83:F85) -> 1 | G86: =SUM(G83:G85) -> 1 | H86: =SUM(H83:H85) -> 1 | I86: =SUM(I83:I85) -> 1 | J86: =SUM(J83:J85) -> 1 | K86: =SUM(K83:K85) -> #DIV/0! | ... O86: =SUM(O83:O85) -> #DIV/0!
B88: Ytd | C88: OK % | D88: =D78/D81 -> 0.99781003 | E88: =E78/E81 -> 0.99857072 | F88: =F78/F81 -> 0.99874845 | G88: =G78/G81 -> 0.99855972 | H88: =H78/H81 -> 0.99877863 | I88: =I78/I81 -> 0.99848134 | J88: =J78/J81 -> 0.99849561 | K88: =K78/K81 -> 0.99849561 | ... O88: =O78/O81 -> 0.99849561
C89: REPAIR % | D89: =D79/D81 -> 0.0021540698 | E89: =E79/E81 -> 0.0013234107 | F89: =F79/F81 -> 0.0010237057 | G89: =G79/G81 -> 0.0012630512 | H89: =H79/H81 -> 0.0010574193 | I89: =I79/I81 -> 0.0013661924 | J89: =J79/J81 -> 0.0013528752 | K89: =K79/K81 -> 0.0013528752 | ... O89: =O79/O81 -> 0.0013528752
C90: REJECT % | D90: =D80/D81 -> 3.5901164e-05 | E90: =E80/E81 -> 0.00010587286 | F90: =F80/F81 -> 0.00022784672 | G90: =G80/G81 -> 0.00017723098 | H90: =H80/H81 -> 0.00016395526 | I90: =I80/I81 -> 0.00015247009 | J90: =J80/J81 -> 0.00015151129 | K90: =K80/K81 -> 0.00015151129 | ... O90: =O80/O81 -> 0.00015151129
C91: TOTAL % | D91: =SUM(D88:D90) -> 1 | E91: =SUM(E88:E90) -> 1 | F91: =SUM(F88:F90) -> 1 | G91: =SUM(G88:G90) -> 1 | H91: =SUM(H88:H90) -> 1 | I91: =SUM(I88:I90) -> 1 | J91: =SUM(J88:J90) -> 1 | K91: =SUM(K88:K90) -> 1 | ... O91: =SUM(O88:O90) -> 1
A93: QTY | B93: PRESS B | D93: JAN | E93: FEB | F93: MAR | G93: APR | H93: MEI | I93: JUN | J93: JUL | K93: AGU | L93: SEP | M93: OKT | N93: NOV | O93: DES
B94: Monthly | C94: OK | D94: 366390 | E94: 396263 | F94: 285282 | G94: 396143 | H94: 337519 | I94: 313276 | J94: 347252 | P94: =SUM(D94:O94) -> 2442125 | Q94: =P94/P97 -> 0.99002646
C95: REPAIR | D95: 2209 | E95: 7100 | F95: 4295 | G95: 2660 | H95: 275 | I95: 4509 | J95: 3234 | P95: =SUM(D95:O95) -> 24282 | Q95: =P95/P97 -> 0.0098438133
C96: REJECT | D96: 22 | E96: 79 | F96: 78 | G96: 0 | H96: 34 | I96: 34 | J96: 73 | P96: =SUM(D96:O96) -> 320 | Q96: =P96/P97 -> 0.00012972656 | S96: 137702 | T96: 206 | U96: 17
C97: TOTAL | D97: =SUM(D94:D96) -> 368621 | E97: =SUM(E94:E96) -> 403442 | F97: =SUM(F94:F96) -> 289655 | G97: =SUM(G94:G96) -> 398803 | H97: =SUM(H94:H96) -> 337828 | I97: =SUM(I94:I96) -> 317819 | J97: =SUM(J94:J96) -> 350559 | K97: =SUM(K94:K96) -> 0 | ... Q97: =SUM(Q94:Q96) -> 1
B99: Ytd | C99: OK | D99: =D94 -> 366390 | E99: =D99+E94 -> 762653 | F99: =E99+F94 -> 1047935 | G99: =F99+G94 -> 1444078 | H99: =G99+H94 -> 1781597 | I99: =H99+I94 -> 2094873 | J99: =I99+J94 -> 2442125 | K99: =J99+K94 -> 2442125 | L99: =K99+L94 -> 2442125 | ... O99: =N99+O94 -> 2442125
C100: REPAIR | D100: =D95 -> 2209 | E100: =D100+E95 -> 9309 | F100: =E100+F95 -> 13604 | G100: =F100+G95 -> 16264 | H100: =G100+H95 -> 16539 | I100: =H100+I95 -> 21048 | J100: =I100+J95 -> 24282 | K100: =J100+K95 -> 24282 | L100: =K100+L95 -> 24282 | ... O100: =N100+O95 -> 24282
C101: REJECT | D101: =D96 -> 22 | E101: =D101+E96 -> 101 | F101: =E101+F96 -> 179 | G101: =F101+G96 -> 179 | H101: =G101+H96 -> 213 | I101: =H101+I96 -> 247 | J101: =I101+J96 -> 320 | K101: =J101+K96 -> 320 | L101: =K101+L96 -> 320 | ... O101: =N101+O96 -> 320
C102: TOTAL | D102: =SUM(D99:D101) -> 368621 | E102: =SUM(E99:E101) -> 772063 | F102: =SUM(F99:F101) -> 1061718 | G102: =SUM(G99:G101) -> 1460521 | H102: =SUM(H99:H101) -> 1798349 | I102: =SUM(I99:I101) -> 2116168 | J102: =SUM(J99:J101) -> 2466727 | K102: =SUM(K99:K101) -> 2466727 | ... O102: =SUM(O99:O101) -> 2466727
B104: Monthly | C104: OK % | D104: =D94/D97 -> 0.99394771 | E104: =E94/E97 -> 0.98220562 | F104: =F94/F97 -> 0.98490273 | G104: =G94/G97 -> 0.99333004 | H104: =H94/H97 -> 0.99908533 | I104: =I94/I97 -> 0.9857057 | J104: =J94/J97 -> 0.9905665 | K104: =K94/K97 -> #DIV/0! | ... O104: =O94/O97 -> #DIV/0! | S104: 28780 | T104: 14514 | U104: 104
C105: REPAIR % | D105: =D95/D97 -> 0.0059926049 | E105: =E95/E97 -> 0.017598564 | F105: =F95/F97 -> 0.014827985 | G105: =G95/G97 -> 0.0066699599 | H105: =H95/H97 -> 0.0008140237 | I105: =I95/I97 -> 0.01418732 | J105: =J95/J97 -> 0.0092252659 | K105: =K95/K97 -> #DIV/0! | ... O105: =O95/O97 -> #DIV/0! | S105: 28780
C106: REJECT % | D106: =D96/D97 -> 5.9681895e-05 | E106: =E96/E97 -> 0.00019581501 | F106: =F96/F97 -> 0.00026928587 | G106: =G96/G97 -> 0 | H106: =H96/H97 -> 0.00010064293 | I106: =I96/I97 -> 0.00010697913 | J106: =J96/J97 -> 0.00020823884 | K106: =K96/K97 -> #DIV/0! | ... O106: =O96/O97 -> #DIV/0! | S106: 14514
C107: TOTAL % | D107: =SUM(D104:D106) -> 1 | E107: =SUM(E104:E106) -> 1 | F107: =SUM(F104:F106) -> 1 | G107: =SUM(G104:G106) -> 1 | H107: =SUM(H104:H106) -> 1 | I107: =SUM(I104:I106) -> 1 | J107: =SUM(J104:J106) -> 1 | K107: =SUM(K104:K106) -> #DIV/0! | ... O107: =SUM(O104:O106) -> #DIV/0! | S107: 104
B109: Ytd | C109: OK % | D109: =D99/D102 -> 0.99394771 | E109: =E99/E102 -> 0.98781188 | F109: =F99/F102 -> 0.98701821 | G109: =G99/G102 -> 0.98874169 | H109: =H99/H102 -> 0.99068479 | I109: =I99/I102 -> 0.989937 | J109: =J99/J102 -> 0.99002646 | K109: =K99/K102 -> 0.99002646 | ... O109: =O99/O102 -> 0.99002646
C110: REPAIR % | D110: =D100/D102 -> 0.0059926049 | E110: =E100/E102 -> 0.012057306 | F110: =F100/F102 -> 0.012813195 | G110: =G100/G102 -> 0.011135752 | H110: =H100/H102 -> 0.0091967688 | I110: =I100/I102 -> 0.0099462803 | J110: =J100/J102 -> 0.0098438133 | K110: =K100/K102 -> 0.0098438133 | ... O110: =O100/O102 -> 0.0098438133
C111: REJECT % | D111: =D101/D102 -> 5.9681895e-05 | E111: =E101/E102 -> 0.00013081834 | F111: =F101/F102 -> 0.00016859467 | G111: =G101/G102 -> 0.000122559 | H111: =H101/H102 -> 0.00011844197 | I111: =I101/I102 -> 0.00011672041 | J111: =J101/J102 -> 0.00012972656 | K111: =K101/K102 -> 0.00012972656 | ... O111: =O101/O102 -> 0.00012972656
C112: TOTAL % | D112: =SUM(D109:D111) -> 1 | E112: =SUM(E109:E111) -> 1 | F112: =SUM(F109:F111) -> 1 | G112: =SUM(G109:G111) -> 1 | H112: =SUM(H109:H111) -> 1 | I112: =SUM(I109:I111) -> 1 | J112: =SUM(J109:J111) -> 1 | K112: =SUM(K109:K111) -> 1 | ... O112: =SUM(O109:O111) -> 1
A114: QTY | B114: PRESS C | D114: JAN | E114: FEB | F114: MAR | G114: APR | H114: MEI | I114: JUN | J114: JUL | K114: AGU | L114: SEP | M114: OKT | N114: NOV | O114: DES
B115: Monthly | C115: OK | D115: 41472 | E115: 40093 | F115: 27864 | G115: 40017 | H115: 32567 | I115: 41535 | J115: 23197 | P115: =SUM(D115:O115) -> 246745 | Q115: =P115/P118 -> 0.96258802
C116: REPAIR | D116: 1622 | E116: 1500 | F116: 950 | G116: 1602 | H116: 1024 | I116: 1765 | J116: 894 | P116: =SUM(D116:O116) -> 9357 | Q116: =P116/P118 -> 0.036503014 | W116: 81995 | X116: 606486
C117: REJECT | D117: 104 | E117: 84 | F117: 15 | G117: 6 | H117: 8 | I117: 10 | J117: 6 | P117: =SUM(D117:O117) -> 233 | Q117: =P117/P118 -> 0.00090896678
C118: TOTAL | D118: =SUM(D115:D117) -> 43198 | E118: =SUM(E115:E117) -> 41677 | F118: =SUM(F115:F117) -> 28829 | G118: =SUM(G115:G117) -> 41625 | H118: =SUM(H115:H117) -> 33599 | I118: =SUM(I115:I117) -> 43310 | J118: =SUM(J115:J117) -> 24097 | K118: =SUM(K115:K117) -> 0 | ... Q118: =SUM(Q115:Q117) -> 1
...

Sheet GSPH REPAIR REJECT 2026 (2)
B2: CONTROL ITEM | C2: DESCRIPTION | D2: TARGET KPI | E2: TARGET | F2: ACHIEVEMENT
F3: JAN | G3: FEB | H3: MAR | I3: APR | J3: MAY | K3: JUN | L3: JUL
B4: 1. Productivity | C4: 1. GSPH
C5: a. Press A | D5: 540 | E5: 537.35408 | F5: 440.21871 | G5: 449.13812 | H5: 454.16948 | I5: 458.80246 | J5: 455.3847 | K5: 457.14549 | L5: 457.51863
C6: b. Press B | D6: 550 | E6: 565.84342 | F6: 473.65622 | G6: 455.1773 | H6: 443.7973 | I6: 414.33667 | J6: 443.98243 | K6: 440.40309 | L6: 441.4709
C7: c. Press C | D7: 355 | E7: 255.52571 | F7: 195.34378 | G7: 214.69457 | H7: 205.20642 | I7: 214.00497 | J7: 211.2541 | K7: 201.35464 | L7: 210.15226
C8: d. Press D | D8: 535 | E8: 537.63713 | F8: 431.52986 | G8: 445.07106 | H8: 448.28354 | I8: 429.66083 | J8: 440.34578 | K8: 427.59333 | L8: 440.15541
B10: 2. Quality | C10: 1. Repair Rate Press Line
C11: a. Repair Rate Press A | D11: 0.01 | F11: 0.0021540698 | G11: 0.00052051705 | H11: 0.00022372418 | I11: 0.00181909 | J11: 0.00011330278 | K11: 0.0027676974 | L11: 0.0012470921
C12: b. Repair Rate Press B | D12: 0.01 | F12: 0.0059926049 | G12: 0.017598564 | H12: 0.014827985 | I12: 0.0066699599 | J12: 0.0008140237 | K12: 0.01418732 | L12: 0.0092252659
C13: c. Repair Rate Press C | D13: 0.01 | F13: 0.037548035 | G13: 0.035991074 | H13: 0.032952929 | I13: 0.038486486 | J13: 0.030477098 | K13: 0.040752713 | L13: 0.037100054
C14: d. Repair Rate Press D | D14: 0.01 | F14: 0.012898857 | G14: 0.018018557 | H14: 0.015369595 | I14: 0.0029494299 | J14: 0.0056271278 | K14: 0.0056098924 | L14: 0.010168842
C16: 2. Reject Rate Press Line
C17: a. Reject Rate Press A | D17: 0.0002 | F17: 3.5901164e-05 | G17: 0.00017350568 | H17: 0.00055342298 | I17: 5.9642295e-05 | J17: 0.00010300252 | K17: 0.00010033948 | L17: 0.00014389524
C18: b. Reject Rate Press B | D18: 0.0002 | F18: 5.9681895e-05 | G18: 0.00019581501 | H18: 0.00026928587 | I18: 0 | J18: 0.00010064293 | K18: 0.00010697913 | L18: 0.00020823884
C19: c. Reject Rate Press C | D19: 0.0002 | F19: 0.0024075189 | G19: 0.0020155002 | H19: 0.00052030941 | I19: 0.00014414414 | J19: 0.00023810232 | K19: 0.00023089356 | L19: 0.00024899365
C20: d. Reject Rate Press D | D20: 0.0002 | F20: 0.00014340915 | G20: 0.00010467211 | H20: 0.00019332824 | I20: 8.4269426e-06 | J20: 0.00011021578 | K20: 5.5889339e-05 | L20: 0.0002453929

Sheet Sheet1
G2: DATA YTD JUNI 2024
I4: TARGET | J4: GSPH YTD
G5: GSPH | H5: PRESS A | I5: 538 | J5: 495.2134
H6: PRESS B | I6: 569 | J6: 536.03481
H7: PRESS C | I7: 264 | J7: 193.10993
H8: PRESS D | I8: 540 | J8: 519.24702
G10: REPAIR | H10: PRESS A | I10: 0.0125 | J10: 0.02892208
H11: PRESS B | I11: 0.0125 | J11: 0.025623931
H12: PRESS C | I12: 0.0125 | J12: 0.075043184
H13: PRESS D | I13: 0.0125 | J13: 0.00040737245
G15: REJECT | H15: PRESS A | I15: 0.0002 | J15: 0.00027353106
H16: PRESS B | I16: 0.0002 | J16: 7.3559623e-05
H17: PRESS C | I17: 0.0002 | J17: 0.0018414506
H18: PRESS D | I18: 0.0002 | J18: 5.6634706e-05

Sheet PICA GSPH
B1: PICA JANUARI 2026
B3: PROBLEM | C3: TARGET | D3: ACTUAL | E3: PROBLEM | F3: ACTION | G3: PIC | H3: TARGET
B5: GSPH of A line was not achieved | C5: 540 | D5: 440.21871
B6: GSPH of B line was not achieved | C6: 550 | D6: 473.65622
B7: GSPH of C line was not achieved | C7: 355 | D7: 195.34378
B8: GSPH of D line was not achieved | C8: 535 | D8: 431.52986

Sheet PICA GSPH FEB
B1: PICA FEBRUARI 2026
B3: PROBLEM | C3: TARGET | D3: ACTUAL | E3: PROBLEM | F3: ACTION | G3: PIC | H3: TARGET
B5: GSPH of A line was not achieved | C5: 540 | D5: 449.13812
B6: GSPH of B line was not achieved | C6: 550 | D6: 455.1773
B7: GSPH of C line was not achieved | C7: 355 | D7: 214.69457
B8: GSPH of D line was not achieved | C8: 535 | D8: 445.07106

Sheet PICA GSPH MAR
B1: PICA MARET 2026
B3: PROBLEM | C3: TARGET | D3: ACTUAL | E3: PROBLEM | F3: ACTION | G3: PIC | H3: TARGET
B5: GSPH of A line was not achieved | C5: 540 | D5: 454.16948
B6: GSPH of B line was not achieved | C6: 550 | D6: 443.7973
B7: GSPH of C line was not achieved | C7: 355 | D7: 205.20642
B8: GSPH of D line was not achieved | C8: 535 | D8: 448.28354

Sheet PICA GSPH APRIL
B1: PICA APRIL 2026
B3: PROBLEM | C3: TARGET | D3: ACTUAL | E3: PROBLEM | F3: ACTION | G3: PIC | H3: TARGET
B5: GSPH of A line was not achieved | C5: 540 | D5: 458.80246
B6: GSPH of B line was not achieved | C6: 550 | D6: 414.33667
B7: GSPH of C line was not achieved | C7: 355 | D7: 214.00497
B8: GSPH of D line was not achieved | C8: 535 | D8: 429.66083

Sheet PICA REPAIR
B1: PICA JULI 2024
B3: PROBLEM | C3: TARGET | D3: ACTUAL | E3: PROBLEM | F3: ACTION | G3: PIC | H3: TARGET
B5: Repair rate of A line was not achieved | C5: 0.0125 | D5: 0.0436 | E5: The OP-10 drawing results on the G-series die experienced waves because the pull on the bead was uneven. | F5: Re-FAT the OP-10 (drawing) die to find the standard cushion pressure in the range -10% to +30% (range 40%). | G5: June, 2024 | H5: Bioma Cakrawala (BCA)
B6: Repair rate of B line was not achieved | C6: 0.0125 | D6: 0.0232 | E6: There is a repair hole on PV-023BS because the leader did not implement the SCW (stop call wait) system with his superiors. | F6: Refreshment of all leaders with leader roles by emphasizing the SCW system in the production process line. | G6: June, 2024 | H6: Bioma Cakrawala (BCA)
B7: Repair rate of C line was not achieved | C7: 0.0125 | D7: 0.0898 | E7: Repair rate Line C was not achieved because there is scratch & wave problem on somes dies. | F7: Standarization of dies following production machine for wave problem. | G7: July, 2024 | H7: Bayu Prakosa (BPR)
B8: REPAIR RATE PRESS – E LINE | C8: 0.0125 | D8: 0.016 | E8: 1. Gomikami originating from internal problems (RM, Dies, Gram) and from external (dust) | F8: 1. Initial cleaning RM, Preventive maintenance Dies & minimize dust sources by closing the factory gap. Cleaning Factory on DOT/HOT. Additional Momban Gate for automatic open-closed. | G8: WVA | H8: 45491
E9: 2. Hardchrome dies start to peel off due to lifetime of use above 2 years. | F9: 2. Propose Re-newal dies that have been peeled off.
B10: REPAIR RATE PRESS – F LINE | C10: 0.0125 | D10: 0.0013 | E10: 1. Gomikami originating from internal problems (RM, Dies, Gram) and from external (dust) | F10: 1. Initial cleaning RM, Preventive maintenance Dies & minimize dust sources by closing the factory gap. Cleaning Factory on DOT/HOT. Additional Momban Gate for automatic open-closed. | G10: WVA | H10: 45491
G11: WVA | H11: 45498
E12: 2. Hardchrome dies start to peel off due to lifetime of use above 2 years. | F12: 2. Propose Re-Hardchrome dies that have been peeled off.
B13: REPAIR RATE PRESS – K LINE | C13: 0.0125 | D13: 0.0326 | E13: 1. Gomikami originating from internal problems (RM, Dies, Gram) and from external (dust) | F13: 1. Initial cleaning RM, Preventive maintenance Dies & minimize dust sources by closing the factory gap. Cleaning Factory on DOT/HOT. Additional Momban Gate for automatic open-closed. | G13: WVA | H13: 45498
E14: 2. Hardchrome dies start to peel off due to lifetime of use above 2 years. | F14: 2. Propose Re-Hardchrome dies that have been peeled off. | G14: WVA | H14: 45491

Sheet PICA REJECT
B1: PICA JUNI 2024
B3: PROBLEM | C3: TARGET | D3: ACTUAL | E3: PROBLEM | F3: ACTION | G3: PIC | H3: TARGET
B5: Reject rate of C line was not achieved | C5: 0.0002 | D5: 0.0022 | E5: Rejection rate Line C was not achieved because there is neck problem of K-4078. | F5: 1. Standardzation of dies following production machine. 2. Re-FAT dies for problem neck and wave. | G5: June, 2024 | H5: Bioma Cakrawala (BCA)
B6: REJECT RATE – E LINE | C6: 0.0005 | D6: 0.0005 | E6: Several dies still problem unstable process, surface hardchrome NG (Neck, Crack, Scratch). Poor of spare part management. | F6: 1. Temporary action, polishing dies after process, initial cleaning before process. | G6: WVA | H6: 45491
F7: 2. Develop Management spare part for dies. | G7: EHU | H7: 45498
B8: REJECT RATE – F LINE | C8: 0.0005 | D8: 0 | E8: Several dies still problem unstable process, surface hardchrome NG (Neck, Crack, Scratch). Poor of spare part management. | F8: 1. Temporary action, polishing dies after process, initial cleaning before process. | G8: WVA | H8: 45491
F9: 2. Develop Management spare part for dies. | G9: EHU | H9: 45498
B10: REJECT RATE – K LINE | C10: 0.0005 | D10: 0.0034 | E10: Several dies still problem unstable process, surface hardchrome NG (Neck, Crack, Scratch). Poor of spare part management. | F10: 1. Temporary action, polishing dies after process, initial cleaning before process. | G10: WVA | H10: 45491
F11: 2. Develop Management spare part for dies. | G11: EHU | H11: 45498

Sheet QTY A
A1: DATA DETAIL QTY STAMPING - 2024
A2: NO | B2: MAT'L NUMBER | C2: DESCRIPTION | D2: LINE | F2: JANUARI | J2: FEBRUARI | N2: MARET | R2: APRIL | V2: MEI | Z2: JUNI | AD2: JULI | AH2: AGUSTUS | AL2: SEPTEMBER | AP2: OKTOBER | AT2: NOVEMBER | AX2: DESEMBER
F3: OK | G3: REPAIR | H3: REJECT | J3: OK | K3: REPAIR | L3: REJECT | N3: OK | O3: REPAIR | P3: REJECT | R3: OK | S3: REPAIR | T3: REJECT | V3: OK | W3: REPAIR | X3: REJECT | Z3: OK | AA3: REPAIR | AB3: REJECT | AD3: OK | AE3: REPAIR | AF3: REJECT | AH3: OK | AI3: REPAIR | AJ3: REJECT | AL3: OK | AM3: REPAIR | AN3: REJECT | AP3: OK | AQ3: REPAIR | AR3: REJECT | AT3: OK | AU3: REPAIR | AV3: REJECT | AX3: OK | AY3: REPAIR | AZ3: REJECT
A4: 1 | B4: D58213 BZ130 | C4: AAS-054=REINF CTR FLOOR PANEL | D4: PRESS A | F4: 8760 | G4: 0 | H4: 0 | J4: 9000 | K4: 0 | L4: 0 | N4: 9060 | O4: 0 | P4: 0 | R4: 5370 | S4: 0 | T4: 0 | V4: 9120 | W4: 0 | X4: 0 | Z4: 7620 | AA4: 0 | AB4: 0 | AC4: 1 | AD4: =VLOOKUP(B4,[4]PCS!$D$1:$E$65536,2,0) -> 8297 | AE4: =VLOOKUP(B4,[4]PCS!$D$1:$F$65536,3,0) -> 0 | AF4: =VLOOKUP(B4,[4]PCS!$D$1:$G$65536,4,0) -> 0 | AG4: 1 | AH4: =VLOOKUP(C4,[5]Sheet1!$C$1:$D$65536,2,0) -> 8263 | AI4: =VLOOKUP(C4,[5]Sheet1!$C$1:$F$65536,3,0) -> 0 | AJ4: =VLOOKUP(C4,[5]Sheet1!$C$1:$F$65536,4,0) -> 0
A5: 2 | B5: D61343 BZ180 | C5: AAS-058=PILLAR CTR BODY INNER RH | D5: PRESS A | F5: 8400 | G5: 0 | H5: 0 | J5: 8600 | K5: 0 | L5: 0 | N5: 9000 | O5: 0 | P5: 0 | R5: 6680 | S5: 0 | T5: 0 | V5: 9100 | W5: 0 | X5: 0 | Z5: 7218 | AA5: 0 | AB5: 0 | AC5: 1 | AD5: =VLOOKUP(B5,[4]PCS!$D$1:$E$65536,2,0) -> 7950 | AE5: =VLOOKUP(B5,[4]PCS!$D$1:$F$65536,3,0) -> 0 | AF5: =VLOOKUP(B5,[4]PCS!$D$1:$G$65536,4,0) -> 0 | AG5: 1 | AH5: =VLOOKUP(C5,[5]Sheet1!$C$1:$D$65536,2,0) -> 8255 | AI5: =VLOOKUP(C5,[5]Sheet1!$C$1:$F$65536,3,0) -> 0 | AJ5: =VLOOKUP(C5,[5]Sheet1!$C$1:$F$65536,4,0) -> 0
A6: 3 | B6: D61344 BZ190 | C6: AAS-059=PILLAR CTR BODY INNER LH | D6: PRESS A | F6: 8400 | G6: 0 | H6: 0 | J6: 8600 | K6: 0 | L6: 0 | N6: 9000 | O6: 0 | P6: 0 | R6: 6680 | S6: 0 | T6: 0 | V6: 9100 | W6: 0 | X6: 0 | Z6: 7218 | AA6: 0 | AB6: 0 | AC6: 1 | AD6: =VLOOKUP(B6,[4]PCS!$D$1:$E$65536,2,0) -> 7950 | AE6: =VLOOKUP(B6,[4]PCS!$D$1:$F$65536,3,0) -> 0 | AF6: =VLOOKUP(B6,[4]PCS!$D$1:$G$65536,4,0) -> 0 | AG6: 1 | AH6: =VLOOKUP(C6,[5]Sheet1!$C$1:$D$65536,2,0) -> 8255 | AI6: =VLOOKUP(C6,[5]Sheet1!$C$1:$F$65536,3,0) -> 0 | AJ6: =VLOOKUP(C6,[5]Sheet1!$C$1:$F$65536,4,0) -> 0
A7: 4 | B7: D57454 BZ150 | C7: AES-006=MEMBER, FR FLOOR CROSS SIDE, LH | D7: PRESS A | F7: 11700 | G7: 0 | H7: 0 | J7: 13710 | K7: 0 | L7: 0 | N7: 10500 | O7: 0 | P7: 0 | R7: 8080 | S7: 0 | T7: 0 | V7: 15199 | W7: 51 | X7: 0 | AC7: 1 | AG7: 1
A8: 5 | B8: D61733 BZ040 | C8: AES-039=PANEL,ROOF SIDE INNER,FR RH | D8: PRESS A | F8: 11150 | G8: 0 | H8: 0 | J8: 12900 | K8: 0 | L8: 0 | N8: 9000 | O8: 0 | P8: 0 | R8: 8300 | S8: 0 | T8: 0 | V8: 14050 | W8: 0 | X8: 0 | Z8: 11740 | AA8: 0 | AB8: 0 | AC8: 1 | AD8: =VLOOKUP(B8,[4]PCS!$D$1:$E$65536,2,0) -> 11145 | AE8: =VLOOKUP(B8,[4]PCS!$D$1:$F$65536,3,0) -> 0 | AF8: =VLOOKUP(B8,[4]PCS!$D$1:$G$65536,4,0) -> 0 | AG8: 1 | AH8: =VLOOKUP(C8,[5]Sheet1!$C$1:$D$65536,2,0) -> 6474 | AI8: =VLOOKUP(C8,[5]Sheet1!$C$1:$F$65536,3,0) -> 0 | AJ8: =VLOOKUP(C8,[5]Sheet1!$C$1:$F$65536,4,0) -> 0
A9: 6 | B9: D61734 BZ040 | C9: AES-042=PANEL,ROOF SIDE INNER,FR LH | D9: PRESS A | F9: 11150 | G9: 0 | H9: 0 | J9: 12900 | K9: 0 | L9: 0 | N9: 9000 | O9: 0 | P9: 0 | R9: 8300 | S9: 0 | T9: 0 | V9: 14050 | W9: 0 | X9: 0 | Z9: 11740 | AA9: 0 | AB9: 0 | AC9: 1 | AD9: =VLOOKUP(B9,[4]PCS!$D$1:$E$65536,2,0) -> 11150 | AE9: =VLOOKUP(B9,[4]PCS!$D$1:$F$65536,3,0) -> 0 | AF9: =VLOOKUP(B9,[4]PCS!$D$1:$G$65536,4,0) -> 0 | AG9: 1 | AH9: =VLOOKUP(C9,[5]Sheet1!$C$1:$D$65536,2,0) -> 13074 | AI9: =VLOOKUP(C9,[5]Sheet1!$C$1:$F$65536,3,0) -> 0 | AJ9: =VLOOKUP(C9,[5]Sheet1!$C$1:$F$65536,4,0) -> 0
A10: 7 | B10: D57453 BZ100 | C10: AES-048=MEMBER, FR FLOOR CROSS SIDE, RH | D10: PRESS A | F10: 13050 | G10: 0 | H10: 0 | J10: 13200 | K10: 0 | L10: 0 | N10: 11850 | O10: 0 | P10: 0 | R10: 6700 | S10: 0 | T10: 0 | V10: 14170 | W10: 0 | X10: 18 | Z10: 12084 | AA10: 0 | AB10: 0 | AC10: 1 | AD10: =VLOOKUP(B10,[4]PCS!$D$1:$E$65536,2,0) -> 12830 | AE10: =VLOOKUP(B10,[4]PCS!$D$1:$F$65536,3,0) -> 0 | AF10: =VLOOKUP(B10,[4]PCS!$D$1:$G$65536,4,0) -> 0 | AG10: 1 | AH10: =VLOOKUP(C10,[5]Sheet1!$C$1:$D$65536,2,0) -> 14820 | AI10: =VLOOKUP(C10,[5]Sheet1!$C$1:$F$65536,3,0) -> 0 | AJ10: =VLOOKUP(C10,[5]Sheet1!$C$1:$F$65536,4,0) -> 1
A11: 8 | B11: DV61162 BZ081G2 | C11: G-002=PILLAR FR BODY INNER LH | D11: PRESS A | F11: 746 | G11: 127 | H11: 14 | J11: 708 | K11: 189 | L11: 1 | N11: 668 | O11: 101 | P11: 0 | R11: 578 | S11: 259 | T11: 0 | V11: 1017 | W11: 443 | X11: 0 | Z11: 1182 | AA11: 619 | AB11: 0 | AC11: 1 | AD11: =VLOOKUP(B11,[4]PCS!$D$1:$E$65536,2,0) -> 637 | AE11: =VLOOKUP(B11,[4]PCS!$D$1:$F$65536,3,0) -> 143 | AF11: =VLOOKUP(B11,[4]PCS!$D$1:$G$65536,4,0) -> 0 | AG11: 1 | AH11: =VLOOKUP(C11,[5]Sheet1!$C$1:$D$65536,2,0) -> 721 | AI11: =VLOOKUP(C11,[5]Sheet1!$C$1:$F$65536,3,0) -> 0 | AJ11: =VLOOKUP(C11,[5]Sheet1!$C$1:$F$65536,4,0) -> 21
A12: 9 | B12: DV61161 BZ240G3 | C12: G-003N=PILLAR, FR BODY, INNER RH | D12: PRESS A | F12: 117 | G12: 3 | H12: 0 | J12: 38 | K12: 22 | L12: 0 | R12: 141 | S12: 39 | T12: 0 | Z12: 694 | AA12: 280 | AB12: 0 | AC12: 1 | AD12: =VLOOKUP(B12,[4]PCS!$D$1:$E$65536,2,0) -> 2174 | AE12: =VLOOKUP(B12,[4]PCS!$D$1:$F$65536,3,0) -> 204 | AF12: =VLOOKUP(B12,[4]PCS!$D$1:$G$65536,4,0) -> 0 | AG12: 1 | AH12: =VLOOKUP(C12,[5]Sheet1!$C$1:$D$65536,2,0) -> 1800 | AI12: =VLOOKUP(C12,[5]Sheet1!$C$1:$F$65536,3,0) -> 0 | AJ12: =VLOOKUP(C12,[5]Sheet1!$C$1:$F$65536,4,0) -> 2
A13: 10 | B13: DV61162 BZ091G4 | C13: G-004=PILLAR FR BODY INNER LH | D13: PRESS A | F13: 709 | G13: 131 | H13: 0 | J13: 151 | K13: 209 | L13: 0 | N13: 268 | O13: 32 | P13: 0 | R13: 35 | S13: 415 | T13: 0 | V13: 720 | W13: 154 | X13: 0 | Z13: 836 | AA13: 278 | AB13: 0 | AC13: 1 | AD13: =VLOOKUP(B13,[4]PCS!$D$1:$E$65536,2,0) -> 527 | AE13: =VLOOKUP(B13,[4]PCS!$D$1:$F$65536,3,0) -> 136 | AF13: =VLOOKUP(B13,[4]PCS!$D$1:$G$65536,4,0) -> 0 | AG13: 1 | AH13: =VLOOKUP(C13,[5]Sheet1!$C$1:$D$65536,2,0) -> 67 | AI13: =VLOOKUP(C13,[5]Sheet1!$C$1:$F$65536,3,0) -> 0 | AJ13: =VLOOKUP(C13,[5]Sheet1!$C$1:$F$65536,4,0) -> 0
A14: 11 | B14: DV61162 BZ240G4 | C14: G-004N=PILLAR, FR BODY, INNER LH | D14: PRESS A | F14: 106 | G14: 14 | H14: 0 | J14: 45 | K14: 15 | L14: 0 | R14: 125 | S14: 55 | T14: 0 | Z14: 748 | AA14: 447 | AB14: 0 | AC14: 1 | AD14: =VLOOKUP(B14,[4]PCS!$D$1:$E$65536,2,0) -> 2066 | AE14: =VLOOKUP(B14,[4]PCS!$D$1:$F$65536,3,0) -> 334 | AF14: =VLOOKUP(B14,[4]PCS!$D$1:$G$65536,4,0) -> 0 | AG14: 1 | AH14: =VLOOKUP(C14,[5]Sheet1!$C$1:$D$65536,2,0) -> 1800 | AI14: =VLOOKUP(C14,[5]Sheet1!$C$1:$F$65536,3,0) -> 0 | AJ14: =VLOOKUP(C14,[5]Sheet1!$C$1:$F$65536,4,0) -> 0
A15: 12 | B15: DV61161 BZ101G5 | C15: G-005=PILLAR FR BODY INNER RH | D15: PRESS A | F15: 3562 | G15: 520 | H15: 16 | J15: 3572 | K15: 493 | L15: 2 | N15: 3850 | O15: 1827 | P15: 3 | R15: 1554 | S15: 593 | T15: 0 | V15: 3968 | W15: 1752 | X15: 0 | Z15: 4680 | AA15: 1508 | AB15: 0 | AC15: 1 | AD15: 5220 | AE15: 0 | AF15: =VLOOKUP(B15,[4]PCS!$D$1:$G$65536,4,0) -> 0 | AG15: 1 | AH15: =VLOOKUP(C15,[5]Sheet1!$C$1:$D$65536,2,0) -> 4104 | AI15: =VLOOKUP(C15,[5]Sheet1!$C$1:$F$65536,3,0) -> 0 | AJ15: =VLOOKUP(C15,[5]Sheet1!$C$1:$F$65536,4,0) -> 3
A16: 13 | B16: DV61162 BZ111G8 | C16: G-008=PILLAR FR BODY INNER LH | D16: PRESS A | F16: 2622 | G16: 392 | H16: 0 | J16: 2413 | K16: 800 | L16: 1 | N16: 3875 | O16: 1257 | P16: 3 | R16: 703 | S16: 740 | T16: 0 | V16: 2521 | W16: 1399 | X16: 0 | Z16: 2584 | AA16: 1745 | AB16: 0 | AC16: 1 | AD16: =VLOOKUP(B16,[4]PCS!$D$1:$E$65536,2,0) -> 3868 | AE16: =VLOOKUP(B16,[4]PCS!$D$1:$F$65536,3,0) -> 773 | AF16: =VLOOKUP(B16,[4]PCS!$D$1:$G$65536,4,0) -> 0 | AG16: 1 | AH16: =VLOOKUP(C16,[5]Sheet1!$C$1:$D$65536,2,0) -> 3518 | AI16: =VLOOKUP(C16,[5]Sheet1!$C$1:$F$65536,3,0) -> 0 | AJ16: =VLOOKUP(C16,[5]Sheet1!$C$1:$F$65536,4,0) -> 2
A17: 14 | B17: DV64136 BZ020G20 | C17: G-020=REINFORCEMENT BACK CORNER OUTER LH | D17: PRESS A | F17: 406 | G17: 26 | H17: 0 | J17: 293 | K17: 7 | L17: 0 | N17: 173 | O17: 37 | P17: 0 | R17: 223 | S17: 20 | T17: 0 | V17: 371 | W17: 49 | X17: 0 | Z17: 446 | AA17: 83 | AB17: 0 | AC17: 1 | AD17: =VLOOKUP(B17,[4]PCS!$D$1:$E$65536,2,0) -> 356 | AE17: =VLOOKUP(B17,[4]PCS!$D$1:$F$65536,3,0) -> 28 | AF17: =VLOOKUP(B17,[4]PCS!$D$1:$G$65536,4,0) -> 0 | AG17: 1 | AH17: =VLOOKUP(C17,[5]Sheet1!$C$1:$D$65536,2,0) -> 450 | AI17: =VLOOKUP(C17,[5]Sheet1!$C$1:$F$65536,3,0) -> 0 | AJ17: =VLOOKUP(C17,[5]Sheet1!$C$1:$F$65536,4,0) -> 0
A18: 15 | B18: DV58114 BZ020 | C18: G-031=PANEL, FR FLOOR, CTR RR | D18: PRESS A | F18: 2807 | G18: 259 | H18: 0 | J18: 3171 | K18: 448 | L18: 0 | N18: 3098 | O18: 552 | P18: 0 | R18: 1625 | S18: 375 | T18: 18 | V18: 2627 | W18: 931 | X18: 0 | Z18: 4525 | AA18: 1214 | AB18: 2 | AC18: 1 | AD18: 5920 | AE18: 0 | AF18: =VLOOKUP(B18,[4]PCS!$D$1:$G$65536,4,0) -> 0 | AG18: 1 | AH18: =VLOOKUP(C18,[5]Sheet1!$C$1:$D$65536,2,0) -> 5899 | AI18: =VLOOKUP(C18,[5]Sheet1!$C$1:$F$65536,3,0) -> 0 | AJ18: =VLOOKUP(C18,[5]Sheet1!$C$1:$F$65536,4,0) -> 0
A19: 16 | B19: DV58312 BZ020-00 | C19: GT-2519(K-1042)=PANEL RR FLOOR SIDE RR | D19: PRESS A | F19: 1325 | G19: 0 | H19: 0 | J19: 1000 | K19: 0 | L19: 0 | N19: 800 | O19: 0 | P19: 2 | AC19: 1 | AG19: 1
A20: 17 | B20: DV58312 BZ040-00 | C20: GT-2520(K-1043)=PANEL RR FLOOR SIDE RR | D20: PRESS A | F20: 275 | G20: 0 | H20: 0 | J20: 275 | K20: 0 | L20: 0 | N20: 225 | O20: 0 | P20: 1 | AC20: 1 | AG20: 1
A21: 18 | B21: D53711 BZ071-00 | C21: GT-5154(K-1056)=APRON FRT FENDER RH | D21: PRESS A | F21: 4220 | G21: 5 | H21: 16 | J21: 4200 | K21: 0 | L21: 3 | N21: 5060 | O21: 70 | P21: 0 | R21: 2430 | S21: 1 | T21: 0 | V21: 5368 | W21: 331 | X21: 0 | AC21: 1 | AG21: 1
A22: 19 | B22: D53711 BZ081-00 | C22: GT-5155 & K-1058=APRON FRT FENDER RH | D22: PRESS A | F22: 3 | G22: 0 | H22: 0 | J22: 3 | K22: 0 | L22: 0 | Z22: 1 | AA22: 0 | AB22: 0 | AC22: 1 | AD22: =VLOOKUP(B22,[4]PCS!$D$1:$E$65536,2,0) -> 6 | AE22: =VLOOKUP(B22,[4]PCS!$D$1:$F$65536,3,0) -> 0 | AF22: =VLOOKUP(B22,[4]PCS!$D$1:$G$65536,4,0) -> 0 | AG22: 1
A23: 20 | B23: D53712 BZ070-00 | C23: GT-5156(K-1057)=APRON FRT FENDER LH | D23: PRESS A | F23: 4100 | G23: 125 | H23: 16 | J23: 4364 | K23: 66 | L23: 3 | N23: 5244 | O23: 62 | P23: 0 | R23: 2410 | S23: 50 | T23: 0 | V23: 5862 | W23: 48 | X23: 5 | AC23: 1 | AG23: 1
A24: 21 | B24: D53712 BZ080-00 | C24: GT-5157(K-1059)=APRON FRT FENDER LH | D24: PRESS A | J24: 3 | K24: 0 | L24: 0 | Z24: 423 | AA24: 0 | AB24: 2 | AC24: 1 | AD24: 1938 | AE24: =VLOOKUP(B24,[4]PCS!$D$1:$F$65536,3,0) -> 0 | AF24: 1 | AG24: 1
A25: 22 | B25: DV53711 BZ260-00 | C25: GT-6246=APPRON FRT FENDER RH | D25: PRESS A | F25: 0 | G25: 750 | H25: 5 | J25: 0 | K25: 360 | L25: 49 | N25: 79 | O25: 450 | P25: 0 | R25: 30 | S25: 450 | T25: 0 | V25: 192 | W25: 180 | X25: 0 | Z25: 870 | AA25: 60 | AB25: 0 | AC25: 1 | AD25: =VLOOKUP(B25,[4]PCS!$D$1:$E$65536,2,0) -> 700 | AE25: =VLOOKUP(B25,[4]PCS!$D$1:$F$65536,3,0) -> 20 | AF25: =VLOOKUP(B25,[4]PCS!$D$1:$G$65536,4,0) -> 0 | AG25: 1 | AH25: =VLOOKUP(C25,[5]Sheet1!$C$1:$D$65536,2,0) -> 566 | AI25: =VLOOKUP(C25,[5]Sheet1!$C$1:$F$65536,3,0) -> 266 | AJ25: =VLOOKUP(C25,[5]Sheet1!$C$1:$F$65536,4,0) -> 0
A26: 23 | B26: DV53712 BZ250-00 | C26: GT-6247=APPRON FRT FENDER LH | D26: PRESS A | F26: 0 | G26: 780 | H26: 5 | J26: 0 | K26: 572 | L26: 11 | N26: 0 | O26: 450 | P26: 0 | R26: 0 | S26: 480 | T26: 0 | V26: 150 | W26: 150 | X26: 0 | Z26: 930 | AA26: 0 | AB26: 1 | AC26: 1 | AD26: 700 | AE26: =VLOOKUP(B26,[4]PCS!$D$1:$F$65536,3,0) -> 21 | AF26: 0 | AG26: 1 | AH26: =VLOOKUP(C26,[5]Sheet1!$C$1:$D$65536,2,0) -> 742 | AI26: =VLOOKUP(C26,[5]Sheet1!$C$1:$F$65536,3,0) -> 90 | AJ26: =VLOOKUP(C26,[5]Sheet1!$C$1:$F$65536,4,0) -> 0
A27: 24 | B27: D55711 BZ090-00 | C27: GT-6273(K-1015)=PANEL, COWL TOP, OUTER | D27: PRESS A | F27: 900 | G27: 0 | H27: 2 | J27: 500 | K27: 0 | L27: 0 | N27: 300 | O27: 0 | P27: 0 | R27: 500 | S27: 0 | T27: 0 | V27: 700 | W27: 0 | X27: 0 | Z27: 800 | AA27: 0 | AB27: 0 | AC27: 1 | AD27: =VLOOKUP(B27,[4]PCS!$D$1:$E$65536,2,0) -> 800 | AE27: =VLOOKUP(B27,[4]PCS!$D$1:$F$65536,3,0) -> 0 | AF27: =VLOOKUP(B27,[4]PCS!$D$1:$G$65536,4,0) -> 0 | AG27: 1 | AH27: =VLOOKUP(C27,[5]Sheet1!$C$1:$D$65536,2,0) -> 600 | AI27: =VLOOKUP(C27,[5]Sheet1!$C$1:$F$65536,3,0) -> 0 | AJ27: =VLOOKUP(C27,[5]Sheet1!$C$1:$F$65536,4,0) -> 0
A28: 25 | B28: ISFV 8975838684 | C28: IB-036=FRAME FLR UNDER RH | D28: PRESS A | F28: 1076 | G28: 0 | H28: 7 | J28: 720 | K28: 0 | L28: 3 | N28: 720 | O28: 0 | P28: 0 | R28: 840 | S28: 0 | T28: 4 | V28: 660 | W28: 0 | X28: 0 | Z28: 780 | AA28: 0 | AB28: 0 | AC28: 1 | AD28: =VLOOKUP(B28,[4]PCS!$D$1:$E$65536,2,0) -> 1320 | AE28: =VLOOKUP(B28,[4]PCS!$D$1:$F$65536,3,0) -> 0 | AF28: =VLOOKUP(B28,[4]PCS!$D$1:$G$65536,4,0) -> 0 | AG28: 1 | AH28: =VLOOKUP(C28,[5]Sheet1!$C$1:$D$65536,2,0) -> 904 | AI28: =VLOOKUP(C28,[5]Sheet1!$C$1:$F$65536,3,0) -> 0 | AJ28: =VLOOKUP(C28,[5]Sheet1!$C$1:$F$65536,4,0) -> 8
A29: 26 | B29: ISFV 8975838694 | C29: IB-037=FRAME FLR UNDER LH | D29: PRESS A | F29: 885 | G29: 0 | H29: 1 | J29: 720 | K29: 0 | L29: 0 | N29: 900 | O29: 0 | P29: 0 | R29: 618 | S29: 0 | T29: 0 | V29: 1032 | W29: 0 | X29: 0 | Z29: 900 | AA29: 0 | AB29: 0 | AC29: 1 | AD29: =VLOOKUP(B29,[4]PCS!$D$1:$E$65536,2,0) -> 960 | AE29: =VLOOKUP(B29,[4]PCS!$D$1:$F$65536,3,0) -> 0 | AF29: =VLOOKUP(B29,[4]PCS!$D$1:$G$65536,4,0) -> 0 | AG29: 1 | AH29: =VLOOKUP(C29,[5]Sheet1!$C$1:$D$65536,2,0) -> 978 | AI29: =VLOOKUP(C29,[5]Sheet1!$C$1:$F$65536,3,0) -> 0 | AJ29: =VLOOKUP(C29,[5]Sheet1!$C$1:$F$65536,4,0) -> 0
A30: 27 | B30: ISFV 8975839253 | C30: IB-050=FRAME FLOOR RR | D30: PRESS A | F30: 1016 | G30: 0 | H30: 0 | J30: 660 | K30: 0 | L30: 0 | N30: 840 | O30: 0 | P30: 0 | R30: 680 | S30: 0 | T30: 0 | V30: 740 | W30: 0 | X30: 0 | Z30: 900 | AA30: 0 | AB30: 0 | AC30: 1 | AD30: =VLOOKUP(B30,[4]PCS!$D$1:$E$65536,2,0) -> 1200 | AE30: =VLOOKUP(B30,[4]PCS!$D$1:$F$65536,3,0) -> 0 | AF30: =VLOOKUP(B30,[4]PCS!$D$1:$G$65536,4,0) -> 0 | AG30: 1 | AH30: =VLOOKUP(C30,[5]Sheet1!$C$1:$D$65536,2,0) -> 840 | AI30: =VLOOKUP(C30,[5]Sheet1!$C$1:$F$65536,3,0) -> 0 | AJ30: =VLOOKUP(C30,[5]Sheet1!$C$1:$F$65536,4,0) -> 0
A31: 28 | B31: IFGV-8975893064 | C31: IB-077=FRAME SUB ASM;FLOOR RR | D31: PRESS A | J31: 60 | K31: 0 | L31: 0 | N31: 60 | O31: 0 | P31: 0 | Z31: 120 | AA31: 0 | AB31: 0 | AC31: 1 | AD31: =VLOOKUP(B31,[4]PCS!$D$1:$E$65536,2,0) -> 120 | AE31: =VLOOKUP(B31,[4]PCS!$D$1:$F$65536,3,0) -> 0 | AF31: =VLOOKUP(B31,[4]PCS!$D$1:$G$65536,4,0) -> 0 | AG31: 1 | AH31: =VLOOKUP(C31,[5]Sheet1!$C$1:$D$65536,2,0) -> 60 | AI31: =VLOOKUP(C31,[5]Sheet1!$C$1:$F$65536,3,0) -> 0 | AJ31: =VLOOKUP(C31,[5]Sheet1!$C$1:$F$65536,4,0) -> 0
A32: 29 | B32: D58171 BZ130 | C32: NX-4143=REINF PARKING BRAKE BASE TO FLR | D32: PRESS A | F32: 7670 | G32: 0 | H32: 1 | J32: 5800 | K32: 0 | L32: 0 | N32: 4476 | O32: 0 | P32: 1 | R32: 5250 | S32: 0 | T32: 0 | V32: 4850 | W32: 0 | X32: 0 | Z32: 3550 | AA32: 0 | AB32: 0 | AC32: 1 | AD32: =VLOOKUP(B32,[4]PCS!$D$1:$E$65536,2,0) -> 4800 | AE32: =VLOOKUP(B32,[4]PCS!$D$1:$F$65536,3,0) -> 0 | AF32: =VLOOKUP(B32,[4]PCS!$D$1:$G$65536,4,0) -> 0 | AG32: 1 | AH32: =VLOOKUP(C32,[5]Sheet1!$C$1:$D$65536,2,0) -> 5315 | AI32: =VLOOKUP(C32,[5]Sheet1!$C$1:$F$65536,3,0) -> 0 | AJ32: =VLOOKUP(C32,[5]Sheet1!$C$1:$F$65536,4,0) -> 1
A33: 30 | B33: IFGV-8978500644 | C33: PB-017=FRAME UNDER LH | D33: PRESS A | F33: 1797 | G33: 0 | H33: 3 | J33: 1080 | K33: 0 | L33: 0 | N33: 1191 | O33: 0 | P33: 9 | R33: 810 | S33: 0 | T33: 0 | V33: 1602 | W33: 18 | X33: 0 | Z33: 1100 | AA33: 0 | AB33: 0 | AC33: 1 | AD33: =VLOOKUP(B33,[4]PCS!$D$1:$E$65536,2,0) -> 1740 | AE33: =VLOOKUP(B33,[4]PCS!$D$1:$F$65536,3,0) -> 0 | AF33: =VLOOKUP(B33,[4]PCS!$D$1:$G$65536,4,0) -> 0 | AG33: 1 | AH33: =VLOOKUP(C33,[5]Sheet1!$C$1:$D$65536,2,0) -> 1380 | AI33: =VLOOKUP(C33,[5]Sheet1!$C$1:$F$65536,3,0) -> 0 | AJ33: =VLOOKUP(C33,[5]Sheet1!$C$1:$F$65536,4,0) -> 0
A34: 31 | B34: IFGV-8978500635 | C34: PB-018=FRAME UNDER RH | D34: PRESS A | F34: 1379 | G34: 0 | H34: 1 | J34: 1018 | K34: 0 | L34: 2 | N34: 1440 | O34: 0 | P34: 0 | R34: 792 | S34: 0 | T34: 0 | V34: 1740 | W34: 0 | X34: 0 | Z34: 1475 | AA34: 0 | AB34: 0 | AC34: 1 | AD34: =VLOOKUP(B34,[4]PCS!$D$1:$E$65536,2,0) -> 1500 | AE34: =VLOOKUP(B34,[4]PCS!$D$1:$F$65536,3,0) -> 0 | AF34: =VLOOKUP(B34,[4]PCS!$D$1:$G$65536,4,0) -> 0 | AG34: 1 | AH34: =VLOOKUP(C34,[5]Sheet1!$C$1:$D$65536,2,0) -> 1380 | AI34: =VLOOKUP(C34,[5]Sheet1!$C$1:$F$65536,3,0) -> 0 | AJ34: =VLOOKUP(C34,[5]Sheet1!$C$1:$F$65536,4,0) -> 0
A35: 32 | B35: IFGV-8978500408 | C35: PB-070=MOUNTING BRKT | D35: PRESS A | F35: 3120 | G35: 0 | H35: 3 | J35: 2220 | K35: 0 | L35: 2 | N35: 2320 | O35: 0 | P35: 0 | R35: 2160 | S35: 0 | T35: 0 | V35: 2980 | W35: 0 | X35: 0 | Z35: 2515 | AA35: 0 | AB35: 0 | AC35: 1 | AD35: =VLOOKUP(B35,[4]PCS!$D$1:$E$65536,2,0) -> 3660 | AE35: =VLOOKUP(B35,[4]PCS!$D$1:$F$65536,3,0) -> 0 | AF35: =VLOOKUP(B35,[4]PCS!$D$1:$G$65536,4,0) -> 0 | AG35: 1 | AH35: =VLOOKUP(C35,[5]Sheet1!$C$1:$D$65536,2,0) -> 2400 | AI35: =VLOOKUP(C35,[5]Sheet1!$C$1:$F$65536,3,0) -> 0 | AJ35: =VLOOKUP(C35,[5]Sheet1!$C$1:$F$65536,4,0) -> 0
A36: 33 | B36: ISF-NPN2594434 | C36: PV-005BA1-BLK BODY SIDE RH | D36: PRESS A | F36: 1620 | G36: 0 | H36: 0 | J36: 900 | K36: 0 | L36: 0 | N36: 1080 | O36: 0 | P36: 0 | R36: 1006 | S36: 0 | T36: 0 | V36: 1716 | W36: 0 | X36: 0 | Z36: 1170 | AA36: 0 | AB36: 0 | AC36: 1 | AD36: =VLOOKUP(B36,[4]PCS!$D$1:$E$65536,2,0) -> 1494 | AE36: =VLOOKUP(B36,[4]PCS!$D$1:$F$65536,3,0) -> 0 | AF36: =VLOOKUP(B36,[4]PCS!$D$1:$G$65536,4,0) -> 0 | AG36: 1 | AH36: =VLOOKUP(C36,[5]Sheet1!$C$1:$D$65536,2,0) -> 1650 | AI36: =VLOOKUP(C36,[5]Sheet1!$C$1:$F$65536,3,0) -> 0 | AJ36: =VLOOKUP(C36,[5]Sheet1!$C$1:$F$65536,4,0) -> 0
A37: 34 | B37: ISF-NPN3465544 | C37: PV-006BA1-BLK BODY SIDE LH | D37: PRESS A | F37: 1500 | G37: 0 | H37: 0 | J37: 1269 | K37: 0 | L37: 0 | N37: 1061 | O37: 0 | P37: 0 | R37: 1410 | S37: 0 | T37: 0 | V37: 1380 | W37: 0 | X37: 0 | Z37: 1650 | AA37: 0 | AB37: 0 | AC37: 1 | AD37: =VLOOKUP(B37,[4]PCS!$D$1:$E$65536,2,0) -> 1766 | AE37: =VLOOKUP(B37,[4]PCS!$D$1:$F$65536,3,0) -> 0 | AF37: =VLOOKUP(B37,[4]PCS!$D$1:$G$65536,4,0) -> 0 | AG37: 1 | AH37: =VLOOKUP(C37,[5]Sheet1!$C$1:$D$65536,2,0) -> 1200 | AI37: =VLOOKUP(C37,[5]Sheet1!$C$1:$F$65536,3,0) -> 0 | AJ37: =VLOOKUP(C37,[5]Sheet1!$C$1:$F$65536,4,0) -> 0
A38: 35 | B38: ISF-NPN2594023 | C38: PVS-001B1-REINF WAIST DOOR OTR FRT RH | D38: PRESS A | F38: 1500 | G38: 0 | H38: 0 | J38: 1128 | K38: 0 | L38: 0 | N38: 1141 | O38: 0 | P38: 0 | R38: 1170 | S38: 0 | T38: 4 | V38: 1485 | W38: 0 | X38: 0 | Z38: 1591 | AA38: 0 | AB38: 0 | AC38: 1 | AD38: =VLOOKUP(B38,[4]PCS!$D$1:$E$65536,2,0) -> 1605 | AE38: =VLOOKUP(B38,[4]PCS!$D$1:$F$65536,3,0) -> 0 | AF38: =VLOOKUP(B38,[4]PCS!$D$1:$G$65536,4,0) -> 0 | AG38: 1 | AH38: =VLOOKUP(C38,[5]Sheet1!$C$1:$D$65536,2,0) -> 1500 | AI38: =VLOOKUP(C38,[5]Sheet1!$C$1:$F$65536,3,0) -> 0 | AJ38: =VLOOKUP(C38,[5]Sheet1!$C$1:$F$65536,4,0) -> 0
A39: 36 | B39: ISF-NPN2594024 | C39: PVS-002B1-REINF WAIST DOOR OTR RR RH | D39: PRESS A | F39: 1500 | G39: 0 | H39: 0 | J39: 1128 | K39: 0 | L39: 0 | N39: 1141 | O39: 0 | P39: 0 | R39: 1170 | S39: 0 | T39: 0 | V39: 1485 | W39: 0 | X39: 0 | Z39: 1591 | AA39: 0 | AB39: 0 | AC39: 1 | AD39: =VLOOKUP(B39,[4]PCS!$D$1:$E$65536,2,0) -> 1605 | AE39: =VLOOKUP(B39,[4]PCS!$D$1:$F$65536,3,0) -> 0 | AF39: =VLOOKUP(B39,[4]PCS!$D$1:$G$65536,4,0) -> 0 | AG39: 1 | AH39: =VLOOKUP(C39,[5]Sheet1!$C$1:$D$65536,2,0) -> 1500 | AI39: =VLOOKUP(C39,[5]Sheet1!$C$1:$F$65536,3,0) -> 0 | AJ39: =VLOOKUP(C39,[5]Sheet1!$C$1:$F$65536,4,0) -> 0
A40: 37 | B40: D52131 BZ170-00 | C40: S-1013=REINFORCEMENT, FR BUMPER | D40: PRESS A | F40: 5400 | G40: 0 | H40: 0 | J40: 5300 | K40: 0 | L40: 0 | N40: 5800 | O40: 0 | P40: 0 | R40: 5350 | S40: 0 | T40: 0 | V40: 7250 | W40: 0 | X40: 0 | Z40: 6400 | AA40: 0 | AB40: 0 | AC40: 1 | AD40: =VLOOKUP(B40,[4]PCS!$D$1:$E$65536,2,0) -> 7500 | AE40: =VLOOKUP(B40,[4]PCS!$D$1:$F$65536,3,0) -> 0 | AF40: =VLOOKUP(B40,[4]PCS!$D$1:$G$65536,4,0) -> 0 | AG40: 1 | AH40: =VLOOKUP(C40,[5]Sheet1!$C$1:$D$65536,2,0) -> 6200 | AI40: =VLOOKUP(C40,[5]Sheet1!$C$1:$F$65536,3,0) -> 0 | AJ40: =VLOOKUP(C40,[5]Sheet1!$C$1:$F$65536,4,0) -> 0
A41: 38 | B41: D67147 BZ180-00 | C41: S-4030=PANEL, RR DOOR HINGE SIDE, RH | D41: PRESS A | F41: 5600 | G41: 0 | H41: 0 | J41: 5800 | K41: 0 | L41: 0 | N41: 5400 | O41: 0 | P41: 0 | R41: 5800 | S41: 0 | T41: 0 | V41: 6800 | W41: 0 | X41: 0 | Z41: 6900 | AA41: 0 | AB41: 0 | AC41: 1 | AD41: =VLOOKUP(B41,[4]PCS!$D$1:$E$65536,2,0) -> 6800 | AE41: =VLOOKUP(B41,[4]PCS!$D$1:$F$65536,3,0) -> 0 | AF41: =VLOOKUP(B41,[4]PCS!$D$1:$G$65536,4,0) -> 0 | AG41: 1 | AH41: =VLOOKUP(C41,[5]Sheet1!$C$1:$D$65536,2,0) -> 6600 | AI41: =VLOOKUP(C41,[5]Sheet1!$C$1:$F$65536,3,0) -> 0 | AJ41: =VLOOKUP(C41,[5]Sheet1!$C$1:$F$65536,4,0) -> 0
A42: 39 | B42: D67148 BZ180-00 | C42: S-4031=PANEL, RR DOOR HINGE SIDE, LH | D42: PRESS A | F42: 5600 | G42: 0 | H42: 0 | J42: 5800 | K42: 0 | L42: 0 | N42: 5400 | O42: 0 | P42: 0 | R42: 5800 | S42: 0 | T42: 0 | V42: 6800 | W42: 0 | X42: 0 | Z42: 6400 | AA42: 0 | AB42: 0 | AC42: 1 | AD42: =VLOOKUP(B42,[4]PCS!$D$1:$E$65536,2,0) -> 6800 | AE42: =VLOOKUP(B42,[4]PCS!$D$1:$F$65536,3,0) -> 0 | AF42: =VLOOKUP(B42,[4]PCS!$D$1:$G$65536,4,0) -> 0 | AG42: 1 | AH42: =VLOOKUP(C42,[5]Sheet1!$C$1:$D$65536,2,0) -> 6600 | AI42: =VLOOKUP(C42,[5]Sheet1!$C$1:$F$65536,3,0) -> 0 | AJ42: =VLOOKUP(C42,[5]Sheet1!$C$1:$F$65536,4,0) -> 0
A43: 40 | B43: DV61645 BZ080-00 | C43: SC-0767=GUSSET, QUARTER WHEEL HOUSE, RR | D43: PRESS A | F43: 8760 | G43: 0 | H43: 0 | J43: 8640 | K43: 0 | L43: 0 | N43: 8760 | O43: 0 | P43: 0 | R43: 6120 | S43: 0 | T43: 0 | V43: 8760 | W43: 0 | X43: 0 | Z43: 7680 | AA43: 0 | AB43: 0 | AC43: 1 | AD43: =VLOOKUP(B43,[4]PCS!$D$1:$E$65536,2,0) -> 8640 | AE43: =VLOOKUP(B43,[4]PCS!$D$1:$F$65536,3,0) -> 0 | AF43: =VLOOKUP(B43,[4]PCS!$D$1:$G$65536,4,0) -> 0 | AG43: 1 | AH43: =VLOOKUP(C43,[5]Sheet1!$C$1:$D$65536,2,0) -> 8460 | AI43: =VLOOKUP(C43,[5]Sheet1!$C$1:$F$65536,3,0) -> 0 | AJ43: =VLOOKUP(C43,[5]Sheet1!$C$1:$F$65536,4,0) -> 0
A44: 41 | B44: DV61646 BZ120-00 | C44: SC-0768=GUSSET QTR WHEEL HOUSE RR LH | D44: PRESS A | F44: 8760 | G44: 0 | H44: 0 | J44: 9120 | K44: 0 | L44: 0 | N44: 8760 | O44: 0 | P44: 0 | R44: 6120 | S44: 0 | T44: 0 | V44: 9000 | W44: 0 | X44: 0 | Z44: 7680 | AA44: 0 | AB44: 0 | AC44: 1 | AD44: =VLOOKUP(B44,[4]PCS!$D$1:$E$65536,2,0) -> 8400 | AE44: =VLOOKUP(B44,[4]PCS!$D$1:$F$65536,3,0) -> 0 | AF44: =VLOOKUP(B44,[4]PCS!$D$1:$G$65536,4,0) -> 0 | AG44: 1 | AH44: =VLOOKUP(C44,[5]Sheet1!$C$1:$D$65536,2,0) -> 8400 | AI44: =VLOOKUP(C44,[5]Sheet1!$C$1:$F$65536,3,0) -> 0 | AJ44: =VLOOKUP(C44,[5]Sheet1!$C$1:$F$65536,4,0) -> 0
A45: 42 | B45: D53711 BZ210-00 | C45: GT-5243=APRON, FR FENDER, RH | D45: PRESS A | N45: 130 | O45: 0 | P45: 0 | Z45: 2805 | AA45: 0 | AB45: 1 | AC45: 1 | AD45: =VLOOKUP(B45,[4]PCS!$D$1:$E$65536,2,0) -> 3300 | AE45: =VLOOKUP(B45,[4]PCS!$D$1:$F$65536,3,0) -> 0 | AF45: =VLOOKUP(B45,[4]PCS!$D$1:$G$65536,4,0) -> 0 | AG45: 1
A46: 43 | B46: D55741 BZ510-00 | C46: T-1005=PANEL COWL TOP INNER | D46: PRESS A | N46: 2750 | O46: 0 | P46: 0 | R46: 4020 | S46: 0 | T46: 5 | V46: 3843 | W46: 0 | X46: 0 | Z46: 3085 | AA46: 0 | AB46: 0 | AC46: 1 | AD46: =VLOOKUP(B46,[4]PCS!$D$1:$E$65536,2,0) -> 3800 | AE46: =VLOOKUP(B46,[4]PCS!$D$1:$F$65536,3,0) -> 0 | AF46: =VLOOKUP(B46,[4]PCS!$D$1:$G$65536,4,0) -> 0 | AG46: 1 | AH46: =VLOOKUP(C46,[5]Sheet1!$C$1:$D$65536,2,0) -> 4127 | AI46: =VLOOKUP(C46,[5]Sheet1!$C$1:$F$65536,3,0) -> 0 | AJ46: =VLOOKUP(C46,[5]Sheet1!$C$1:$F$65536,4,0) -> 0
A47: 44 | B47: D55741 BZ520-00 | C47: T-1006=PANEL COWL TOP INNER LHD | D47: PRESS A | N47: 650 | O47: 0 | P47: 0 | R47: 952 | S47: 0 | T47: 0 | V47: 798 | W47: 0 | X47: 0 | Z47: 500 | AA47: 0 | AB47: 0 | AC47: 1 | AD47: =VLOOKUP(B47,[4]PCS!$D$1:$E$65536,2,0) -> 861 | AE47: =VLOOKUP(B47,[4]PCS!$D$1:$F$65536,3,0) -> 0 | AF47: =VLOOKUP(B47,[4]PCS!$D$1:$G$65536,4,0) -> 0 | AG47: 1 | AH47: =VLOOKUP(C47,[5]Sheet1!$C$1:$D$65536,2,0) -> 919 | AI47: =VLOOKUP(C47,[5]Sheet1!$C$1:$F$65536,3,0) -> 0 | AJ47: =VLOOKUP(C47,[5]Sheet1!$C$1:$F$65536,4,0) -> 0
A48: 45 | B48: D61737 BZ050-00 | C48: NX-0541=REINFORCEMENT ROOF SIDE INNER RH | D48: PRESS A | V48: 20 | W48: 0 | X48: 0 | Z48: 30 | AA48: 0 | AB48: 0 | AC48: 1 | AG48: 1
A49: 46 | B49: D61738 BZ-041-00 | C49: NX-4275=REINFORCEMENT ROOF SIDE INNER LH | D49: PRESS A | V49: 20 | W49: 0 | X49: 0 | Z49: 20 | AA49: 0 | AB49: 0 | AC49: 1 | AG49: 1
A50: 47 | B50: MFG-5251D427V-00 | C50: MK-030=PANEL FR FLOOR LH | D50: PRESS A | V50: 6160 | W50: 0 | X50: 0 | AC50: 1 | AG50: 1
A51: 48 | B51: MFG-5251D428V-00 | C51: MK-031=PANEL FR FLOOR RH | D51: PRESS A | V51: 6160 | W51: 0 | X51: 0 | AC51: 1 | AG51: 1
A52: 49 | B52: MFG-743R0B010P-00 | C52: MK-032=PANEL FR FLOOR SIDE LH | D52: PRESS A | V52: 1820 | W52: 0 | X52: 0 | AC52: 1 | AG52: 1
A53: 50 | B53: MFG-743R1B010P-00 | C53: MK-033=PANEL FR FLOOR SIDE RH | D53: PRESS A | V53: 1951 | W53: 0 | X53: 0 | AC53: 1 | AG53: 1
A54: 51 | B54: DV67149 BZ210B | C54: K4051(Blank)=BLANK PNL BACK DOOR,INSIDE | D54: PRESS A | N54: 300 | O54: 0 | P54: 0 | R54: 100 | S54: 0 | T54: 0 | V54: 384 | W54: 0 | X54: 0 | Z54: 302 | AA54: 0 | AB54: 0 | AC54: 1 | AD54: =VLOOKUP(B54,[4]PCS!$D$1:$E$65536,2,0) -> 200 | AE54: =VLOOKUP(B54,[4]PCS!$D$1:$F$65536,3,0) -> 0 | AF54: =VLOOKUP(B54,[4]PCS!$D$1:$G$65536,4,0) -> 0 | AG54: 1 | AH54: =VLOOKUP(C54,[5]Sheet1!$C$1:$D$65536,2,0) -> 200 | AI54: =VLOOKUP(C54,[5]Sheet1!$C$1:$F$65536,3,0) -> 0 | AJ54: =VLOOKUP(C54,[5]Sheet1!$C$1:$F$65536,4,0) -> 0
A55: 52 | B55: W-23843218 | C55: WL-001=PANEL RR BODY OTR | D55: PRESS A | F55: 128 | G55: 16 | H55: 0 | J55: 0 | K55: 50 | L55: 0 | AC55: 1 | AG55: 1
A56: 53 | B56: D53711 BZ220-00 | C56: GT-5244=APRON, FR FENDER, RH | D56: PRESS A | Z56: 124 | AA56: 0 | AB56: 1 | AC56: 1 | AD56: =VLOOKUP(B56,[4]PCS!$D$1:$E$65536,2,0) -> 210 | AE56: =VLOOKUP(B56,[4]PCS!$D$1:$F$65536,3,0) -> 0 | AF56: =VLOOKUP(B56,[4]PCS!$D$1:$G$65536,4,0) -> 0 | AG56: 1
A57: 54 | B57: D53711 BZ270-00 | C57: GT-6082=APRON FRT FENDER RH | D57: PRESS A | Z57: 428 | AA57: 0 | AB57: 1 | AC57: 1 | AD57: 1864 | AE57: =VLOOKUP(B57,[4]PCS!$D$1:$F$65536,3,0) -> 0 | AF57: 0 | AG57: 1
A58: 55 | B58: D61623 BZ120 | C58: NXS-009=EXTENSION QUARTER PANEL OUTER RH | D58: PRESS A | Z58: 14 | AA58: 0 | AB58: 0 | AC58: 1 | AD58: =VLOOKUP(B58,[4]PCS!$D$1:$E$65536,2,0) -> 41 | AE58: =VLOOKUP(B58,[4]PCS!$D$1:$F$65536,3,0) -> 0 | AF58: =VLOOKUP(B58,[4]PCS!$D$1:$G$65536,4,0) -> 0 | AG58: 1
A59: 56 | B59: D61624 BZ130 | C59: NXS-010=EXTENSION QUARTER PANEL OUTER LH | D59: PRESS A | Z59: 14 | AA59: 0 | AB59: 0 | AC59: 1 | AD59: =VLOOKUP(B59,[4]PCS!$D$1:$E$65536,2,0) -> 41 | AE59: =VLOOKUP(B59,[4]PCS!$D$1:$F$65536,3,0) -> 0 | AF59: =VLOOKUP(B59,[4]PCS!$D$1:$G$65536,4,0) -> 0 | AG59: 1
A60: 57 | B60: D61738 BZ050-00 | C60: NX-4837=REINFORCEMENT ROOF SIDE INNER LH | D60: PRESS A | Z60: 9 | AA60: 0 | AB60: 1 | AC60: 1 | AG60: 1
A61: 58 | B61: DV58312 BZ010-00 | C61: GT-2518(K-1041)=PANEL RR FLOOR SIDE RR | D61: PRESS A | Z61: 450 | AA61: 0 | AB61: 1 | AC61: 1 | AD61: =VLOOKUP(B61,[4]PCS!$D$1:$E$65536,2,0) -> 2171 | AE61: =VLOOKUP(B61,[4]PCS!$D$1:$F$65536,3,0) -> 14 | AF61: =VLOOKUP(B61,[4]PCS!$D$1:$G$65536,4,0) -> 3 | AG61: 1
A62: 59 | B62: ISF NPN2594433 | C62: PV-005BA=BLANK BODY SIDE RH | D62: PRESS A | Z62: 300 | AA62: 0 | AB62: 0 | AC62: 1 | AG62: 1
A63: 60 | B63: D51222 BZ050 | C63: Y-1561(AX-3077)=CROSSMEMBER FRAME NO.2 | D63: PRESS A | AC63: 1 | AD63: =VLOOKUP(B63,[4]PCS!$D$1:$E$65536,2,0) -> 9 | AE63: =VLOOKUP(B63,[4]PCS!$D$1:$F$65536,3,0) -> 0 | AF63: =VLOOKUP(B63,[4]PCS!$D$1:$G$65536,4,0) -> 0 | AG63: 1
A64: 61 | B64: D58115 BZ100 | C64: AES-012=REINFORCEMENT, FR FLR PANEL, LH | D64: PRESS A | AD64: =VLOOKUP(B64,[4]PCS!$D$1:$E$65536,2,0) -> 13339 | AE64: =VLOOKUP(B64,[4]PCS!$D$1:$F$65536,3,0) -> 0 | AF64: =VLOOKUP(B64,[4]PCS!$D$1:$G$65536,4,0) -> 0
A65: 62 | B65: DV58115 BZ100-03 | C65: AES-012V=REINFORCEMENT, FR FLOOR PNL,LH | D65: PRESS A | AD65: =VLOOKUP(B65,[4]PCS!$D$1:$E$65536,2,0) -> 3000 | AE65: =VLOOKUP(B65,[4]PCS!$D$1:$F$65536,3,0) -> 0 | AF65: =VLOOKUP(B65,[4]PCS!$D$1:$G$65536,4,0) -> 0
A66: 63 | B66: DV61161 BZ081G1 | C66: G-001=PILLAR FR BODY INNER RH | D66: PRESS A | AC66: 1 | AD66: =VLOOKUP(B66,[4]PCS!$D$1:$E$65536,2,0) -> 3 | AE66: =VLOOKUP(B66,[4]PCS!$D$1:$F$65536,3,0) -> 0 | AF66: =VLOOKUP(B66,[4]PCS!$D$1:$G$65536,4,0) -> 0 | AG66: 1
C67: MONTHLY A LINE | D67: QTY | F67: =SUM(F4:F66) -> 151819 | G67: =SUM(G4:G66) -> 3148 | H67: =SUM(H4:H66) -> 90 | J67: =SUM(J4:J55) -> 151009 | K67: =SUM(K4:K55) -> 3231 | L67: =SUM(L4:L55) -> 77 | N67: =SUM(N4:N55) -> 145370 | O67: =SUM(O4:O55) -> 4838 | P67: =SUM(P4:P55) -> 19 | R67: =SUM(R4:R55) -> 110632 | S67: =SUM(S4:S55) -> 3477 | T67: =SUM(T4:T55) -> 31 | V67: =SUM(V4:V55) -> 187721 | W67: =SUM(W4:W55) -> 5506 | X67: =SUM(X4:X55) -> 23 | Z67: =SUM(Z4:Z66) -> 136822 | AA67: =SUM(AA4:AA66) -> 6234 | AB67: =SUM(AB4:AB66) -> 10 | AD67: =SUM(AD4:AD66) -> 172983 | AE67: =SUM(AE4:AE66) -> 1673 | AF67: =SUM(AF4:AF66) -> 4 | AH67: =SUM(AH4:AH66) -> 140021 | AI67: =SUM(AI4:AI66) -> 356 | AJ67: =SUM(AJ4:AJ66) -> 38 | AL67: =SUM(AL4:AL66) -> 0 | AM67: =SUM(AM4:AM66) -> 0 | AN67: =SUM(AN4:AN66) -> 0 | AP67: =SUM(AP4:AP66) -> 0 | AQ67: =SUM(AQ4:AQ66) -> 0 | AR67: =SUM(AR4:AR66) -> 0 | AT67: =SUM(AT4:AT66) -> 0 | AU67: =SUM(AU4:AU66) -> 0 | AV67: =SUM(AV4:AV66) -> 0 | AX67: =SUM(AX4:AX66) -> 0 | AY67: =SUM(AY4:AY66) -> 0 | AZ67: =SUM(AZ4:AZ66) -> 0
C68: TOTAL | D68: % | F68: =F67/(F67+G67+H67) -> 0.97911736 | G68: =G67/(F67+G67+H67) -> 0.020302211 | H68: =H67/(F67+G67+H67) -> 0.00058043171 | J68: =J67/(J67+K67+L67) -> 0.97856361 | K68: =K67/(J67+K67+L67) -> 0.020937421 | L68: =L67/(J67+K67+L67) -> 0.00049897289 | N68: =N67/(N67+O67+P67) -> 0.96766893 | O68: =O67/(N67+O67+P67) -> 0.032204597 | P68: =P67/(N67+O67+P67) -> 0.00012647527 | R68: =R67/(R67+S67+T67) -> 0.96926581 | S68: =S67/(R67+S67+T67) -> 0.03046259 | T68: =T67/(R67+S67+T67) -> 0.00027159629 | V68: =V67/(V67+W67+X67) -> 0.97138939 | W68: =W67/(V67+W67+X67) -> 0.028491591 | X68: =X67/(V67+W67+X67) -> 0.00011901682 | Z68: =Z67/(Z67+AA67+AB67) -> 0.95635581 | AA68: =AA67/(Z67+AA67+AB67) -> 0.043574294 | AB68: =AB67/(Z67+AA67+AB67) -> 6.9897809e-05 | AD68: =AD67/(AD67+AE67+AF67) -> 0.99039849 | AE68: =AE67/(AD67+AE67+AF67) -> 0.0095786099 | AF68: =AF67/(AD67+AE67+AF67) -> 2.2901637e-05 | AH68: =AH67/(AH67+AI67+AJ67) -> 0.99719403 | AI68: =AI67/(AH67+AI67+AJ67) -> 0.0025353417 | AJ68: =AJ67/(AH67+AI67+AJ67) -> 0.00027062636 | AL68: =AL67/(AL67+AM67+AN67) -> #DIV/0! | AM68: =AM67/(AL67+AM67+AN67) -> #DIV/0! | AN68: =AN67/(AL67+AM67+AN67) -> #DIV/0! | AP68: =AP67/(AP67+AQ67+AR67) -> #DIV/0! | AQ68: =AQ67/(AP67+AQ67+AR67) -> #DIV/0! | AR68: =AR67/(AP67+AQ67+AR67) -> #DIV/0! | AT68: =AT67/(AT67+AU67+AV67) -> #DIV/0! | AU68: =AU67/(AT67+AU67+AV67) -> #DIV/0! | AV68: =AV67/(AT67+AU67+AV67) -> #DIV/0! | AX68: =AX67/(AX67+AY67+AZ67) -> #DIV/0! | AY68: =AY67/(AX67+AY67+AZ67) -> #DIV/0! | AZ68: =AZ67/(AX67+AY67+AZ67) -> #DIV/0!
C70: YTD A LINE | D70: QTY | F70: =F67 -> 151819 | G70: =G67 -> 3148 | H70: =H67 -> 90 | J70: =F70+J67 -> 302828 | K70: =G70+K67 -> 6379 | L70: =H70+L67 -> 167 | N70: =J70+N67 -> 448198 | O70: =K70+O67 -> 11217 | P70: =L70+P67 -> 186 | R70: =N70+R67 -> 558830 | S70: =O70+S67 -> 14694 | T70: =P70+T67 -> 217 | V70: =R70+V67 -> 746551 | W70: =S70+W67 -> 20200 | X70: =T70+X67 -> 240 | Z70: =V70+Z67 -> 883373 | AA70: =W70+AA67 -> 26434 | AB70: =X70+AB67 -> 250 | AD70: =Z70+AD67 -> 1056356 | AE70: =AA70+AE67 -> 28107 | AF70: =AB70+AF67 -> 254 | AH70: =AD70+AH67 -> 1196377 | AI70: =AE70+AI67 -> 28463 | AJ70: =AF70+AJ67 -> 292 | AL70: =AH70+AL67 -> 1196377 | AM70: =AI70+AM67 -> 28463 | AN70: =AJ70+AN67 -> 292 | AP70: =AL70+AP67 -> 1196377 | AQ70: =AM70+AQ67 -> 28463 | AR70: =AN70+AR67 -> 292 | AT70: =AP70+AT67 -> 1196377 | AU70: =AQ70+AU67 -> 28463 | AV70: =AR70+AV67 -> 292 | AX70: =AT70+AX67 -> 1196377 | AY70: =AU70+AY67 -> 28463 | AZ70: =AV70+AZ67 -> 292
C71: TOTAL | D71: % | F71: =F70/(F70+G70+H70) -> 0.97911736 | G71: =G70/(F70+G70+H70) -> 0.020302211 | H71: =H70/(F70+G70+H70) -> 0.00058043171 | J71: =J70/(J70+K70+L70) -> 0.97884114 | K71: =K70/(J70+K70+L70) -> 0.020619057 | L71: =L70/(J70+K70+L70) -> 0.00053979972 | N71: =N70/(N70+O70+P70) -> 0.97518935 | O71: =O70/(N70+O70+P70) -> 0.024405952 | P71: =P70/(N70+O70+P70) -> 0.00040469886 | R71: =R70/(R70+S70+T70) -> 0.97401092 | S71: =S70/(R70+S70+T70) -> 0.025610859 | T71: =T70/(R70+S70+T70) -> 0.00037821944 | V71: =V70/(V70+W70+X70) -> 0.9733504 | W71: =W70/(V70+W70+X70) -> 0.026336685 | X71: =X70/(V70+W70+X70) -> 0.0003129111 | Z71: =Z70/(Z70+AA70+AB70) -> 0.97067876 | AA71: =AA70/(Z70+AA70+AB70) -> 0.029046532 | AB71: =AB70/(Z70+AA70+AB70) -> 0.00027470807 | AD71: =AD70/(AD70+AE70+AF70) -> 0.97385401 | AE71: =AE70/(AD70+AE70+AF70) -> 0.025911828 | AF71: =AF70/(AD70+AE70+AF70) -> 0.00023416246 | AH71: =AH70/(AH70+AI70+AJ70) -> 0.97652906 | AI71: =AI70/(AH70+AI70+AJ70) -> 0.023232599 | AJ71: =AJ70/(AH70+AI70+AJ70) -> 0.00023834166 | AL71: =AL70/(AL70+AM70+AN70) -> 0.97652906 | AM71: =AM70/(AL70+AM70+AN70) -> 0.023232599 | AN71: =AN70/(AL70+AM70+AN70) -> 0.00023834166 | AP71: =AP70/(AP70+AQ70+AR70) -> 0.97652906 | AQ71: =AQ70/(AP70+AQ70+AR70) -> 0.023232599 | AR71: =AR70/(AP70+AQ70+AR70) -> 0.00023834166 | AT71: =AT70/(AT70+AU70+AV70) -> 0.97652906 | AU71: =AU70/(AT70+AU70+AV70) -> 0.023232599 | AV71: =AV70/(AT70+AU70+AV70) -> 0.00023834166 | AX71: =AX70/(AX70+AY70+AZ70) -> 0.97652906 | AY71: =AY70/(AX70+AY70+AZ70) -> 0.023232599 | AZ71: =AZ70/(AX70+AY70+AZ70) -> 0.00023834166
C75: MONTHLY ABCD | D75: QTY | F75: =F67+'QTY B'!F91+'QTY C'!F67+'QTY D'!F67 -> 622581 | G75: =G67+'QTY B'!G91+'QTY C'!G67+'QTY D'!G67 -> 12987 | H75: =H67+'QTY B'!H91+'QTY C'!H67+'QTY D'!H67 -> 245 | J75: =J67+'QTY B'!J91+'QTY C'!J67+'QTY D'!J67 -> 599860 | K75: =K67+'QTY B'!K91+'QTY C'!K67+'QTY D'!K67 -> 10099 | L75: =L67+'QTY B'!L91+'QTY C'!L67+'QTY D'!L67 -> 138 | N75: =N67+'QTY B'!N91+'QTY C'!N67+'QTY D'!N67 -> 577159 | O75: =O67+'QTY B'!O91+'QTY C'!O67+'QTY D'!O67 -> 13656 | P75: =P67+'QTY B'!P91+'QTY C'!P67+'QTY D'!P67 -> 88 | R75: =R67+'QTY B'!R91+'QTY C'!R67+'QTY D'!R67 -> 402595 | S75: =S67+'QTY B'!S91+'QTY C'!S67+'QTY D'!S67 -> 11042 | T75: =T67+'QTY B'!T91+'QTY C'!T67+'QTY D'!T67 -> 67 | V75: =V67+'QTY B'!V91+'QTY C'!V67+'QTY D'!V67 -> 697482 | W75: =W67+'QTY B'!W91+'QTY C'!W67+'QTY D'!W67 -> 15489 | X75: =X67+'QTY B'!X91+'QTY C'!X67+'QTY D'!X67 -> 105 | Z75: =Z67+'QTY B'!Z91+'QTY C'!Z67+'QTY D'!Z67 -> 613660 | AA75: =AA67+'QTY B'!AA91+'QTY C'!AA67+'QTY D'!AA67 -> 16132 | AB75: =AB67+'QTY B'!AB91+'QTY C'!AB67+'QTY D'!AB67 -> 114 | AD75: =AD67+'QTY B'!AD91+'QTY C'!AD67+'QTY D'!AD67 -> 690039 | AE75: =AE67+'QTY B'!AE91+'QTY C'!AE67+'QTY D'!AE67 -> 4858 | AF75: =AF67+'QTY B'!AF91+'QTY C'!AF67+'QTY D'!AF67 -> 29 | AH75: =AH67+'QTY B'!AH91+'QTY C'!AH67+'QTY D'!AH67 -> 140021 | AI75: =AI67+'QTY B'!AI91+'QTY C'!AI67+'QTY D'!AI67 -> 356 | AJ75: =AJ67+'QTY B'!AJ91+'QTY C'!AJ67+'QTY D'!AJ67 -> 38 | AL75: =AL67+'QTY B'!AL91+'QTY C'!AL67+'QTY D'!AL67 -> 0 | AM75: =AM67+'QTY B'!AM91+'QTY C'!AM67+'QTY D'!AM67 -> 0 | AN75: =AN67+'QTY B'!AN91+'QTY C'!AN67+'QTY D'!AN67 -> 0 | AP75: =AP67+'QTY B'!AP91+'QTY C'!AP67+'QTY D'!AP67 -> 0 | AQ75: =AQ67+'QTY B'!AQ91+'QTY C'!AQ67+'QTY D'!AQ67 -> 0 | AR75: =AR67+'QTY B'!AR91+'QTY C'!AR67+'QTY D'!AR67 -> 0 | AT75: =AT67+'QTY B'!AT91+'QTY C'!AT67+'QTY D'!AT67 -> 0 | AU75: =AU67+'QTY B'!AU91+'QTY C'!AU67+'QTY D'!AU67 -> 0 | AV75: =AV67+'QTY B'!AV91+'QTY C'!AV67+'QTY D'!AV67 -> 0 | AX75: =AX67+'QTY B'!AX91+'QTY C'!AX67+'QTY D'!AX67 -> 0 | AY75: =AY67+'QTY B'!AY91+'QTY C'!AY67+'QTY D'!AY67 -> 0 | AZ75: =AZ67+'QTY B'!AZ91+'QTY C'!AZ67+'QTY D'!AZ67 -> 0
C76: TOTAL | D76: % | F76: =F75/(F75+G75+H75) -> 0.97918885 | G76: =G75/(F75+G75+H75) -> 0.020425817 | H76: =H75/(F75+G75+H75) -> 0.00038533342 | J76: =J75/(J75+K75+L75) -> 0.9832207 | K76: =K75/(J75+K75+L75) -> 0.016553105 | L76: =L75/(J75+K75+L75) -> 0.00022619354 | N76: =N75/(N75+O75+P75) -> 0.97674068 | O76: =O75/(N75+O75+P75) -> 0.023110392 | P76: =P75/(N75+O75+P75) -> 0.00014892461 | R76: =R75/(R75+S75+T75) -> 0.97314747 | S76: =S75/(R75+S75+T75) -> 0.026690581 | T76: =T75/(R75+S75+T75) -> 0.00016195154 | V76: =V75/(V75+W75+X75) -> 0.97813136 | W76: =W75/(V75+W75+X75) -> 0.021721387 | X76: =X75/(V75+W75+X75) -> 0.00014724938 | Z76: =Z75/(Z75+AA75+AB75) -> 0.97420885 | AA76: =AA75/(Z75+AA75+AB75) -> 0.02561017 | AB76: =AB75/(Z75+AA75+AB75) -> 0.00018097938 | AD76: =AD75/(AD75+AE75+AF75) -> 0.9929676 | AE76: =AE75/(AD75+AE75+AF75) -> 0.0069906724 | AF76: =AF75/(AD75+AE75+AF75) -> 4.1731062e-05 | AH76: =AH75/(AH75+AI75+AJ75) -> 0.99719403 | AI76: =AI75/(AH75+AI75+AJ75) -> 0.0025353417 | AJ76: =AJ75/(AH75+AI75+AJ75) -> 0.00027062636 | AL76: =AL75/(AL75+AM75+AN75) -> #DIV/0! | AM76: =AM75/(AL75+AM75+AN75) -> #DIV/0! | AN76: =AN75/(AL75+AM75+AN75) -> #DIV/0! | AP76: =AP75/(AP75+AQ75+AR75) -> #DIV/0! | AQ76: =AQ75/(AP75+AQ75+AR75) -> #DIV/0! | AR76: =AR75/(AP75+AQ75+AR75) -> #DIV/0! | AT76: =AT75/(AT75+AU75+AV75) -> #DIV/0! | AU76: =AU75/(AT75+AU75+AV75) -> #DIV/0! | AV76: =AV75/(AT75+AU75+AV75) -> #DIV/0! | AX76: =AX75/(AX75+AY75+AZ75) -> #DIV/0! | AY76: =AY75/(AX75+AY75+AZ75) -> #DIV/0! | AZ76: =AZ75/(AX75+AY75+AZ75) -> #DIV/0!
C78: YTD ABCD | D78: QTY | F78: =F75 -> 622581 | G78: =G75 -> 12987 | H78: =H75 -> 245 | J78: =F78+J75 -> 1222441 | K78: =G78+K75 -> 23086 | L78: =H78+L75 -> 383 | N78: =J78+N75 -> 1799600 | O78: =K78+O75 -> 36742 | P78: =L78+P75 -> 471 | R78: =N78+R75 -> 2202195 | S78: =O78+S75 -> 47784 | T78: =P78+T75 -> 538 | V78: =R78+V75 -> 2899677 | W78: =S78+W75 -> 63273 | X78: =T78+X75 -> 643 | Z78: =V78+Z75 -> 3513337 | AA78: =W78+AA75 -> 79405 | AB78: =X78+AB75 -> 757 | AD78: =Z78+AD75 -> 4203376 | AE78: =AA78+AE75 -> 84263 | AF78: =AB78+AF75 -> 786 | AH78: =AD78+AH75 -> 4343397 | AI78: =AE78+AI75 -> 84619 | AJ78: =AF78+AJ75 -> 824 | AL78: =AH78+AL75 -> 4343397 | AM78: =AI78+AM75 -> 84619 | AN78: =AJ78+AN75 -> 824 | AP78: =AL78+AP75 -> 4343397 | AQ78: =AM78+AQ75 -> 84619 | AR78: =AN78+AR75 -> 824 | AT78: =AP78+AT75 -> 4343397 | AU78: =AQ78+AU75 -> 84619 | AV78: =AR78+AV75 -> 824 | AX78: =AT78+AX75 -> 4343397 | AY78: =AU78+AY75 -> 84619 | AZ78: =AV78+AZ75 -> 824
C79: TOTAL | D79: % | F79: =F78/(F78+G78+H78) -> 0.97918885 | G79: =G78/(F78+G78+H78) -> 0.020425817 | H79: =H78/(F78+G78+H78) -> 0.00038533342 | J79: =J78/(J78+K78+L78) -> 0.98116317 | K79: =K78/(J78+K78+L78) -> 0.018529428 | L79: =L78/(J78+K78+L78) -> 0.00030740583 | N79: =N78/(N78+O78+P78) -> 0.97974045 | O79: =O78/(N78+O78+P78) -> 0.020003125 | P79: =P78/(N78+O78+P78) -> 0.0002564224 | R79: =R78/(R78+S78+T78) -> 0.97852849 | S79: =S78/(R78+S78+T78) -> 0.021232455 | T79: =T78/(R78+S78+T78) -> 0.00023905618 | V79: =V78/(V78+W78+X78) -> 0.97843294 | W79: =W78/(V78+W78+X78) -> 0.021350098 | X79: =X78/(V78+W78+X78) -> 0.00021696636 | Z79: =Z78/(Z78+AA78+AB78) -> 0.97769249 | AA79: =AA78/(Z78+AA78+AB78) -> 0.022096848 | AB79: =AB78/(Z78+AA78+AB78) -> 0.00021065819 | AD79: =AD78/(AD78+AE78+AF78) -> 0.98016778 | AE79: =AE78/(AD78+AE78+AF78) -> 0.019648939 | AF79: =AF78/(AD78+AE78+AF78) -> 0.00018328407 | AH79: =AH78/(AH78+AI78+AJ78) -> 0.98070759 | AI79: =AI78/(AH78+AI78+AJ78) -> 0.019106357 | AJ79: =AJ78/(AH78+AI78+AJ78) -> 0.00018605323 | AL79: =AL78/(AL78+AM78+AN78) -> 0.98070759 | AM79: =AM78/(AL78+AM78+AN78) -> 0.019106357 | AN79: =AN78/(AL78+AM78+AN78) -> 0.00018605323 | AP79: =AP78/(AP78+AQ78+AR78) -> 0.98070759 | AQ79: =AQ78/(AP78+AQ78+AR78) -> 0.019106357 | AR79: =AR78/(AP78+AQ78+AR78) -> 0.00018605323 | AT79: =AT78/(AT78+AU78+AV78) -> 0.98070759 | AU79: =AU78/(AT78+AU78+AV78) -> 0.019106357 | AV79: =AV78/(AT78+AU78+AV78) -> 0.00018605323 | AX79: =AX78/(AX78+AY78+AZ78) -> 0.98070759 | AY79: =AY78/(AX78+AY78+AZ78) -> 0.019106357 | AZ79: =AZ78/(AX78+AY78+AZ78) -> 0.00018605323

Sheet QTY B
A1: DATA DETAIL QTY STAMPING - 2024
A2: NO | B2: MAT'L NUMBER | C2: DESCRIPTION | D2: LINE | F2: JANUARI | J2: FEBRUARI | N2: MARET | R2: APRIL | V2: MEI | Z2: JUNI | AD2: JULI | AH2: AGUSTUS | AL2: SEPTEMBER | AP2: OKTOBER | AT2: NOVEMBER | AX2: DESEMBER
F3: OK | G3: REPAIR | H3: REJECT | J3: OK | K3: REPAIR | L3: REJECT | N3: OK | O3: REPAIR | P3: REJECT | R3: OK | S3: REPAIR | T3: REJECT | V3: OK | W3: REPAIR | X3: REJECT | Z3: OK | AA3: REPAIR | AB3: REJECT | AD3: OK | AE3: REPAIR | AF3: REJECT | AH3: OK | AI3: REPAIR | AJ3: REJECT | AL3: OK | AM3: REPAIR | AN3: REJECT | AP3: OK | AQ3: REPAIR | AR3: REJECT | AT3: OK | AU3: REPAIR | AV3: REJECT | AX3: OK | AY3: REPAIR | AZ3: REJECT
A5: 1 | B5: DV61621 BZ150-00 | C5: AA-3426=EXTENSION, QUARTER PANEL,LWR RH | D5: PRESS B | F5: 5550 | G5: 0 | H5: 0 | J5: 5700 | K5: 0 | L5: 0 | N5: 4500 | O5: 0 | P5: 0 | R5: 3750 | S5: 0 | T5: 0 | V5: 5570 | W5: 0 | X5: 0 | Z5: 5550 | AA5: 0 | AB5: 0 | AC5: 2 | AD5: 5257 | AE5: 0 | AF5: 0
A6: 2 | B6: DV61622 BZ150-00 | C6: AA-3427=EXTENSION, QUARTER PANEL, LWR LH | D6: PRESS B | F6: 5550 | G6: 0 | H6: 1 | J6: 5700 | K6: 0 | L6: 0 | N6: 4800 | O6: 0 | P6: 0 | R6: 3300 | S6: 0 | T6: 0 | V6: 5570 | W6: 0 | X6: 0 | Z6: 5550 | AA6: 0 | AB6: 0 | AC6: 2 | AD6: 5254 | AE6: 0 | AF6: 0
A7: 3 | B7: DV57453 BZ070 | C7: AAS-006=MEMBER FR FLOOR CROSS SIDE RH | D7: PRESS B | F7: 8700 | G7: 0 | H7: 0 | J7: 8600 | K7: 0 | L7: 0 | N7: 9200 | O7: 0 | P7: 0 | R7: 5300 | S7: 0 | T7: 0 | V7: 8700 | W7: 0 | X7: 0 | Z7: 8500 | AA7: 0 | AB7: 0 | AC7: 2 | AD7: 8000 | AE7: 0 | AF7: 0
A8: 4 | B8: DV57454 BZ060 | C8: AAS-007=MEMBER FR FLOOR CROSS SIDE LH | D8: PRESS B | F8: 8800 | G8: 0 | H8: 0 | J8: 8520 | K8: 0 | L8: 0 | N8: 9300 | O8: 0 | P8: 0 | R8: 5396 | S8: 0 | T8: 0 | V8: 8700 | W8: 0 | X8: 0 | Z8: 8500 | AA8: 0 | AB8: 0 | AC8: 2 | AD8: 7600 | AE8: 0 | AF8: 0
A9: 5 | B9: DV57468 BZ090-00 | C9: AE-0090=BRACKET, FR SEAT, RR RH | D9: PRESS B | F9: 17148 | G9: 0 | H9: 2 | J9: 14700 | K9: 0 | L9: 0 | N9: 13282 | O9: 0 | P9: 0 | R9: 10008 | S9: 0 | T9: 0 | V9: 16800 | W9: 0 | X9: 0 | Z9: 16212 | AA9: 0 | AB9: 0 | AC9: 2 | AD9: 15310 | AE9: 0 | AF9: 0
A10: 6 | B10: DV57469 BZ040-00 | C10: AE-0091=BRACKET, FR SEAT, RR LH | D10: PRESS B | F10: 15800 | G10: 0 | H10: 0 | J10: 15400 | K10: 0 | L10: 1 | N10: 14200 | O10: 0 | P10: 0 | R10: 11100 | S10: 0 | T10: 0 | V10: 16600 | W10: 0 | X10: 0 | Z10: 14332 | AA10: 0 | AB10: 0 | AC10: 2 | AD10: 16600 | AE10: 0 | AF10: 0
A11: 7 | B11: D58114 BZ070 | C11: AES-011=REINFORCEMENT, FR FLR PANEL, RH | D11: PRESS B | F11: 12247 | G11: 0 | H11: 3 | J11: 13000 | K11: 0 | L11: 0 | N11: 10300 | O11: 0 | P11: 0 | R11: 8400 | S11: 0 | T11: 0 | V11: 16900 | W11: 0 | X11: 0 | Z11: 10900 | AA11: 0 | AB11: 0 | AC11: 2 | AD11: 13000 | AE11: 0 | AF11: 0
A12: 8 | B12: DV58114 BZ070-03 | C12: AES-011V=REINFORCEMENT, FR FLR PANEL, RH | D12: PRESS B | F12: 3480 | G12: 0 | H12: 0 | J12: 2520 | K12: 0 | L12: 0 | N12: 3120 | O12: 0 | P12: 0 | R12: 2760 | S12: 0 | T12: 0 | V12: 2520 | W12: 0 | X12: 0 | Z12: 2760 | AA12: 0 | AB12: 0 | AC12: 2 | AD12: 3000 | AE12: 0 | AF12: 0
A13: 9 | B13: D61657 BZ100 | C13: AES-016=BRACKET, RR SHOCK ABSORBER, RH | D13: PRESS B | F13: 12500 | G13: 0 | H13: 6 | J13: 12600 | K13: 0 | L13: 0 | N13: 12200 | O13: 0 | P13: 0 | R13: 6600 | S13: 0 | T13: 0 | V13: 15700 | W13: 0 | X13: 0 | Z13: 11134 | AA13: 0 | AB13: 0 | AC13: 2 | AD13: 13760 | AE13: 0 | AF13: 0
A14: 10 | B14: D61658 BZ100 | C14: AES-017=BRACKET, RR SHOCK ABSORBER, LH | D14: PRESS B | F14: 11725 | G14: 0 | H14: 5 | J14: 13930 | K14: 0 | L14: 0 | N14: 10380 | O14: 0 | P14: 0 | R14: 7202 | S14: 0 | T14: 0 | V14: 14912 | W14: 0 | X14: 0 | Z14: 12190 | AA14: 0 | AB14: 0 | AC14: 2 | AD14: 13443 | AE14: 0 | AF14: 0
A15: 11 | B15: D55741 BZ560 | C15: AES-023=PANEL, COWL TOP, INNER | D15: PRESS B | F15: 4500 | G15: 0 | H15: 2 | J15: 7620 | K15: 0 | L15: 0 | N15: 5460 | O15: 0 | P15: 0 | R15: 4200 | S15: 0 | T15: 0 | V15: 6420 | W15: 0 | X15: 0 | Z15: 7380 | AA15: 0 | AB15: 0 | AC15: 2 | AD15: 5940 | AE15: 0 | AF15: 0
A16: 12 | B16: D61627 BZ110 | C16: AES-028=EXTENSION, QRTR PNL,RR LWR | D16: PRESS B | F16: 8160 | G16: 0 | H16: 3 | J16: 9780 | K16: 0 | L16: 0 | N16: 7320 | O16: 0 | P16: 5 | AC16: 2
A17: 13 | B17: D61627 BZ120 | C17: AES-029=EXTENSION, QRTR PNL,RR LWR RH | D17: PRESS B | F17: 2490 | G17: 0 | H17: 0 | J17: 2640 | K17: 0 | L17: 0 | N17: 2220 | O17: 0 | P17: 0 | AC17: 2
A18: 14 | B18: D61628 BZ160 | C18: AES-033=EXTENSION, QRTR PNL,RR LWR | D18: PRESS B | F18: 8160 | G18: 0 | H18: 0 | J18: 9780 | K18: 0 | L18: 0 | N18: 7320 | O18: 0 | P18: 5 | AC18: 2
A19: 15 | B19: D61628 BZ170 | C19: AES-034=EXTENSION, QRTR PNL,RR LWR | D19: PRESS B | F19: 2490 | G19: 0 | H19: 0 | J19: 2640 | K19: 0 | L19: 0 | N19: 2220 | O19: 0 | P19: 0 | AC19: 2
A20: 16 | B20: D61627 BZ170 | C20: AES-049=EXTENSION, QRR PNL,RR LWR RH | D20: PRESS B | F20: 1800 | G20: 0 | H20: 0 | J20: 1860 | K20: 0 | L20: 0 | N20: 1500 | O20: 0 | P20: 0 | R20: 1200 | S20: 0 | T20: 0 | V20: 1320 | W20: 0 | X20: 0 | Z20: 1680 | AA20: 0 | AB20: 0 | AC20: 2 | AD20: 1080 | AE20: 0 | AF20: 0
A21: 17 | B21: D61628 BZ220 | C21: AES-050=EXTENSION, QRR PNL,RR LWR LH | D21: PRESS B | F21: 1800 | G21: 0 | H21: 0 | J21: 1860 | K21: 0 | L21: 0 | N21: 1500 | O21: 0 | P21: 0 | R21: 1200 | S21: 0 | T21: 0 | V21: 1320 | W21: 0 | X21: 0 | Z21: 1680 | AA21: 0 | AB21: 0 | AC21: 2 | AD21: 1080 | AE21: 0 | AF21: 0
A22: 18 | B22: IFG-8976955920 | C22: AH-008GU=CROSSMEMBER 3RD | D22: PRESS B | F22: 480 | G22: 0 | H22: 0 | J22: 768 | K22: 0 | L22: 0 | N22: 830 | O22: 0 | P22: 0 | R22: 528 | S22: 0 | T22: 0 | V22: 1128 | W22: 0 | X22: 0 | Z22: 780 | AA22: 0 | AB22: 0 | AC22: 2 | AD22: 1020 | AE22: 0 | AF22: 0
A23: 19 | B23: DV61161 BZ091G3 | C23: G-003=PILLAR FR BODY INNER RH | D23: PRESS B | F23: 394 | G23: 36 | H23: 1 | J23: 222 | K23: 78 | L23: 0 | N23: 39 | O23: 81 | P23: 0 | R23: 153 | S23: 91 | T23: 0 | V23: 489 | W23: 231 | X23: 0 | Z23: 637 | AA23: 111 | AB23: 0 | AC23: 2 | AD23: 373 | AE23: 43 | AF23: 0
A24: 20 | B24: DV61161 BZ131G9 | C24: G-009=PILLAR FR BODY INNER RH | D24: PRESS B | F24: 226 | G24: 14 | H24: 0 | J24: 59 | K24: 1 | L24: 0 | N24: 212 | O24: 108 | P24: 0 | R24: 170 | S24: 23 | T24: 0 | V24: 154 | W24: 146 | X24: 0 | Z24: 94 | AA24: 26 | AB24: 0 | AC24: 2 | AD24: 378 | AE24: 42 | AF24: 0
A25: 21 | B25: DV61344 BZ070G13 | C25: G-013=PILLAR CTR BODY INNER LH | D25: PRESS B | F25: 1376 | G25: 23 | H25: 0 | J25: 960 | K25: 0 | L25: 0 | N25: 879 | O25: 21 | P25: 0 | R25: 959 | S25: 17 | T25: 0 | V25: 1898 | W25: 22 | X25: 0 | Z25: 2477 | AA25: 13 | AB25: 0 | AC25: 2 | AD25: 2872 | AE25: 8 | AF25: 0
A26: 22 | B26: DV61343 BZ080G14 | C26: G-014=PILLAR CTR BODY INNER RH | D26: PRESS B | F26: 1378 | G26: 9 | H26: 0 | J26: 960 | K26: 0 | L26: 0 | N26: 876 | O26: 24 | P26: 0 | R26: 949 | S26: 35 | T26: 0 | V26: 1884 | W26: 36 | X26: 0 | Z26: 2486 | AA26: 0 | AB26: 0 | AC26: 2 | AD26: 2805 | AE26: 75 | AF26: 0
A27: 23 | B27: DV61343 BZ090G15 | C27: G-015=PILLAR CTR BODY INNER LH | D27: PRESS B | F27: 120 | G27: 0 | H27: 0 | J27: 299 | K27: 1 | L27: 0 | N27: 240 | O27: 0 | P27: 0 | R27: 60 | S27: 0 | T27: 0 | V27: 246 | W27: 54 | X27: 0 | Z27: 240 | AA27: 0 | AB27: 0 | AC27: 2 | AD27: 300 | AE27: 0 | AF27: 0
A28: 24 | B28: DV61343 BZ090G16 | C28: G-016=PILLAR CTR BODY INNER RH | D28: PRESS B | F28: 120 | G28: 0 | H28: 0 | J28: 298 | K28: 2 | L28: 0 | N28: 240 | O28: 0 | P28: 0 | R28: 60 | S28: 0 | T28: 0 | V28: 300 | W28: 0 | X28: 0 | Z28: 240 | AA28: 0 | AB28: 0 | AC28: 2 | AD28: 290 | AE28: 10 | AF28: 0
A29: 25 | B29: DV64135 BZ010G17 | C29: G-017=REINFORCEMENT BACK CORNER OUTER RH | D29: PRESS B | F29: 3106 | G29: 134 | H29: 0 | J29: 3763 | K29: 47 | L29: 0 | N29: 4247 | O29: 203 | P29: 0 | R29: 1831 | S29: 104 | T29: 0 | V29: 4184 | W29: 116 | X29: 0 | Z29: 4144 | AA29: 252 | AB29: 0 | AC29: 2 | AD29: 4389 | AE29: 120 | AF29: 0
A30: 26 | B30: DV64136 BZ010G18 | C30: G-018=REINFORCEMENT BACK CORNER OUTER LH | D30: PRESS B | F30: 2764 | G30: 116 | H30: 0 | J30: 3775 | K30: 95 | L30: 0 | N30: 3875 | O30: 365 | P30: 0 | R30: 1632 | S30: 55 | T30: 0 | V30: 3776 | W30: 164 | X30: 0 | Z30: 3738 | AA30: 169 | AB30: 0 | AC30: 2 | AD30: 3839 | AE30: 157 | AF30: 0
A31: 27 | B31: DV64123 BZ011G21 | C31: G-021=PANEL BACK CORNER INSIDE RH | D31: PRESS B | F31: 3540 | G31: 0 | H31: 0 | J31: 3640 | K31: 20 | L31: 0 | N31: 4914 | O31: 6 | P31: 0 | R31: 1680 | S31: 4 | T31: 0 | V31: 4427 | W31: 13 | X31: 0 | Z31: 4148 | AA31: 52 | AB31: 0 | AC31: 2 | AD31: 4620 | AE31: 0 | AF31: 0
... A34: 30 | B34: DV58111 BZ410 | C34: G-034=PAN FRT FLOOR | D34: PRESS B | F34: 750 | G34: 0 | H34: 0 | J34: 350 | K34: 0 | L34: 0 | N34: 474 | O34: 0 | P34: 0 | R34: 320 | S34: 0 | T34: 0 | V34: 650 | W34: 0 | X34: 0 | Z34: 850 | AA34: 0 | AB34: 0 | AC34: 2 | AD34: 800 | AE34: 0 | AF34: 0
A35: 31 | B35: DV58114 BZ090 | C35: G-035=PNL FRT FOOR CTR REAR | D35: PRESS B | F35: 96 | G35: 4 | H35: 0 | R35: 38 | S35: 62 | T35: 0 | V35: 100 | W35: 0 | X35: 0 | Z35: 88 | AA35: 12 | AB35: 0 | AC35: 2 | AD35: 171 | AE35: 29 | AF35: 0
A36: 32 | B36: ISFV 8975895451 | C36: IB-054=BRACKET CAB MTG | D36: PRESS B | F36: 1980 | G36: 0 | H36: 0 | J36: 1380 | K36: 0 | L36: 1 | N36: 1742 | O36: 0 | P36: 1 | R36: 1560 | S36: 0 | T36: 0 | V36: 1713 | W36: 0 | X36: 0 | Z36: 1643 | AA36: 62 | AB36: 0 | AC36: 2 | AD36: 2280 | AE36: 0 | AF36: 0
A37: 33 | B37: ISF NPN6955321 | C37: IF-013=CROSSMEMBER;1ST | D37: PRESS B | F37: 0 | G37: 919 | H37: 0 | J37: 0 | K37: 462 | L37: 0 | N37: 0 | O37: 1086 | P37: 0 | R37: 0 | S37: 653 | T37: 0 | V37: 0 | W37: 1200 | X37: 0 | Z37: 0 | AA37: 766 | AB37: 0 | AC37: 2 | AD37: 0 | AE37: 720 | AF37: 0
A38: 34 | B38: ISF NPN6955331 | C38: IF-015=CROSSMEMBER 2ND ASM | D38: PRESS B | F38: 0 | G38: 840 | H38: 0 | J38: 0 | K38: 780 | L38: 0 | N38: 0 | O38: 1020 | P38: 0 | R38: 0 | S38: 936 | T38: 0 | V38: 0 | W38: 900 | X38: 0 | Z38: 0 | AA38: 826 | AB38: 0 | AC38: 2
A39: 35 | B39: VV-D61621-BZ110 | C39: NA-053=EXTENSION, QURTER PANEL, LOWER RH | D39: PRESS B | F39: 5900 | G39: 0 | H39: 2 | J39: 6796 | K39: 0 | L39: 4 | N39: 5200 | O39: 0 | P39: 0 | R39: 4000 | S39: 0 | T39: 0 | V39: 6600 | W39: 0 | X39: 0 | Z39: 5900 | AA39: 0 | AB39: 0 | AC39: 2 | AD39: 4700 | AE39: 0 | AF39: 0
A40: 36 | B40: VV-D61622-BZ140 | C40: NA-056=EXTENSION, QURTER PANEL, LOWER LH | D40: PRESS B | F40: 5900 | G40: 0 | H40: 6 | J40: 6796 | K40: 0 | L40: 4 | N40: 5200 | O40: 0 | P40: 0 | R40: 4000 | S40: 0 | T40: 0 | V40: 6600 | W40: 0 | X40: 0 | Z40: 5800 | AA40: 0 | AB40: 0 | AC40: 2 | AD40: 4800 | AE40: 0 | AF40: 0
A41: 37 | B41: DVM57258 BZ030-00 | C41: NX-2928= BRKT ENG RR MOUNTING MEMBER LH | D41: PRESS B | F41: 8900 | G41: 0 | H41: 0 | J41: 4400 | K41: 0 | L41: 0 | N41: 5000 | O41: 0 | P41: 0 | R41: 4900 | S41: 0 | T41: 0 | V41: 5435 | W41: 0 | X41: 0 | Z41: 4100 | AA41: 0 | AB41: 0 | AC41: 2 | AD41: 4000 | AE41: 0 | AF41: 0
A42: 38 | B42: IFGV-8978500073 | C42: PB-015=FLR RR PANEL LH | D42: PRESS B | F42: 1020 | G42: 0 | H42: 0 | J42: 240 | K42: 0 | L42: 0 | N42: 780 | O42: 0 | P42: 0 | R42: 300 | S42: 0 | T42: 0 | V42: 660 | W42: 0 | X42: 0 | Z42: 900 | AA42: 0 | AB42: 0 | AC42: 2 | AD42: 840 | AE42: 0 | AF42: 0
A43: 39 | B43: IFGV-8978500082 | C43: PB-016=FLR RR PANEL RH | D43: PRESS B | F43: 864 | G43: 0 | H43: 0 | J43: 360 | K43: 0 | L43: 0 | N43: 660 | O43: 0 | P43: 0 | R43: 180 | S43: 0 | T43: 0 | V43: 780 | W43: 0 | X43: 0 | Z43: 660 | AA43: 0 | AB43: 0 | AC43: 2 | AD43: 980 | AE43: 0 | AF43: 0
A44: 40 | B44: IFGV-8978500185 | C44: PB-026=GUSSET FLR SIDE RH | D44: PRESS B | F44: 1488 | G44: 0 | H44: 0 | J44: 900 | K44: 0 | L44: 0 | N44: 1260 | O44: 0 | P44: 0 | R44: 780 | S44: 0 | T44: 0 | V44: 1500 | W44: 0 | X44: 0 | Z44: 1500 | AA44: 0 | AB44: 0 | AC44: 2 | AD44: 1504 | AE44: 0 | AF44: 0
A45: 41 | B45: IFGV-8982701130 | C45: PB-061N=RAIL MOUNTING REAR | D45: PRESS B | F45: 780 | G45: 0 | H45: 0 | J45: 600 | K45: 0 | L45: 0 | N45: 480 | O45: 0 | P45: 0 | R45: 660 | S45: 0 | T45: 0 | V45: 624 | W45: 0 | X45: 0 | Z45: 600 | AA45: 0 | AB45: 0 | AC45: 2 | AD45: 666 | AE45: 0 | AF45: 0
A46: 42 | B46: IFGV-8978503473 | C46: PB-061NB=RAIL MOUNTING REAR | D46: PRESS B | J46: 60 | K46: 0 | L46: 0 | R46: 60 | S46: 0 | T46: 0 | V46: 60 | W46: 0 | X46: 0 | AC46: 2 | AD46: 72 | AE46: 0 | AF46: 0
A47: 43 | B47: IFGV-8976664070 | C47: PB-061NB1=RAIL MOUNTING REAR | D47: PRESS B | F47: 960 | G47: 0 | H47: 0 | J47: 180 | K47: 0 | L47: 0 | N47: 780 | O47: 0 | P47: 0 | R47: 180 | S47: 0 | T47: 0 | V47: 840 | W47: 0 | X47: 0 | Z47: 864 | AA47: 0 | AB47: 0 | AC47: 2 | AD47: 720 | AE47: 0 | AF47: 0
A48: 44 | B48: IFGV-8978500324 | C48: PB-062=REINF RAIL MTG RAIL | D48: PRESS B | F48: 1440 | G48: 0 | H48: 1 | J48: 1320 | K48: 0 | L48: 0 | N48: 1110 | O48: 0 | P48: 0 | R48: 1140 | S48: 0 | T48: 0 | V48: 1260 | W48: 0 | X48: 0 | Z48: 1500 | AA48: 0 | AB48: 0 | AC48: 2 | AD48: 1560 | AE48: 0 | AF48: 0
A49: 45 | B49: ISF PH073GU | C49: PH-073=3RD CROSS MEMBER UPPER | D49: PRESS B | F49: 540 | G49: 0 | H49: 0 | J49: 840 | K49: 0 | L49: 0 | N49: 680 | O49: 0 | P49: 0 | R49: 785 | S49: 0 | T49: 0 | V49: 900 | W49: 0 | X49: 0 | Z49: 840 | AA49: 0 | AB49: 0 | AC49: 2 | AD49: 1140 | AE49: 0 | AF49: 0
A50: 46 | B50: ISF PH074GU | C50: PH-074=3TH CROSS MEMBER LOWER | D50: PRESS B | F50: 0 | G50: 540 | H50: 0 | J50: 0 | K50: 780 | L50: 0 | N50: 0 | O50: 618 | P50: 15 | R50: 540 | S50: 300 | T50: 15 | V50: 1140 | W50: 0 | X50: 0 | Z50: 540 | AA50: 0 | AB50: 0 | AC50: 2 | AD50: 1080 | AE50: 0 | AF50: 0
A51: 47 | B51: ISF 8982597522 | C51: PV-023BS=BRKT FUEL TANK (NON PAIN) | D51: PRESS B | F51: 0 | G51: 3120 | H51: 0 | J51: 0 | K51: 2280 | L51: 0 | N51: 0 | O51: 2600 | P51: 0 | R51: 0 | S51: 2656 | T51: 0 | V51: 0 | W51: 3043 | X51: 0 | Z51: 0 | AA51: 2790 | AB51: 0 | AC51: 2 | AD51: 3120 | AE51: 0 | AF51: 0
A52: 48 | B52: ISF-NPN2594013 | C52: PVS-003B1-REINF WAIST DOOR OTR FRT LH | D52: PRESS B | F52: 1768 | G52: 0 | H52: 0 | J52: 900 | K52: 0 | L52: 0 | N52: 1133 | O52: 0 | P52: 0 | R52: 946 | S52: 0 | T52: 0 | V52: 1611 | W52: 0 | X52: 0 | Z52: 1350 | AA52: 0 | AB52: 0 | AC52: 2 | AD52: 1935 | AE52: 0 | AF52: 0
A53: 49 | B53: ISF-NPN2594014 | C53: PVS-004B1-REINF WAIST DOOR OTR RR LH | D53: PRESS B | F53: 1768 | G53: 0 | H53: 0 | J53: 900 | K53: 0 | L53: 0 | N53: 1133 | O53: 0 | P53: 0 | R53: 946 | S53: 0 | T53: 0 | V53: 1611 | W53: 0 | X53: 0 | Z53: 1350 | AA53: 0 | AB53: 0 | AC53: 2 | AD53: 1935 | AE53: 0 | AF53: 0
A54: 50 | B54: ISF 8983153400 | C54: PVS-005B=BRKT BUMPER RH | D54: PRESS B | F54: 1861 | G54: 0 | H54: 0 | J54: 900 | K54: 0 | L54: 0 | N54: 1420 | O54: 0 | P54: 0 | R54: 840 | S54: 0 | T54: 0 | V54: 1560 | W54: 0 | X54: 0 | Z54: 1440 | AA54: 0 | AB54: 0 | AC54: 2 | AD54: 1660 | AE54: 0 | AF54: 0
A55: 51 | B55: ISF 8983153410 | C55: PVS-007B=BRKT BUMPER LH | D55: PRESS B | F55: 1860 | G55: 0 | H55: 1 | J55: 900 | K55: 0 | L55: 0 | N55: 1420 | O55: 0 | P55: 0 | R55: 840 | S55: 0 | T55: 0 | V55: 1560 | W55: 0 | X55: 0 | Z55: 1440 | AA55: 0 | AB55: 0 | AC55: 2 | AD55: 1606 | AE55: 0 | AF55: 0
A56: 52 | B56: IFG-8982592710 | C56: PVS-008B=REINF; BC PEDAL | D56: PRESS B | F56: 780 | G56: 0 | H56: 0 | J56: 480 | K56: 0 | L56: 0 | N56: 900 | O56: 0 | P56: 0 | R56: 470 | S56: 0 | T56: 0 | V56: 600 | W56: 0 | X56: 0 | Z56: 780 | AA56: 0 | AB56: 0 | AC56: 2 | AD56: 705 | AE56: 0 | AF56: 0
A57: 53 | B57: DV57417 BZ150-00 | C57: RC-1600=REINFORCEMENT, FR FLOOR UNDER RH | D57: PRESS B | F57: 1000 | G57: 0 | H57: 0 | J57: 1400 | K57: 0 | L57: 0 | N57: 700 | O57: 0 | P57: 0 | R57: 1900 | S57: 0 | T57: 0 | V57: 1100 | W57: 0 | X57: 0 | Z57: 920 | AA57: 0 | AB57: 0 | AC57: 2 | AD57: 200 | AE57: 0 | AF57: 0
A58: 54 | B58: DV57418 BZ050-00 | C58: RC-1601=REINFORCEMENT, FR FLOOR UNDER LH | D58: PRESS B | F58: 900 | G58: 0 | H58: 0 | J58: 1300 | K58: 0 | L58: 0 | N58: 700 | O58: 0 | P58: 0 | R58: 1900 | S58: 0 | T58: 0 | V58: 1000 | W58: 0 | X58: 0 | Z58: 900 | AA58: 0 | AB58: 0 | AC58: 2 | AD58: 200 | AE58: 0 | AF58: 0
... A68: 64 | B68: T57418 BZ020-00-28 | C68: T116=REINFORCEMENT,FR FLR UNDER,LH | D68: PRESS B | F68: 7600 | G68: 0 | H68: 0 | J68: 7801 | K68: 0 | L68: 0 | N68: 7300 | O68: 0 | P68: 0 | R68: 6000 | S68: 0 | T68: 0 | V68: 9800 | W68: 0 | X68: 0 | Z68: 8100 | AA68: 0 | AB68: 0 | AC68: 2 | AD68: 9500 | AE68: 0 | AF68: 0
A69: 65 | B69: T57418 BZ050-00-28 | C69: T117=REINFORCEMENT, FR FLOOR UNDER LH | D69: PRESS B | F69: 1300 | G69: 0 | H69: 0 | J69: 100 | K69: 0 | L69: 0 | AC69: 2
A70: 66 | B70: T61621 BZ110-00-26 | C70: T213=EXTENSION, QURTER PANEL, LOWER RH | D70: PRESS B | F70: 6124 | G70: 0 | H70: 0 | J70: 7100 | K70: 0 | L70: 0 | N70: 5200 | O70: 0 | P70: 0 | R70: 3700 | S70: 0 | T70: 0 | V70: 7400 | W70: 0 | X70: 0 | Z70: 5100 | AA70: 0 | AB70: 0 | AC70: 2 | AD70: 7600 | AE70: 0 | AF70: 0
A71: 67 | B71: T61621 BZ110-00E26 | C71: T213E=EXTENSION, QURTER PANEL, LOWER RH | D71: PRESS B | F71: 200 | G71: 0 | H71: 0 | N71: 400 | O71: 0 | P71: 0 | V71: 1000 | W71: 0 | X71: 0 | Z71: 900 | AA71: 0 | AB71: 0 | AC71: 2 | AD71: 900 | AE71: 0 | AF71: 0
A72: 68 | B72: T61622 BZ140-00-26 | C72: T214=EXTENSION, QURTER PANEL, LOWER LH | D72: PRESS B | F72: 6124 | G72: 0 | H72: 0 | J72: 7100 | K72: 0 | L72: 0 | N72: 5200 | O72: 0 | P72: 0 | R72: 3700 | S72: 0 | T72: 0 | V72: 7400 | W72: 0 | X72: 0 | Z72: 5100 | AA72: 0 | AB72: 0 | AC72: 2 | AD72: 7000 | AE72: 0 | AF72: 0
A73: 69 | B73: T61622BZ140-00E26 | C73: T214E=EXTENSION, QURTER PANEL, LOWER LH | D73: PRESS B | F73: 200 | G73: 0 | H73: 0 | N73: 400 | O73: 0 | P73: 0 | V73: 1000 | W73: 0 | X73: 0 | Z73: 900 | AA73: 0 | AB73: 0 | AC73: 2 | AD73: 1400 | AE73: 0 | AF73: 0
A74: 70 | B74: IFGV-8978500308 | C74: PB-061=RAIL RR MTG | D74: PRESS B | V74: 24 | W74: 0 | X74: 0 | Z74: 48 | AA74: 0 | AB74: 0 | AC74: 2 | AD74: 24 | AE74: 0 | AF74: 0
A75: 71 | B75: DV57468 BZ120 | C75: XP-0078=BRACKET, FR SEAT, RR RH | D75: PRESS B | F75: 5700 | G75: 0 | H75: 5 | J75: 5940 | K75: 0 | L75: 0 | N75: 4800 | O75: 0 | P75: 0 | R75: 3930 | S75: 0 | T75: 0 | V75: 5070 | W75: 0 | X75: 0 | Z75: 5800 | AA75: 0 | AB75: 0 | AC75: 2 | AD75: 4350 | AE75: 0 | AF75: 0
A76: 72 | B76: T57417 BZ120-00E28 | C76: T114E=REINFORCEMENT, FR FLR UNDER, RH | D76: PRESS B | N76: 200 | O76: 0 | P76: 0 | R76: 100 | S76: 0 | T76: 0 | Z76: 100 | AA76: 0 | AB76: 0 | AC76: 2 | AD76: 600 | AE76: 0 | AF76: 0
A77: 73 | B77: D57454 BZ150 | C77: AES-006=MEMBER, FR FLOOR CROSS SIDE, LH | D77: PRESS B | Z77: 12190 | AA77: 0 | AB77: 0 | AD77: 13497 | AE77: 0 | AF77: 0
A78: 74 | B78: D55131 BZ040-00 | C78: Y-1507=R/F DASH PANEL | D78: PRESS B | Z78: 10 | AA78: 0 | AB78: 0
A79: 75 | B79: DV57165 BZ030-00 | C79: GT-5940=REINF, FR CROSSMEMBER, NO.2 | D79: PRESS B | Z79: 540 | AA79: 0 | AB79: 0 | AD79: 2150 | AE79: 0 | AF79: 0
A80: 76 | B80: DV58111 BZ350 | C80: G-029=PAN FRT FLOOR | D80: PRESS B | Z80: 500 | AA80: 0 | AB80: 0 | AD80: 2050 | AE80: 0 | AF80: 0
A81: 77 | B81: DV58111 BZ360 | C81: G-030=PAN FRT FLOOR | D81: PRESS B | Z81: 90 | AA81: 0 | AB81: 0 | AD81: 100 | AE81: 0 | AF81: 0
A82: 78 | B82: DV57469 BZ060 | C82: XP-0079=BRACKET, FR SEAT, RR LH | D82: PRESS B | F82: 6166 | G82: 0 | H82: 15 | J82: 5850 | K82: 0 | L82: 0 | N82: 4470 | O82: 0 | P82: 0 | R82: 3900 | S82: 0 | T82: 0 | V82: 5250 | W82: 0 | X82: 0 | Z82: 5700 | AA82: 0 | AB82: 0 | AC82: 2 | AD82: 4800 | AE82: 0 | AF82: 0
A83: 79 | B83: IRM-05910301 | C83: IF-015=SAPH440 NPO - 4.5 X 236 X 580 | D83: PRESS B | AD83: 1320 | AE83: 0 | AF83: 0
A84: 80 | B84: DV61625 BZ100-00 | C84: NX-0529=EXTENSION QUARTER PANEL UPR RH | D84: PRESS B | AD84: 30 | AE84: 0 | AF84: 0
A85: 81 | B85: DV61626 BZ100-00 | C85: NX-0530=EXTENSION QUARTER PANEL UPR LH | D85: PRESS B | AD85: 30 | AE85: 0 | AF85: 0
A86: 82 | B86: D51221 BZ010-00 | C86: Y-1202,AX-2175=CR0SS MBR FRAME NO 02 UPR | D86: PRESS B | AD86: 23 | AE86: 0 | AF86: 0
C91: MONTHLY B LINE | D91: QTY | F91: =SUM(F5:F82) -> 267577 | G91: =SUM(G5:G82) -> 7294 | H91: =SUM(H5:H82) -> 56 | J91: =SUM(J5:J82) -> 264430 | K91: =SUM(K5:K82) -> 5460 | L91: =SUM(L5:L82) -> 11 | N91: =SUM(N5:N82) -> 245087 | O91: =SUM(O5:O82) -> 7057 | P91: =SUM(P5:P82) -> 26 | R91: =SUM(R5:R82) -> 165817 | S91: =SUM(S5:S82) -> 6033 | T91: =SUM(T5:T82) -> 15 | V91: =SUM(V5:V82) -> 272831 | W91: =SUM(W5:W82) -> 6770 | X91: =SUM(X5:X82) -> 0 | Z91: =SUM(Z5:Z82) -> 254461 | AA91: =SUM(AA5:AA82) -> 6052 | AB91: =SUM(AB5:AB82) -> 3 | AD91: =SUM(AD5:AD90) -> 280478 | AE91: =SUM(AE5:AE90) -> 2087 | AF91: =SUM(AF5:AF90) -> 0 | AH91: =SUM(AH5:AH90) -> 0 | AI91: =SUM(AI5:AI90) -> 0 | AJ91: =SUM(AJ5:AJ90) -> 0 | AL91: =SUM(AL5:AL90) -> 0 | AM91: =SUM(AM5:AM90) -> 0 | AN91: =SUM(AN5:AN90) -> 0 | AP91: =SUM(AP5:AP90) -> 0 | AQ91: =SUM(AQ5:AQ90) -> 0 | AR91: =SUM(AR5:AR90) -> 0 | AT91: =SUM(AT5:AT90) -> 0 | AU91: =SUM(AU5:AU90) -> 0 | AV91: =SUM(AV5:AV90) -> 0 | AX91: =SUM(AX5:AX90) -> 0 | AY91: =SUM(AY5:AY90) -> 0 | AZ91: =SUM(AZ5:AZ90) -> 0
C92: TOTAL | D92: % | F92: =F91/(F91+G91+H91) -> 0.97326563 | G92: =G91/(F91+G91+H91) -> 0.026530679 | H92: =H91/(F91+G91+H91) -> 0.00020369043 | J92: =J91/(J91+K91+L91) -> 0.9797296 | K92: =K91/(J91+K91+L91) -> 0.02022964 | L92: =L91/(J91+K91+L91) -> 4.0755684e-05 | N92: =N91/(N91+O91+P91) -> 0.97191181 | O92: =O91/(N91+O91+P91) -> 0.027985089 | P92: =P91/(N91+O91+P91) -> 0.00010310505 | R92: =R91/(R91+S91+T91) -> 0.96480959 | S92: =S91/(R91+S91+T91) -> 0.035103133 | T92: =T91/(R91+S91+T91) -> 8.7277805e-05 | V92: =V91/(V91+W91+X91) -> 0.97578692 | W92: =W91/(V91+W91+X91) -> 0.024213075 | X92: =X91/(V91+W91+X91) -> 0 | Z92: =Z91/(Z91+AA91+AB91) -> 0.97675767 | AA92: =AA91/(Z91+AA91+AB91) -> 0.023230819 | AB92: =AB91/(Z91+AA91+AB91) -> 1.1515607e-05 | AD92: =AD91/(AD91+AE91+AF91) -> 0.99261409 | AE92: =AE91/(AD91+AE91+AF91) -> 0.0073859112 | AF92: =AF91/(AD91+AE91+AF91) -> 0 | AH92: =AH91/(AH91+AI91+AJ91) -> #DIV/0! | AI92: =AI91/(AH91+AI91+AJ91) -> #DIV/0! | AJ92: =AJ91/(AH91+AI91+AJ91) -> #DIV/0! | AL92: =AL91/(AL91+AM91+AN91) -> #DIV/0! | AM92: =AM91/(AL91+AM91+AN91) -> #DIV/0! | AN92: =AN91/(AL91+AM91+AN91) -> #DIV/0! | AP92: =AP91/(AP91+AQ91+AR91) -> #DIV/0! | AQ92: =AQ91/(AP91+AQ91+AR91) -> #DIV/0! | AR92: =AR91/(AP91+AQ91+AR91) -> #DIV/0! | AT92: =AT91/(AT91+AU91+AV91) -> #DIV/0! | AU92: =AU91/(AT91+AU91+AV91) -> #DIV/0! | AV92: =AV91/(AT91+AU91+AV91) -> #DIV/0! | AX92: =AX91/(AX91+AY91+AZ91) -> #DIV/0! | AY92: =AY91/(AX91+AY91+AZ91) -> #DIV/0! | AZ92: =AZ91/(AX91+AY91+AZ91) -> #DIV/0!
C94: YTD B LINE | D94: QTY | F94: =F91 -> 267577 | G94: =G91 -> 7294 | H94: =H91 -> 56 | J94: =F94+J91 -> 532007 | K94: =G94+K91 -> 12754 | L94: =H94+L91 -> 67 | N94: =J94+N91 -> 777094 | O94: =K94+O91 -> 19811 | P94: =L94+P91 -> 93 | R94: =N94+R91 -> 942911 | S94: =O94+S91 -> 25844 | T94: =P94+T91 -> 108 | V94: =R94+V91 -> 1215742 | W94: =S94+W91 -> 32614 | X94: =T94+X91 -> 108 | Z94: =V94+Z91 -> 1470203 | AA94: =W94+AA91 -> 38666 | AB94: =X94+AB91 -> 111 | AD94: =Z94+AD91 -> 1750681 | AE94: =AA94+AE91 -> 40753 | AF94: =AB94+AF91 -> 111 | AH94: =AD94+AH91 -> 1750681 | AI94: =AE94+AI91 -> 40753 | AJ94: =AF94+AJ91 -> 111 | AL94: =AH94+AL91 -> 1750681 | AM94: =AI94+AM91 -> 40753 | AN94: =AJ94+AN91 -> 111 | AP94: =AL94+AP91 -> 1750681 | AQ94: =AM94+AQ91 -> 40753 | AR94: =AN94+AR91 -> 111 | AT94: =AP94+AT91 -> 1750681 | AU94: =AQ94+AU91 -> 40753 | AV94: =AR94+AV91 -> 111 | AX94: =AT94+AX91 -> 1750681 | AY94: =AU94+AY91 -> 40753 | AZ94: =AV94+AZ91 -> 111
C95: TOTAL | D95: % | F95: =F94/(F94+G94+H94) -> 0.97326563 | G95: =G94/(F94+G94+H94) -> 0.026530679 | H95: =H94/(F94+G94+H94) -> 0.00020369043 | J95: =J94/(J94+K94+L94) -> 0.9764678 | K95: =K94/(J94+K94+L94) -> 0.023409223 | L95: =L94/(J94+K94+L94) -> 0.00012297459 | N95: =N94/(N94+O94+P94) -> 0.97502629 | O95: =O94/(N94+O94+P94) -> 0.024857026 | P95: =P94/(N94+O94+P94) -> 0.00011668787 | R95: =R94/(R94+S94+T94) -> 0.97321396 | S95: =S94/(R94+S94+T94) -> 0.026674566 | T95: =T94/(R94+S94+T94) -> 0.00011147087 | V95: =V94/(V94+W94+X94) -> 0.97379019 | W95: =W94/(V94+W94+X94) -> 0.0261233 | X95: =X94/(V94+W94+X94) -> 8.6506299e-05 | Z95: =Z94/(Z94+AA94+AB94) -> 0.97430251 | AA95: =AA94/(Z94+AA94+AB94) -> 0.025623931 | AB95: =AB94/(Z94+AA94+AB94) -> 7.3559623e-05 | AD95: =AD94/(AD94+AE94+AF94) -> 0.97719064 | AE95: =AE94/(AD94+AE94+AF94) -> 0.022747405 | AF95: =AF94/(AD94+AE94+AF94) -> 6.1957696e-05 | AH95: =AH94/(AH94+AI94+AJ94) -> 0.97719064 | AI95: =AI94/(AH94+AI94+AJ94) -> 0.022747405 | AJ95: =AJ94/(AH94+AI94+AJ94) -> 6.1957696e-05 | AL95: =AL94/(AL94+AM94+AN94) -> 0.97719064 | AM95: =AM94/(AL94+AM94+AN94) -> 0.022747405 | AN95: =AN94/(AL94+AM94+AN94) -> 6.1957696e-05 | AP95: =AP94/(AP94+AQ94+AR94) -> 0.97719064 | AQ95: =AQ94/(AP94+AQ94+AR94) -> 0.022747405 | AR95: =AR94/(AP94+AQ94+AR94) -> 6.1957696e-05 | AT95: =AT94/(AT94+AU94+AV94) -> 0.97719064 | AU95: =AU94/(AT94+AU94+AV94) -> 0.022747405 | AV95: =AV94/(AT94+AU94+AV94) -> 6.1957696e-05 | AX95: =AX94/(AX94+AY94+AZ94) -> 0.97719064 | AY95: =AY94/(AX94+AY94+AZ94) -> 0.022747405 | AZ95: =AZ94/(AX94+AY94+AZ94) -> 6.1957696e-05
B99: D57454 BZ150 | C99: AES-006=MEMBER, FR FLOOR CROSS SIDE, LH

Sheet QTY C
A1: DATA DETAIL QTY STAMPING - 2024
A2: NO | B2: MAT'L NUMBER | C2: DESCRIPTION | D2: LINE | F2: JANUARI | J2: FEBRUARI | N2: MARET | R2: APRIL | V2: MEI | Z2: JUNI | AD2: JULI | AH2: AGUSTUS | AL2: SEPTEMBER | AP2: OKTOBER | AT2: NOVEMBER | AX2: DESEMBER
F3: OK | G3: REPAIR | H3: REJECT | J3: OK | K3: REPAIR | L3: REJECT | N3: OK | O3: REPAIR | P3: REJECT | R3: OK | S3: REPAIR | T3: REJECT | V3: OK | W3: REPAIR | X3: REJECT | Z3: OK | AA3: REPAIR | AB3: REJECT | AD3: OK | AE3: REPAIR | AF3: REJECT | AH3: OK | AI3: REPAIR | AJ3: REJECT | AL3: OK | AM3: REPAIR | AN3: REJECT | AP3: OK | AQ3: REPAIR | AR3: REJECT | AT3: OK | AU3: REPAIR | AV3: REJECT | AX3: OK | AY3: REPAIR | AZ3: REJECT
A5: 1 | B5: DV65317 BZ030-00 | C5: GT-2512(K-1033)=PANEL FLOOR SIDE RH | D5: PRESS C | F5: 195 | G5: 0 | H5: 0 | J5: 105 | K5: 0 | L5: 0 | N5: 210 | O5: 0 | P5: 0 | R5: 165 | S5: 0 | T5: 0 | V5: 135 | W5: 0 | X5: 0 | Z5: 150 | AA5: 0 | AB5: 2 | AC5: 3 | AD5: 270 | AE5: 0 | AF5: =VLOOKUP(B5,[4]PCS!$R$1:$U$65536,4,0) -> 0
A6: 2 | B6: DV65318 BZ030-00 | C6: GT-2513(K-1034)=PANEL FLOOR SIDE LH | D6: PRESS C | F6: 180 | G6: 0 | H6: 0 | J6: 150 | K6: 0 | L6: 1 | N6: 180 | O6: 0 | P6: 0 | R6: 135 | S6: 0 | T6: 0 | V6: 195 | W6: 0 | X6: 0 | Z6: 0 | AA6: 165 | AB6: 1 | AC6: 3 | AD6: 255 | AE6: 0 | AF6: =VLOOKUP(B6,[4]PCS!$R$1:$U$65536,4,0) -> 0
A7: 3 | B7: DV65317 BZ010-00 | C7: GT-2514(K-1035)=PANEL FLOOR SIDE RH | D7: PRESS C | F7: 3000 | G7: 0 | H7: 12 | J7: 3307 | K7: 0 | L7: 2 | N7: 4350 | O7: 0 | P7: 10 | R7: 1530 | S7: 0 | T7: 0 | V7: 4139 | W7: 0 | X7: 23 | Z7: 3780 | AA7: 0 | AB7: 2 | AC7: 3 | AD7: 4241 | AE7: 0 | AF7: =VLOOKUP(B7,[4]PCS!$R$1:$U$65536,4,0) -> 0
A8: 4 | B8: DV65318 BZ010-00 | C8: GT-2515(K-1036)=PANEL FLOOR SIDE LH | D8: PRESS C | F8: 2999 | G8: 0 | H8: 3 | J8: 3361 | K8: 0 | L8: 3 | N8: 4320 | O8: 0 | P8: 2 | R8: 1260 | S8: 0 | T8: 0 | V8: 4080 | W8: 0 | X8: 12 | Z8: 3839 | AA8: 0 | AB8: 0 | AC8: 3 | AD8: 4110 | AE8: 0 | AF8: =VLOOKUP(B8,[4]PCS!$R$1:$U$65536,4,0) -> 0
A9: 5 | B9: DV58312 BZ020-00 | C9: GT-2519(K-1042)=PANEL RR FLOOR SIDE RR | D9: PRESS C | V9: 1848 | W9: 9 | X9: 4 | Z9: 2274 | AA9: 0 | AB9: 0 | AC9: 3 | AD9: =VLOOKUP(B9,[4]PCS!$R$1:$S$65536,2,0) -> 1025 | AE9: =VLOOKUP(B9,[4]PCS!$R$1:$T$65536,3,0) -> 0 | AF9: =VLOOKUP(B9,[4]PCS!$R$1:$U$65536,4,0) -> 0
A10: 7 | B10: DV58312 BZ040-00 | C10: GT-2520(K-1043)=PANEL RR FLOOR SIDE RR | D10: PRESS C | V10: 375 | W10: 0 | X10: 0 | Z10: 375 | AA10: 0 | AB10: 0 | AC10: 3 | AD10: =VLOOKUP(B10,[4]PCS!$R$1:$S$65536,2,0) -> 350 | AE10: =VLOOKUP(B10,[4]PCS!$R$1:$T$65536,3,0) -> 0 | AF10: =VLOOKUP(B10,[4]PCS!$R$1:$U$65536,4,0) -> 0
A11: 9 | B11: DV65317 BZ021-00 | C11: GT-3638(K-1140)=PANEL FLOOR SIDE RH (GA) | D11: PRESS C | F11: 0 | G11: 90 | H11: 0 | J11: 0 | K11: 42 | L11: 0 | N11: 0 | O11: 73 | P11: 2 | R11: 30 | S11: 0 | T11: 0 | V11: 0 | W11: 90 | X11: 0 | Z11: 0 | AA11: 10 | AB11: 0 | AC11: 3 | AD11: 30 | AE11: 0 | AF11: =VLOOKUP(B11,[4]PCS!$R$1:$U$65536,4,0) -> 0
A12: 10 | B12: DV65318 BZ021-00 | C12: GT-3639(K-1141)=PANEL FLOOR SIDE LH (GA) | D12: PRESS C | F12: 0 | G12: 90 | H12: 0 | J12: 0 | K12: 42 | L12: 0 | N12: 0 | O12: 91 | P12: 1 | R12: 30 | S12: 0 | T12: 0 | V12: 0 | W12: 122 | X12: 0 | Z12: 0 | AA12: 60 | AB12: 0 | AC12: 3 | AD12: 130 | AE12: 0 | AF12: =VLOOKUP(B12,[4]PCS!$R$1:$U$65536,4,0) -> 0
A13: 11 | B13: DV58311 BZ141-00 | C13: GT-5051(K-1125)=PANEL RR FLOOR | D13: PRESS C | F13: 300 | G13: 0 | H13: 0 | J13: 275 | K13: 0 | L13: 0 | N13: 249 | O13: 0 | P13: 1 | R13: 125 | S13: 0 | T13: 0 | V13: 400 | W13: 0 | X13: 0 | Z13: 299 | AA13: 1 | AB13: 1 | AC13: 3 | AD13: =VLOOKUP(B13,[4]PCS!$R$1:$S$65536,2,0) -> 350 | AE13: =VLOOKUP(B13,[4]PCS!$R$1:$T$65536,3,0) -> 0 | AF13: =VLOOKUP(B13,[4]PCS!$R$1:$U$65536,4,0) -> 0
A14: 12 | B14: DV58311 BZ091-00 | C14: GT-5056(K-1032)=PANEL RR FLOOR | D14: PRESS C | F14: 300 | G14: 0 | H14: 0 | J14: 300 | K14: 0 | L14: 0 | N14: 150 | O14: 0 | P14: 0 | R14: 150 | S14: 0 | T14: 0 | V14: 600 | W14: 0 | X14: 0 | Z14: 592 | AA14: 8 | AB14: 0 | AC14: 3 | AD14: =VLOOKUP(B14,[4]PCS!$R$1:$S$65536,2,0) -> 300 | AE14: =VLOOKUP(B14,[4]PCS!$R$1:$T$65536,3,0) -> 0 | AF14: =VLOOKUP(B14,[4]PCS!$R$1:$U$65536,4,0) -> 0
A15: 13 | B15: DV58311 BZ101-00 | C15: GT-5057(K-1122)=PANEL RR FLOOR | D15: PRESS C | F15: 850 | G15: 0 | H15: 0 | J15: 650 | K15: 0 | L15: 0 | N15: 700 | O15: 0 | P15: 1 | R15: 400 | S15: 0 | T15: 0 | V15: 1319 | W15: 82 | X15: 0 | Z15: 1507 | AA15: 43 | AB15: 0 | AC15: 3 | AD15: =VLOOKUP(B15,[4]PCS!$R$1:$S$65536,2,0) -> 800 | AE15: =VLOOKUP(B15,[4]PCS!$R$1:$T$65536,3,0) -> 0 | AF15: =VLOOKUP(B15,[4]PCS!$R$1:$U$65536,4,0) -> 0
A16: 14 | B16: DV58311 BZ111-00 | C16: GT-5058(K-1123)=PANEL RR FLOOR | D16: PRESS C | F16: 0 | G16: 0 | H16: 1 | Z16: 501 | AA16: 0 | AB16: 0 | AC16: 3 | AD16: =VLOOKUP(B16,[4]PCS!$R$1:$S$65536,2,0) -> 1250 | AE16: =VLOOKUP(B16,[4]PCS!$R$1:$T$65536,3,0) -> 0 | AF16: =VLOOKUP(B16,[4]PCS!$R$1:$U$65536,4,0) -> 0
A17: 15 | B17: D53711 BZ071-00 | C17: GT-5154(K-1056)=APRON FRT FENDER RH | Z17: 3716 | AA17: 0 | AB17: 11 | AC17: 3 | AD17: 2010 | AE17: 0 | AF17: =VLOOKUP(B17,[4]PCS!$R$1:$U$65536,4,0) -> 0
A18: 16 | B18: D53712 BZ070-00 | C18: GT-5156(K-1057)=APRON FRT FENDER LH | Z18: 5730 | AA18: 0 | AB18: 3 | AC18: 3 | AD18: 5340 | AE18: 0 | AF18: =VLOOKUP(B18,[4]PCS!$R$1:$U$65536,4,0) -> 0
A19: 17 | B19: D55711 BZ080-00 | C19: GT-6193=PANEL, COWL TOP, OUTER | D19: PRESS C | F19: 4300 | G19: 0 | H19: 0 | J19: 4100 | K19: 0 | L19: 1 | N19: 5400 | O19: 0 | P19: 0 | AC19: 3
A20: 18 | B20: D61111 BZ502-00 | C20: J-2045=PANEL, SIDE, OUTER RH | D20: PRESS C | F20: 0 | G20: 6 | H20: 0 | N20: 0 | O20: 5 | P20: 0 | R20: 0 | S20: 5 | T20: 0 | V20: 0 | W20: 11 | X20: 0 | Z20: 0 | AA20: 5 | AB20: 0 | AC20: 3
A21: 19 | B21: D61111 BZ512-00 | C21: J-2046=PANEL, SIDE, OUTER RH | D21: PRESS C | N21: 2 | O21: 0 | P21: 0 | R21: 2 | S21: 0 | T21: 0 | AC21: 3
A22: 20 | B22: D61112 BZ581-00 | C22: J-2057=PANEL, SIDE, OUTER LH | D22: PRESS C | F22: 0 | G22: 59 | H22: 0 | N22: 0 | O22: 67 | P22: 1 | R22: 0 | S22: 38 | T22: 0 | V22: 0 | W22: 26 | X22: 0 | Z22: 0 | AA22: 19 | AB22: 0 | AC22: 3 | AD22: 64 | AE22: 0 | AF22: =VLOOKUP(B22,[4]PCS!$R$1:$U$65536,4,0) -> 6
A23: 21 | B23: D61112 BZ591-00 | C23: J-2058=PANEL, SIDE, OUTER LH | D23: PRESS C | F23: 0 | G23: 8 | H23: 0 | N23: 0 | O23: 11 | P23: 0 | V23: 0 | W23: 4 | X23: 0 | Z23: 0 | AA23: 11 | AB23: 0 | AC23: 3 | AD23: 3 | AE23: 0 | AF23: =VLOOKUP(B23,[4]PCS!$R$1:$U$65536,4,0) -> 0
A24: 22 | B24: D61112 BZ601-00 | C24: J-2059=PANEL, SIDE, OUTER LH | D24: PRESS C | F24: 3 | G24: 0 | H24: 0 | R24: 15 | S24: 0 | T24: 0 | Z24: 4 | AA24: 0 | AB24: 0 | AC24: 3
A25: 23 | B25: D61112 BZ611-00 | C25: J-2060=PANEL, SIDE, OUTER LH | D25: PRESS C | F25: 0 | G25: 30 | H25: 0 | N25: 0 | O25: 8 | P25: 0 | R25: 0 | S25: 28 | T25: 0 | V25: 0 | W25: 5 | X25: 0 | Z25: 0 | AA25: 5 | AB25: 0 | AC25: 3 | AD25: 27 | AE25: 0 | AF25: =VLOOKUP(B25,[4]PCS!$R$1:$U$65536,4,0) -> 0
A26: 24 | B26: D61111 BZ710-00 | C26: J-2081=PANEL, SIDE, OUTER RH | D26: PRESS C | F26: 0 | G26: 8 | H26: 0 | N26: 0 | O26: 7 | P26: 0 | R26: 0 | S26: 5 | T26: 0 | V26: 0 | W26: 2 | X26: 0 | Z26: 0 | AA26: 5 | AB26: 0 | AC26: 3 | AD26: 9 | AE26: 0 | AF26: =VLOOKUP(B26,[4]PCS!$R$1:$U$65536,4,0) -> 0
A27: 25 | B27: D61111 BZ720-00 | C27: J-2082=PANEL, SIDE, OUTER RH | D27: PRESS C | V27: 0 | W27: 2 | X27: 0 | Z27: 0 | AA27: 3 | AB27: 0 | AC27: 3
A28: 26 | B28: D61111 BZA60-00 | C28: J-2084=PANEL, SIDE, OUTER RH | D28: PRESS C | F28: 0 | G28: 41 | H28: 0 | N28: 0 | O28: 64 | P28: 0 | R28: 0 | S28: 15 | T28: 0 | V28: 0 | W28: 7 | X28: 0 | Z28: 0 | AA28: 37 | AB28: 0 | AC28: 3 | AD28: 22 | AE28: 0 | AF28: =VLOOKUP(B28,[4]PCS!$R$1:$U$65536,4,0) -> 0
A29: 27 | B29: D61111 BZA70-00 | C29: J-2085=PANEL, SIDE, OUTER RH | D29: PRESS C | F29: 0 | G29: 28 | H29: 0 | N29: 0 | O29: 10 | P29: 0 | R29: 0 | S29: 20 | T29: 0 | Z29: 0 | AA29: 1 | AB29: 0 | AC29: 3 | AD29: 4 | AE29: 0 | AF29: =VLOOKUP(B29,[4]PCS!$R$1:$U$65536,4,0) -> 0
A30: 28 | B30: D63111 BZ210-00 | C30: J-3001=PANEL, ROOF | D30: PRESS C | F30: 0 | G30: 17 | H30: 0 | N30: 0 | O30: 11 | P30: 0 | R30: 0 | S30: 3 | T30: 0 | V30: 0 | W30: 25 | X30: 0 | Z30: 0 | AA30: 5 | AB30: 0 | AC30: 3 | AD30: 1 | AE30: 0 | AF30: =VLOOKUP(B30,[4]PCS!$R$1:$U$65536,4,0) -> 0
A31: 29 | B31: D63111 BZ300-00 | C31: J-3004=PANEL, ROOF | D31: PRESS C | F31: 0 | G31: 2 | H31: 0 | N31: 0 | O31: 5 | P31: 0 | R31: 3 | S31: 3 | T31: 0 | V31: 0 | W31: 9 | X31: 0 | Z31: 0 | AA31: 2 | AB31: 0 | AC31: 3 | AD31: 6 | AE31: 0 | AF31: =VLOOKUP(B31,[4]PCS!$R$1:$U$65536,4,0) -> 0
A32: 30 | B32: DVA67111 BZ210-00 | C32: J-4017=PANEL, FR DOOR, OUTSIDE RH | D32: PRESS C | F32: 0 | G32: 25 | H32: 0 | J32: 0 | K32: 50 | L32: 0 | N32: 0 | O32: 38 | P32: 3 | R32: 0 | S32: 40 | T32: 0 | Z32: 0 | AA32: 40 | AB32: 1 | AC32: 3
A33: 31 | B33: DV67111 BZ210-00 | C33: J-4017=PANEL, FR DOOR, OUTSIDE RH | Z33: 17 | AA33: 0 | AB33: 0 | AC33: 3
A34: 32 | B34: DVA67112 BZ220-00 | C34: J-4018=PANEL, FR DOOR, OUTSIDE LH | D34: PRESS C | F34: 0 | G34: 25 | H34: 0 | J34: 0 | K34: 50 | L34: 0 | N34: 0 | O34: 41 | P34: 0 | R34: 2 | S34: 40 | T34: 0 | Z34: 0 | AA34: 40 | AB34: 0 | AC34: 3
A35: 33 | B35: DVA67113 BZ240-00 | C35: J-4021=PANEL, RR DOOR, OUTSIDE RH | D35: PRESS C | F35: 0 | G35: 44 | H35: 3 | J35: 0 | K35: 40 | L35: 3 | N35: 0 | O35: 30 | P35: 0 | R35: 0 | S35: 40 | T35: 0 | AC35: 3
A36: 34 | B36: DV67113 BZ240-00 | C36: J-4021=PANEL, RR DOOR, OUTSIDE RH | D36: PRESS C | F36: 0 | G36: 25 | H36: 0 | R36: 0 | S36: 40 | T36: 0 | AC36: 3
A37: 35 | B37: DVA67114 BZ240-00 | C37: J-4022=PANEL, RR DOOR, OUTSIDE LH | D37: PRESS C | F37: 0 | G37: 44 | H37: 3 | J37: 0 | K37: 40 | L37: 3 | N37: 0 | O37: 30 | P37: 0 | R37: 0 | S37: 40 | T37: 0 | Z37: 40 | AA37: 0 | AB37: 0 | AC37: 3
A38: 36 | B38: DV67114 BZ240-00 | C38: J-4022=PANEL, RR DOOR, OUTSIDE LH | D38: PRESS C | F38: 0 | G38: 35 | H38: 0 | R38: 0 | S38: 40 | T38: 0 | AC38: 3
A39: 37 | B39: DVA67141 BZ180-00 | C39: J-4031=PANEL, FR DOOR, INSIDE RH | D39: PRESS C | F39: 83 | G39: 0 | H39: 0 | N39: 134 | O39: 0 | P39: 4 | Z39: 40 | AA39: 0 | AB39: 0 | AC39: 3
A40: 38 | B40: DVA67142 BZ180-00 | C40: J-4032=PANEL, FR DOOR, INSIDE LH | D40: PRESS C | F40: 83 | G40: 0 | H40: 0 | N40: 134 | O40: 0 | P40: 4 | Z40: 40 | AA40: 0 | AB40: 0 | AC40: 3
A41: 39 | B41: DVA53311 BZ230-00 | C41: J-4041=PANEL, HOOD | D41: PRESS C | F41: 0 | G41: 300 | H41: 0 | J41: 0 | K41: 200 | L41: 0 | N41: 0 | O41: 300 | P41: 4 | R41: 0 | S41: 254 | T41: 2 | V41: 0 | W41: 195 | X41: 2 | Z41: 156 | AA41: 36 | AB41: 0 | AC41: 3 | AD41: 149 | AE41: 0 | AF41: =VLOOKUP(B41,[4]PCS!$R$1:$U$65536,4,0) -> 0
A42: 40 | B42: D53321 BZ230-00 | C42: J-4042=PANEL, HOOD, INNER | D42: PRESS C | F42: 286 | G42: 14 | H42: 0 | J42: 176 | K42: 24 | L42: 26 | N42: 294 | O42: 6 | P42: 0 | R42: 192 | S42: 8 | T42: 0 | V42: 200 | W42: 0 | X42: 0 | AC42: 3 | AD42: =VLOOKUP(B42,[4]PCS!$R$1:$S$65536,2,0) -> 100 | AE42: =VLOOKUP(B42,[4]PCS!$R$1:$T$65536,3,0) -> 0 | AF42: =VLOOKUP(B42,[4]PCS!$R$1:$U$65536,4,0) -> 0
A43: 41 | B43: DVA53321 BZ230-00 | C43: J-4042=PANEL, HOOD, INNER | Z43: 116 | AA43: 0 | AB43: 0 | AC43: 3
A44: 42 | B44: DV53811 BZ340-00 | C44: J-4051=PANEL, FR FENDER, RH | D44: PRESS C | F44: 0 | G44: 114 | H44: 0 | J44: 0 | K44: 120 | L44: 0 | N44: 0 | O44: 32 | P44: 0 | R44: 0 | S44: 100 | T44: 0 | V44: 0 | W44: 55 | X44: 0 | Z44: 0 | AA44: 15 | AB44: 2 | AC44: 3 | AD44: 36 | AE44: 0 | AF44: =VLOOKUP(B44,[4]PCS!$R$1:$U$65536,4,0) -> 0
A45: 43 | B45: DV53812 BZ280-00 | C45: J-4052=PANEL, FR FENDER, LH | D45: PRESS C | F45: 0 | G45: 128 | H45: 0 | J45: 0 | K45: 46 | L45: 0 | N45: 0 | O45: 11 | P45: 0 | R45: 0 | S45: 103 | T45: 0 | V45: 0 | W45: 17 | X45: 0 | Z45: 0 | AA45: 64 | AB45: 0 | AC45: 3 | AD45: 117 | AE45: 0 | AF45: =VLOOKUP(B45,[4]PCS!$R$1:$U$65536,4,0) -> 0
A46: 44 | B46: DV53811 BZ350-00 | C46: J-4053=PANEL, FR FENDER, RH | D46: PRESS C | F46: 0 | G46: 2 | H46: 0 | J46: 0 | K46: 32 | L46: 0 | N46: 0 | O46: 2 | P46: 0 | V46: 0 | W46: 7 | X46: 0 | Z46: 0 | AA46: 12 | AB46: 0 | AC46: 3 | AD46: 6 | AE46: 0 | AF46: =VLOOKUP(B46,[4]PCS!$R$1:$U$65536,4,0) -> 0
A47: 45 | B47: DV53812 BZ350-00 | C47: J-4054=PANEL, FR FENDER, LH | D47: PRESS C | F47: 0 | G47: 2 | H47: 0 | J47: 0 | K47: 7 | L47: 0 | N47: 0 | O47: 43 | P47: 0 | R47: 2 | S47: 42 | T47: 0 | V47: 0 | W47: 2 | X47: 0 | Z47: 0 | AA47: 2 | AB47: 0 | AC47: 3 | AD47: 54 | AE47: 0 | AF47: =VLOOKUP(B47,[4]PCS!$R$1:$U$65536,4,0) -> 0
A48: 46 | B48: DV53811 BZ360-00 | C48: J-4055=PANEL, FR FENDER, RH | D48: PRESS C | N48: 2 | O48: 0 | P48: 0 | AC48: 3
A49: 47 | B49: DV53812 BZ360-00 | C49: J-4056=PANEL, FR FENDER,LH | D49: PRESS C | N49: 3 | O49: 0 | P49: 0 | AC49: 3 | AD49: =VLOOKUP(B49,[4]PCS!$R$1:$S$65536,2,0) -> 6 | AE49: =VLOOKUP(B49,[4]PCS!$R$1:$T$65536,3,0) -> 0 | AF49: =VLOOKUP(B49,[4]PCS!$R$1:$U$65536,4,0) -> 0
A50: 48 | B50: DV53811 BZ370-00 | C50: J-4057=PANEL, FR FENDER, RH | D50: PRESS C | F50: 0 | G50: 10 | H50: 0 | J50: 0 | K50: 49 | L50: 0 | N50: 0 | O50: 13 | P50: 0 | R50: 0 | S50: 11 | T50: 0 | V50: 0 | W50: 37 | X50: 0 | Z50: 0 | AA50: 33 | AB50: 4 | AC50: 3 | AD50: 26 | AE50: 0 | AF50: =VLOOKUP(B50,[4]PCS!$R$1:$U$65536,4,0) -> 0
A51: 49 | B51: DV53812 BZ370-00 | C51: J-4058=PANEL, FR FENDER, LH | D51: PRESS C | F51: 0 | G51: 30 | H51: 0 | J51: 0 | K51: 8 | L51: 0 | N51: 0 | O51: 30 | P51: 0 | R51: 7 | S51: 7 | T51: 0 | V51: 0 | W51: 59 | X51: 0 | Z51: 22 | AA51: 0 | AB51: 2 | AC51: 3 | AD51: 43 | AE51: 0 | AF51: =VLOOKUP(B51,[4]PCS!$R$1:$U$65536,4,0) -> 0
A52: 50 | B52: DV53811 BZ380-00 | C52: J-4059=PANEL, FR FENDER, RH | D52: PRESS C | N52: 0 | O52: 5 | P52: 0 | R52: 2 | S52: 10 | T52: 0 | V52: 14 | W52: 4 | X52: 0 | AC52: 3
A53: 51 | C53: J-4060=PANEL, FR FENDER, LH | D53: PRESS C | R53: 0 | S53: 14 | T53: 0 | AC53: 3
A54: 52 | B54: D67141 BZ081-00 | C54: K-4078=PNL FRT DOOR INR RH | D54: PRESS C | F54: 4692 | G54: 228 | H54: 0 | J54: 4333 | K54: 279 | L54: 0 | N54: 5497 | O54: 242 | P54: 3 | R54: 2296 | S54: 165 | T54: 0 | V54: 4802 | W54: 1403 | X54: 21 | Z54: 6022 | AA54: 696 | AB54: 24 | AC54: 3 | AD54: =VLOOKUP(B54,[4]PCS!$R$1:$S$65536,2,0) -> 5580 | AE54: =VLOOKUP(B54,[4]PCS!$R$1:$T$65536,3,0) -> 306 | AF54: =VLOOKUP(B54,[4]PCS!$R$1:$U$65536,4,0) -> 9
A55: 53 | B55: D67142 BZ081-00 | C55: K-4079=PNL FRT DOOR INR LH | D55: PRESS C | F55: 4049 | G55: 420 | H55: 5 | J55: 4331 | K55: 109 | L55: 0 | N55: 5083 | O55: 355 | P55: 3 | R55: 2062 | S55: 230 | T55: 0 | V55: 5808 | W55: 388 | X55: 7 | Z55: 5237 | AA55: 1145 | AB55: 26 | AC55: 3 | AD55: =VLOOKUP(B55,[4]PCS!$R$1:$S$65536,2,0) -> 4859 | AE55: =VLOOKUP(B55,[4]PCS!$R$1:$T$65536,3,0) -> 663 | AF55: =VLOOKUP(B55,[4]PCS!$R$1:$U$65536,4,0) -> 1
A56: 54 | B56: D67141 BZ091-00 | C56: K-4080=PNL FRT DOOR INR RH | D56: PRESS C | V56: 0 | W56: 130 | X56: 0 | Z56: 0 | AA56: 493 | AB56: 0 | AC56: 3 | AD56: 1993 | AE56: 0 | AF56: =VLOOKUP(B56,[4]PCS!$R$1:$U$65536,4,0) -> 0
A57: 55 | B57: D67142 BZ091-00 | C57: K-4081=PNL FRT DOOR INR LH | D57: PRESS C | V57: 0 | W57: 130 | X57: 0 | Z57: 0 | AA57: 469 | AB57: 1 | AC57: 3 | AD57: 2021 | AE57: 0 | AF57: =VLOOKUP(B57,[4]PCS!$R$1:$U$65536,4,0) -> 4
A58: 56 | B58: D67141 BZ121-00 | C58: K-4082=PNL FRT DOOR INR RH | D58: PRESS C | F58: 185 | G58: 15 | H58: 0 | J58: 178 | K58: 22 | L58: 2 | N58: 195 | O58: 5 | P58: 0 | R58: 80 | S58: 0 | T58: 0 | V58: 236 | W58: 44 | X58: 0 | Z58: 268 | AA58: 52 | AB58: 0 | AD58: =VLOOKUP(B58,[4]PCS!$R$1:$S$65536,2,0) -> 276 | AE58: =VLOOKUP(B58,[4]PCS!$R$1:$T$65536,3,0) -> 4 | AF58: =VLOOKUP(B58,[4]PCS!$R$1:$U$65536,4,0) -> 0
A59: 57 | B59: D67142 BZ121-00 | C59: K-4083=PNL FRT DOOR INR LH | D59: PRESS C | F59: 200 | G59: 0 | H59: 0 | J59: 196 | K59: 4 | L59: 0 | N59: 198 | O59: 2 | P59: 0 | R59: 120 | S59: 0 | T59: 0 | V59: 280 | W59: 0 | X59: 0 | Z59: 277 | AA59: 3 | AB59: 0 | AD59: =VLOOKUP(B59,[4]PCS!$R$1:$S$65536,2,0) -> 315 | AE59: =VLOOKUP(B59,[4]PCS!$R$1:$T$65536,3,0) -> 45 | AF59: =VLOOKUP(B59,[4]PCS!$R$1:$U$65536,4,0) -> 0
A60: 58 | B60: D67142 BZ300-00 | C60: K-4084=PANEL FRONT DOOR INR LH | D60: PRESS C | F60: 0 | G60: 625 | H60: 18 | J60: 0 | K60: 138 | L60: 0 | N60: 0 | O60: 200 | P60: 0 | R60: 0 | S60: 177 | T60: 0 | V60: 0 | W60: 240 | X60: 0 | Z60: 0 | AA60: 282 | AB60: 0 | AD60: 320 | AE60: 80 | AF60: =VLOOKUP(B60,[4]PCS!$R$1:$U$65536,4,0) -> 2
A61: 59 | B61: D58111 BZ340-00 | C61: NX-4142= PAN FRONT FLOOR | D61: PRESS C | F61: 8271 | G61: 0 | H61: 20 | J61: 5200 | K61: 0 | L61: 1 | N61: 5100 | O61: 0 | P61: 4 | R61: 3850 | S61: 0 | T61: 19 | V61: 4422 | W61: 0 | X61: 5 | Z61: 3111 | AA61: 6 | AB61: 13 | AD61: 4903 | AE61: 0 | AF61: =VLOOKUP(B61,[4]PCS!$R$1:$U$65536,4,0) -> 0
A62: 60 | B62: D67143 BZ090-00 | C62: W-4026=PANEL RR DOOR INSIDE RH(Long) | D62: PRESS C | J62: 0 | K62: 20 | L62: 0
A63: 61 | B63: D67144 BZ080-00 | C63: W-4027=PANEL RR DOOR INSIDE LH (Long) | D63: PRESS C | N63: 0 | O63: 20 | P63: 0
A64: 62 | B64: W-24334992 | C64: WA-001=DASH PANEL | D64: PRESS C | F64: 450 | G64: 0 | H64: 0 | J64: 70 | K64: 0 | L64: 1 | N64: 100 | O64: 0 | P64: 0 | R64: 150 | S64: 0 | T64: 0 | AC64: 3 | AD64: =VLOOKUP(B64,[4]PCS!$R$1:$S$65536,2,0) -> 150 | AE64: =VLOOKUP(B64,[4]PCS!$R$1:$T$65536,3,0) -> 0 | AF64: =VLOOKUP(B64,[4]PCS!$R$1:$U$65536,4,0) -> 0
A65: 63 | B65: W-23839896 | C65: WL-002=PANEL ROOF | D65: PRESS C | F65: 80 | G65: 0 | H65: 0 | AC65: 3
A66: 64 | B66: D61112 BZ621-00 | C66: J-2061=PANEL, SIDE, OUTER LH | D66: PRESS C | AD66: =VLOOKUP(B66,[4]PCS!$R$1:$S$65536,2,0) -> 0 | AE66: =VLOOKUP(B66,[4]PCS!$R$1:$T$65536,3,0) -> 0 | AF66: =VLOOKUP(B66,[4]PCS!$R$1:$U$65536,4,0) -> 1
C67: MONTHLY C LINE | D67: QTY | F67: =SUM(F5:F64) -> 30426 | G67: =SUM(G5:G64) -> 2465 | H67: =SUM(H5:H64) -> 65 | J67: =SUM(J5:J64) -> 26732 | K67: =SUM(K5:K64) -> 1322 | L67: =SUM(L5:L64) -> 43 | N67: =SUM(N5:N64) -> 32301 | O67: =SUM(O5:O64) -> 1757 | P67: =SUM(P5:P64) -> 43 | R67: =SUM(R5:R64) -> 12608 | S67: =SUM(S5:S64) -> 1478 | T67: =SUM(T5:T64) -> 21 | V67: =SUM(V5:V65) -> 28853 | W67: =SUM(W5:W64) -> 3105 | X67: =SUM(X5:X64) -> 74 | Z67: =SUM(Z5:Z65) -> 38113 | AA67: =SUM(AA5:AA64) -> 3768 | AB67: =SUM(AB5:AB64) -> 93 | AD67: =SUM(AD5:AD66) -> 41551 | AE67: =SUM(AE5:AE66) -> 1098 | AF67: =SUM(AF5:AF66) -> 23 | AH67: =SUM(AH5:AH66) -> 0 | AI67: =SUM(AI5:AI66) -> 0 | AJ67: =SUM(AJ5:AJ66) -> 0 | AL67: =SUM(AL5:AL66) -> 0 | AM67: =SUM(AM5:AM66) -> 0 | AN67: =SUM(AN5:AN66) -> 0 | AP67: =SUM(AP5:AP66) -> 0 | AQ67: =SUM(AQ5:AQ66) -> 0 | AR67: =SUM(AR5:AR66) -> 0 | AT67: =SUM(AT5:AT66) -> 0 | AU67: =SUM(AU5:AU66) -> 0 | AV67: =SUM(AV5:AV66) -> 0 | AX67: =SUM(AX5:AX66) -> 0 | AY67: =SUM(AY5:AY66) -> 0 | AZ67: =SUM(AZ5:AZ66) -> 0
C68: TOTAL | D68: % | F68: =F67/(F67+G67+H67) -> 0.92323097 | G68: =G67/(F67+G67+H67) -> 0.074796699 | H68: =H67/(F67+G67+H67) -> 0.0019723267 | J68: =J67/(J67+K67+L67) -> 0.9514183 | K68: =K67/(J67+K67+L67) -> 0.047051287 | L68: =L67/(J67+K67+L67) -> 0.0015304125 | N68: =N67/(N67+O67+P67) -> 0.94721562 | O68: =O67/(N67+O67+P67) -> 0.051523416 | P68: =P67/(N67+O67+P67) -> 0.0012609601 | R68: =R67/(R67+S67+T67) -> 0.8937407 | S68: =S67/(R67+S67+T67) -> 0.10477068 | T68: =T67/(R67+S67+T67) -> 0.0014886227 | V68: =V67/(V67+W67+X67) -> 0.90075549 | W68: =W67/(V67+W67+X67) -> 0.096934316 | X68: =X67/(V67+W67+X67) -> 0.0023101898 | Z68: =Z67/(Z67+AA67+AB67) -> 0.90801449 | AA68: =AA67/(Z67+AA67+AB67) -> 0.089769858 | AB68: =AB67/(Z67+AA67+AB67) -> 0.0022156573 | AD68: =AD67/(AD67+AE67+AF67) -> 0.97372985 | AE68: =AE67/(AD67+AE67+AF67) -> 0.025731159 | AF68: =AF67/(AD67+AE67+AF67) -> 0.00053899513 | AH68: =AH67/(AH67+AI67+AJ67) -> #DIV/0! | AI68: =AI67/(AH67+AI67+AJ67) -> #DIV/0! | AJ68: =AJ67/(AH67+AI67+AJ67) -> #DIV/0! | AL68: =AL67/(AL67+AM67+AN67) -> #DIV/0! | AM68: =AM67/(AL67+AM67+AN67) -> #DIV/0! | AN68: =AN67/(AL67+AM67+AN67) -> #DIV/0! | AP68: =AP67/(AP67+AQ67+AR67) -> #DIV/0! | AQ68: =AQ67/(AP67+AQ67+AR67) -> #DIV/0! | AR68: =AR67/(AP67+AQ67+AR67) -> #DIV/0! | AT68: =AT67/(AT67+AU67+AV67) -> #DIV/0! | AU68: =AU67/(AT67+AU67+AV67) -> #DIV/0! | AV68: =AV67/(AT67+AU67+AV67) -> #DIV/0! | AX68: =AX67/(AX67+AY67+AZ67) -> #DIV/0! | AY68: =AY67/(AX67+AY67+AZ67) -> #DIV/0! | AZ68: =AZ67/(AX67+AY67+AZ67) -> #DIV/0!
C70: YTD C LINE | D70: QTY | F70: =F67 -> 30426 | G70: =G67 -> 2465 | H70: =H67 -> 65 | J70: =F70+J67 -> 57158 | K70: =G70+K67 -> 3787 | L70: =H70+L67 -> 108 | N70: =J70+N67 -> 89459 | O70: =K70+O67 -> 5544 | P70: =L70+P67 -> 151 | R70: =N70+R67 -> 102067 | S70: =O70+S67 -> 7022 | T70: =P70+T67 -> 172 | V70: =R70+V67 -> 130920 | W70: =S70+W67 -> 10127 | X70: =T70+X67 -> 246 | Z70: =V70+Z67 -> 169033 | AA70: =W70+AA67 -> 13895 | AB70: =X70+AB67 -> 339 | AD70: =Z70+AD67 -> 210584 | AE70: =AA70+AE67 -> 14993 | AF70: =AB70+AF67 -> 362 | AH70: =AD70+AH67 -> 210584 | AI70: =AE70+AI67 -> 14993 | AJ70: =AF70+AJ67 -> 362 | AL70: =AH70+AL67 -> 210584 | AM70: =AI70+AM67 -> 14993 | AN70: =AJ70+AN67 -> 362 | AP70: =AL70+AP67 -> 210584 | AQ70: =AM70+AQ67 -> 14993 | AR70: =AN70+AR67 -> 362 | AT70: =AP70+AT67 -> 210584 | AU70: =AQ70+AU67 -> 14993 | AV70: =AR70+AV67 -> 362 | AX70: =AT70+AX67 -> 210584 | AY70: =AU70+AY67 -> 14993 | AZ70: =AV70+AZ67 -> 362
C71: TOTAL | D71: % | F71: =F70/(F70+G70+H70) -> 0.92323097 | G71: =G70/(F70+G70+H70) -> 0.074796699 | H71: =H70/(F70+G70+H70) -> 0.0019723267 | J71: =J70/(J70+K70+L70) -> 0.93620297 | K71: =K70/(J70+K70+L70) -> 0.062028074 | L71: =L70/(J70+K70+L70) -> 0.0017689548 | N71: =N70/(N70+O70+P70) -> 0.94014965 | O71: =O70/(N70+O70+P70) -> 0.058263447 | P71: =P70/(N70+O70+P70) -> 0.0015869012 | R71: =R70/(R70+S70+T70) -> 0.93415766 | S71: =S70/(R70+S70+T70) -> 0.064268129 | T71: =T70/(R70+S70+T70) -> 0.0015742122 | V71: =V70/(V70+W70+X70) -> 0.92658518 | W71: =W70/(V70+W70+X70) -> 0.071673756 | X71: =X70/(V70+W70+X70) -> 0.0017410629 | Z71: =Z70/(Z70+AA70+AB70) -> 0.9223319 | AA71: =AA70/(Z70+AA70+AB70) -> 0.075818342 | AB71: =AB70/(Z70+AA70+AB70) -> 0.0018497602 | AD71: =AD70/(AD70+AE70+AF70) -> 0.93203918 | AE71: =AE70/(AD70+AE70+AF70) -> 0.066358619 | AF71: =AF70/(AD70+AE70+AF70) -> 0.0016022024 | AH71: =AH70/(AH70+AI70+AJ70) -> 0.93203918 | AI71: =AI70/(AH70+AI70+AJ70) -> 0.066358619 | AJ71: =AJ70/(AH70+AI70+AJ70) -> 0.0016022024 | AL71: =AL70/(AL70+AM70+AN70) -> 0.93203918 | AM71: =AM70/(AL70+AM70+AN70) -> 0.066358619 | AN71: =AN70/(AL70+AM70+AN70) -> 0.0016022024 | AP71: =AP70/(AP70+AQ70+AR70) -> 0.93203918 | AQ71: =AQ70/(AP70+AQ70+AR70) -> 0.066358619 | AR71: =AR70/(AP70+AQ70+AR70) -> 0.0016022024 | AT71: =AT70/(AT70+AU70+AV70) -> 0.93203918 | AU71: =AU70/(AT70+AU70+AV70) -> 0.066358619 | AV71: =AV70/(AT70+AU70+AV70) -> 0.0016022024 | AX71: =AX70/(AX70+AY70+AZ70) -> 0.93203918 | AY71: =AY70/(AX70+AY70+AZ70) -> 0.066358619 | AZ71: =AZ70/(AX70+AY70+AZ70) -> 0.0016022024
D84: J-2061=PANEL, SIDE, OUTER LH

Sheet QTY D
A1: DATA DETAIL QTY STAMPING - 2024
A2: NO | B2: MAT'L NUMBER | C2: DESCRIPTION | D2: LINE | F2: JANUARI | J2: FEBRUARI | N2: MARET | R2: APRIL | V2: MEI | Z2: JUNI | AD2: JULI | AH2: AGUSTUS | AL2: SEPTEMBER | AP2: OKTOBER | AT2: NOVEMBER | AX2: DESEMBER
F3: OK | G3: REPAIR | H3: REJECT | J3: OK | K3: REPAIR | L3: REJECT | N3: OK | O3: REPAIR | P3: REJECT | R3: OK | S3: REPAIR | T3: REJECT | V3: OK | W3: REPAIR | X3: REJECT | Z3: OK | AA3: REPAIR | AB3: REJECT | AD3: OK | AE3: REPAIR | AF3: REJECT | AH3: OK | AI3: REPAIR | AJ3: REJECT | AL3: OK | AM3: REPAIR | AN3: REJECT | AP3: OK | AQ3: REPAIR | AR3: REJECT | AT3: OK | AU3: REPAIR | AV3: REJECT | AX3: OK | AY3: REPAIR | AZ3: REJECT
A5: 1 | B5: D55741 BZ130-00 | C5: K-1016=PANEL, COWL TOP, INNER | D5: PRESS D | F5: 0 | G5: 0 | H5: 4 | AC5: 4
A6: 2 | B6: ISF 8980144682 | C6: IB-051=REINFORCEMENT FRAME FLR RR | D6: PRESS D | F6: 600 | G6: 0 | H6: 0 | J6: 900 | K6: 0 | L6: 0 | N6: 840 | O6: 0 | P6: 0 | R6: 600 | S6: 0 | T6: 0 | V6: 780 | W6: 0 | X6: 0 | Z6: 840 | AA6: 0 | AB6: 0 | AC6: 4 | AD6: =VLOOKUP(B6,[4]PCS!$Y$1:$Z$65536,2,0) -> 1200 | AE6: =VLOOKUP(B6,[4]PCS!$Y$1:$AA$65536,3,0) -> 0 | AF6: =VLOOKUP(B6,[4]PCS!$Y$1:$AB$65536,4,0) -> 0
A7: 3 | B7: ISFV 8980144682 | C7: IB-051=REINFORCEMENT FRAME FLR RR | D7: PRESS D | F7: 600 | G7: 0 | H7: 0 | R7: 600 | S7: 0 | T7: 0 | AC7: 4
A8: 4 | B8: ISFV 8975838844 | C8: IB-061=PANEL ROCKER INNER RH | D8: PRESS D | F8: 660 | G8: 0 | H8: 0 | J8: 900 | K8: 0 | L8: 0 | N8: 840 | O8: 0 | P8: 0 | R8: 600 | S8: 0 | T8: 0 | V8: 1080 | W8: 0 | X8: 0 | Z8: 948 | AA8: 0 | AB8: 0 | AC8: 4 | AD8: =VLOOKUP(B8,[4]PCS!$Y$1:$Z$65536,2,0) -> 1200 | AE8: =VLOOKUP(B8,[4]PCS!$Y$1:$AA$65536,3,0) -> 0 | AF8: =VLOOKUP(B8,[4]PCS!$Y$1:$AB$65536,4,0) -> 0
A9: 5 | B9: ISFV 8975838854 | C9: IB-062=PANEL ROCKER INNER LH | D9: PRESS D | F9: 660 | G9: 0 | H9: 0 | J9: 900 | K9: 0 | L9: 0 | N9: 840 | O9: 0 | P9: 0 | R9: 600 | S9: 0 | T9: 0 | V9: 1080 | W9: 0 | X9: 0 | Z9: 948 | AA9: 0 | AB9: 0 | AC9: 4 | AD9: =VLOOKUP(B9,[4]PCS!$Y$1:$Z$65536,2,0) -> 1200 | AE9: =VLOOKUP(B9,[4]PCS!$Y$1:$AA$65536,3,0) -> 0 | AF9: =VLOOKUP(B9,[4]PCS!$Y$1:$AB$65536,4,0) -> 0
A10: 6 | B10: IFGV-8982586440 | C10: PB-016N=FLOOR PANEL REAR LH | D10: PRESS D | F10: 744 | G10: 0 | H10: 0 | J10: 540 | K10: 0 | L10: 0 | N10: 660 | O10: 0 | P10: 0 | R10: 600 | S10: 0 | T10: 0 | V10: 720 | W10: 0 | X10: 0 | Z10: 660 | AA10: 0 | AB10: 0 | AC10: 4 | AD10: =VLOOKUP(B10,[4]PCS!$Y$1:$Z$65536,2,0) -> 644 | AE10: =VLOOKUP(B10,[4]PCS!$Y$1:$AA$65536,3,0) -> 0 | AF10: =VLOOKUP(B10,[4]PCS!$Y$1:$AB$65536,4,0) -> 0
A11: 7 | B11: IFGV-8982586380 | C11: PB-015N=FLOOR PANEL REAR RH | D11: PRESS D | F11: 800 | G11: 0 | H11: 4 | J11: 540 | K11: 0 | L11: 0 | N11: 600 | O11: 0 | P11: 0 | R11: 720 | S11: 0 | T11: 0 | V11: 600 | W11: 0 | X11: 0 | Z11: 840 | AA11: 0 | AB11: 0 | AC11: 4 | AD11: =VLOOKUP(B11,[4]PCS!$Y$1:$Z$65536,2,0) -> 680 | AE11: =VLOOKUP(B11,[4]PCS!$Y$1:$AA$65536,3,0) -> 0 | AF11: =VLOOKUP(B11,[4]PCS!$Y$1:$AB$65536,4,0) -> 0
A12: 8 | B12: ISFV 8975880321 | C12: IB-023=REINFORCEMENT FLOOR FRT RH | D12: PRESS D | F12: 960 | G12: 0 | H12: 0 | J12: 660 | K12: 0 | L12: 0 | N12: 800 | O12: 0 | P12: 0 | R12: 600 | S12: 0 | T12: 0 | V12: 840 | W12: 0 | X12: 0 | Z12: 900 | AA12: 0 | AB12: 0 | AC12: 4 | AD12: =VLOOKUP(B12,[4]PCS!$Y$1:$Z$65536,2,0) -> 1260 | AE12: =VLOOKUP(B12,[4]PCS!$Y$1:$AA$65536,3,0) -> 0 | AF12: =VLOOKUP(B12,[4]PCS!$Y$1:$AB$65536,4,0) -> 0
A13: 9 | B13: ISFV 8975880331 | C13: IB-024=REINFORCEMENT FLOOR FRT LH | D13: PRESS D | F13: 960 | G13: 0 | H13: 0 | J13: 660 | K13: 0 | L13: 0 | N13: 800 | O13: 0 | P13: 0 | R13: 600 | S13: 0 | T13: 0 | V13: 840 | W13: 0 | X13: 0 | Z13: 900 | AA13: 0 | AB13: 0 | AC13: 4 | AD13: =VLOOKUP(B13,[4]PCS!$Y$1:$Z$65536,2,0) -> 1260 | AE13: =VLOOKUP(B13,[4]PCS!$Y$1:$AA$65536,3,0) -> 0 | AF13: =VLOOKUP(B13,[4]PCS!$Y$1:$AB$65536,4,0) -> 0
A14: 10 | B14: IFGV-8975859933 | C14: IB-016=BRACKETWIPER | D14: PRESS D | F14: 1140 | G14: 0 | H14: 0 | J14: 720 | K14: 0 | L14: 0 | N14: 900 | O14: 0 | P14: 0 | R14: 540 | S14: 0 | T14: 0 | V14: 840 | W14: 0 | X14: 0 | Z14: 1080 | AA14: 0 | AB14: 0 | AC14: 4 | AD14: =VLOOKUP(B14,[4]PCS!$Y$1:$Z$65536,2,0) -> 1140 | AE14: =VLOOKUP(B14,[4]PCS!$Y$1:$AA$65536,3,0) -> 0 | AF14: =VLOOKUP(B14,[4]PCS!$Y$1:$AB$65536,4,0) -> 0
A15: 11 | B15: ISFV 8976957480 | C15: IB-002=PANEL;ROOF FRT HEADER | D15: PRESS D | F15: 1200 | G15: 0 | H15: 0 | J15: 660 | K15: 0 | L15: 0 | N15: 900 | O15: 0 | P15: 0 | R15: 960 | S15: 0 | T15: 0 | V15: 600 | W15: 0 | X15: 0 | Z15: 540 | AA15: 0 | AB15: 0 | AC15: 4 | AD15: 1454 | AE15: 0 | AF15: =VLOOKUP(B15,[4]PCS!$Y$1:$AB$65536,4,0) -> 0
A16: 12 | B16: ISFV 8975838906 | C16: IB-068=PANEL RR PLR INR LWR LH | D16: PRESS D | F16: 1200 | G16: 0 | H16: 0 | J16: 600 | K16: 0 | L16: 0 | N16: 840 | O16: 0 | P16: 0 | R16: 600 | S16: 0 | T16: 0 | V16: 960 | W16: 0 | X16: 0 | Z16: 900 | AA16: 0 | AB16: 0 | AC16: 4 | AD16: =VLOOKUP(B16,[4]PCS!$Y$1:$Z$65536,2,0) -> 1440 | AE16: =VLOOKUP(B16,[4]PCS!$Y$1:$AA$65536,3,0) -> 0 | AF16: =VLOOKUP(B16,[4]PCS!$Y$1:$AB$65536,4,0) -> 0
A17: 13 | B17: ISFV 8975838896 | C17: IB-067=PANEL RR PLR INR LWR RH | D17: PRESS D | F17: 1243 | G17: 0 | H17: 0 | J17: 600 | K17: 0 | L17: 0 | N17: 840 | O17: 0 | P17: 0 | R17: 600 | S17: 0 | T17: 0 | V17: 960 | W17: 0 | X17: 0 | Z17: 900 | AA17: 0 | AB17: 0 | AC17: 4 | AD17: =VLOOKUP(B17,[4]PCS!$Y$1:$Z$65536,2,0) -> 1440 | AE17: =VLOOKUP(B17,[4]PCS!$Y$1:$AA$65536,3,0) -> 0 | AF17: =VLOOKUP(B17,[4]PCS!$Y$1:$AB$65536,4,0) -> 0
A18: 14 | B18: T57417 BZ150-00-28 | C18: T115=REINFORCEMENT, FR FLOOR UNDER RH | D18: PRESS D | F18: 1300 | G18: 0 | H18: 0 | R18: 1100 | S18: 0 | T18: 0 | V18: 1400 | W18: 0 | X18: 0 | Z18: 200 | AA18: 0 | AB18: 0 | AC18: 4 | AD18: =VLOOKUP(B18,[4]PCS!$Y$1:$Z$65536,2,0) -> 700 | AE18: =VLOOKUP(B18,[4]PCS!$Y$1:$AA$65536,3,0) -> 0 | AF18: =VLOOKUP(B18,[4]PCS!$Y$1:$AB$65536,4,0) -> 0
A19: 15 | B19: ISFV 8975838304 | C19: IB-026=PREINFORCEMENT PARK BRAKE LEVER | D19: PRESS D | F19: 1380 | G19: 0 | H19: 0 | J19: 300 | K19: 0 | L19: 0 | N19: 900 | O19: 0 | P19: 0 | R19: 832 | S19: 0 | T19: 0 | V19: 600 | W19: 0 | X19: 0 | Z19: 840 | AA19: 0 | AB19: 0 | AC19: 4 | AD19: =VLOOKUP(B19,[4]PCS!$Y$1:$Z$65536,2,0) -> 1140 | AE19: =VLOOKUP(B19,[4]PCS!$Y$1:$AA$65536,3,0) -> 0 | AF19: =VLOOKUP(B19,[4]PCS!$Y$1:$AB$65536,4,0) -> 0
A20: 16 | B20: IFGV-8978500548 | C20: PB-033=GUSSET FRT PLR LWR LH | D20: PRESS D | F20: 1380 | G20: 0 | H20: 0 | J20: 1260 | K20: 0 | L20: 0 | N20: 1260 | O20: 0 | P20: 0 | R20: 960 | S20: 0 | T20: 0 | V20: 1620 | W20: 0 | X20: 0 | Z20: 1260 | AA20: 0 | AB20: 0 | AC20: 4 | AD20: =VLOOKUP(B20,[4]PCS!$Y$1:$Z$65536,2,0) -> 1560 | AE20: =VLOOKUP(B20,[4]PCS!$Y$1:$AA$65536,3,0) -> 0 | AF20: =VLOOKUP(B20,[4]PCS!$Y$1:$AB$65536,4,0) -> 0
A21: 17 | B21: IFGV-8978500538 | C21: PB-034=GUSSET FRT PLR LWR RH | D21: PRESS D | F21: 1380 | G21: 0 | H21: 0 | J21: 1260 | K21: 0 | L21: 0 | N21: 1260 | O21: 0 | P21: 0 | R21: 960 | S21: 0 | T21: 0 | V21: 1620 | W21: 0 | X21: 0 | Z21: 1260 | AA21: 0 | AB21: 0 | AC21: 4 | AD21: =VLOOKUP(B21,[4]PCS!$Y$1:$Z$65536,2,0) -> 1560 | AE21: =VLOOKUP(B21,[4]PCS!$Y$1:$AA$65536,3,0) -> 0 | AF21: =VLOOKUP(B21,[4]PCS!$Y$1:$AB$65536,4,0) -> 0
A22: 18 | B22: D57611 BZ141-00 | C22: GT-6194=MEMBER, RR FLOOR SIDE, FR RH | D22: PRESS D | F22: 1650 | G22: 0 | H22: 0 | J22: 1150 | K22: 0 | L22: 1 | N22: 1200 | O22: 0 | P22: 0 | R22: 700 | S22: 0 | T22: 0 | V22: 2200 | W22: 0 | X22: 0 | Z22: 2600 | AA22: 0 | AB22: 0 | AC22: 4 | AD22: =VLOOKUP(B22,[4]PCS!$Y$1:$Z$65536,2,0) -> 1550 | AE22: =VLOOKUP(B22,[4]PCS!$Y$1:$AA$65536,3,0) -> 0 | AF22: =VLOOKUP(B22,[4]PCS!$Y$1:$AB$65536,4,0) -> 0
A23: 19 | B23: D57612 BZ142-00 | C23: GT-6196=MEMBER, RR FLOOR SIDE, FR LH | D23: PRESS D | F23: 1750 | G23: 0 | H23: 0 | J23: 1100 | K23: 0 | L23: 0 | N23: 1105 | O23: 0 | P23: 0 | R23: 800 | S23: 0 | T23: 0 | V23: 2300 | W23: 0 | X23: 0 | Z23: 2307 | AA23: 0 | AB23: 0 | AC23: 4 | AD23: =VLOOKUP(B23,[4]PCS!$Y$1:$Z$65536,2,0) -> 1350 | AE23: =VLOOKUP(B23,[4]PCS!$Y$1:$AA$65536,3,0) -> 0 | AF23: =VLOOKUP(B23,[4]PCS!$Y$1:$AB$65536,4,0) -> 0
A24: 20 | B24: IFGV-8978500195 | C24: PB-025=GUSSET FLR SIDE LH | D24: PRESS D | F24: 1820 | G24: 0 | H24: 0 | J24: 780 | K24: 0 | L24: 0 | N24: 1380 | O24: 0 | P24: 0 | R24: 1020 | S24: 0 | T24: 0 | V24: 1260 | W24: 0 | X24: 0 | Z24: 1380 | AA24: 0 | AB24: 0 | AC24: 4 | AD24: =VLOOKUP(B24,[4]PCS!$Y$1:$Z$65536,2,0) -> 1520 | AE24: =VLOOKUP(B24,[4]PCS!$Y$1:$AA$65536,3,0) -> 0 | AF24: =VLOOKUP(B24,[4]PCS!$Y$1:$AB$65536,4,0) -> 0
A25: 21 | B25: DV58115 BZ100-03 | C25: AES-012V=REINFORCEMENT, FR FLOOR PNL,LH | D25: PRESS D | F25: 3480 | G25: 0 | H25: 0 | J25: 2300 | K25: 0 | L25: 0 | N25: 3000 | O25: 0 | P25: 0 | R25: 2400 | S25: 0 | T25: 0 | V25: 2400 | W25: 0 | X25: 0 | Z25: 2400 | AA25: 0 | AB25: 0 | AC25: 4
A26: 22 | B26: D55741 BZ200-00 | C26: K-1119=PANEL, COWL TOP, INNER | D26: PRESS D | F26: 4300 | G26: 0 | H26: 0 | J26: 4383 | K26: 26 | L26: 2 | N26: 5149 | O26: 4 | P26: 0 | R26: 2246 | S26: 54 | T26: 0 | V26: 5910 | W26: 98 | X26: 3 | Z26: 6061 | AA26: 52 | AB26: 1 | AC26: 4 | AD26: =VLOOKUP(B26,[4]PCS!$Y$1:$Z$65536,2,0) -> 5200 | AE26: =VLOOKUP(B26,[4]PCS!$Y$1:$AA$65536,3,0) -> 0 | AF26: =VLOOKUP(B26,[4]PCS!$Y$1:$AB$65536,4,0) -> 0
A27: 23 | B27: D53321 BZ130-00 | C27: K-4003=PANEL, HOOD, INNER | D27: PRESS D | F27: 4724 | G27: 75 | H27: 1 | J27: 4902 | K27: 0 | L27: 0 | N27: 6560 | O27: 0 | P27: 0 | R27: 2550 | S27: 0 | T27: 0 | V27: 6365 | W27: 10 | X27: 0 | Z27: 7335 | AA27: 15 | AB27: 0 | AC27: 4 | AD27: =VLOOKUP(B27,[4]PCS!$Y$1:$Z$65536,2,0) -> 5700 | AE27: =VLOOKUP(B27,[4]PCS!$Y$1:$AA$65536,3,0) -> 0 | AF27: =VLOOKUP(B27,[4]PCS!$Y$1:$AB$65536,4,0) -> 0
A28: 24 | B28: D67145 BZ050-00 | C28: K-4045=PANEL, FR DOOR HINGE SIDE,RH | D28: PRESS D | F28: 4900 | G28: 0 | H28: 0 | J28: 5202 | K28: 0 | L28: 0 | N28: 5900 | O28: 0 | P28: 0 | R28: 2600 | S28: 0 | T28: 0 | V28: 6900 | W28: 0 | X28: 0 | Z28: 6300 | AA28: 0 | AB28: 0 | AC28: 4 | AD28: =VLOOKUP(B28,[4]PCS!$Y$1:$Z$65536,2,0) -> 5900 | AE28: =VLOOKUP(B28,[4]PCS!$Y$1:$AA$65536,3,0) -> 0 | AF28: =VLOOKUP(B28,[4]PCS!$Y$1:$AB$65536,4,0) -> 0
A29: 25 | B29: D67146 BZ050-00 | C29: K-4046=PANEL, FR DOOR HINGE SIDE,LH | D29: PRESS D | F29: 4900 | G29: 0 | H29: 0 | J29: 5202 | K29: 0 | L29: 0 | N29: 5900 | O29: 0 | P29: 0 | R29: 2600 | S29: 0 | T29: 0 | V29: 6900 | W29: 0 | X29: 5 | Z29: 6300 | AA29: 0 | AB29: 0 | AC29: 4 | AD29: =VLOOKUP(B29,[4]PCS!$Y$1:$Z$65536,2,0) -> 5900 | AE29: =VLOOKUP(B29,[4]PCS!$Y$1:$AA$65536,3,0) -> 0 | AF29: =VLOOKUP(B29,[4]PCS!$Y$1:$AB$65536,4,0) -> 0
A30: 26 | B30: DV61771 BZ140-00 | C30: AA-3446=FRME,BACK DR OPENING UPR CRNR,RH | D30: PRESS D | F30: 5377 | G30: 0 | H30: 10 | J30: 6300 | K30: 0 | L30: 2 | N30: 4350 | O30: 0 | P30: 0 | R30: 3900 | S30: 0 | T30: 0 | V30: 5550 | W30: 0 | X30: 0 | Z30: 5700 | AA30: 0 | AB30: 0 | AC30: 4 | AD30: =VLOOKUP(B30,[4]PCS!$Y$1:$Z$65536,2,0) -> 5400 | AE30: =VLOOKUP(B30,[4]PCS!$Y$1:$AA$65536,3,0) -> 0 | AF30: =VLOOKUP(B30,[4]PCS!$Y$1:$AB$65536,4,0) -> 0
A31: 27 | B31: DV61772 BZ130-00 | C31: AA-3447=FRME,BACK DR OPENING UPR CRNR,LH | D31: PRESS D | F31: 5377 | G31: 0 | H31: 14 | J31: 6240 | K31: 60 | L31: 2 | N31: 4350 | O31: 0 | P31: 0 | R31: 3900 | S31: 0 | T31: 0 | V31: 5550 | W31: 0 | X31: 0 | Z31: 5700 | AA31: 0 | AB31: 0 | AC31: 4 | AD31: =VLOOKUP(B31,[4]PCS!$Y$1:$Z$65536,2,0) -> 5400 | AE31: =VLOOKUP(B31,[4]PCS!$Y$1:$AA$65536,3,0) -> 0 | AF31: =VLOOKUP(B31,[4]PCS!$Y$1:$AB$65536,4,0) -> 0
A32: 28 | B32: VV-D57417-BZ120 | C32: NA-049=REINFORCEMENT, FR FLR UNDER, RH | D32: PRESS D | F32: 6200 | G32: 0 | H32: 0 | J32: 6500 | K32: 0 | L32: 0 | N32: 6000 | O32: 0 | P32: 0 | R32: 4500 | S32: 0 | T32: 0 | V32: 7500 | W32: 0 | X32: 0 | Z32: 6500 | AA32: 0 | AB32: 0 | AC32: 4 | AD32: =VLOOKUP(B32,[4]PCS!$Y$1:$Z$65536,2,0) -> 4800 | AE32: =VLOOKUP(B32,[4]PCS!$Y$1:$AA$65536,3,0) -> 0 | AF32: =VLOOKUP(B32,[4]PCS!$Y$1:$AB$65536,4,0) -> 0
A33: 29 | B33: VV-D57418-BZ020 | C33: NA-050=REINFORCEMENT,FR FLR UNDER,LH | D33: PRESS D | F33: 6200 | G33: 0 | H33: 0 | J33: 6700 | K33: 0 | L33: 0 | N33: 5800 | O33: 0 | P33: 0 | R33: 4600 | S33: 0 | T33: 0 | V33: 7400 | W33: 0 | X33: 0 | Z33: 6700 | AA33: 0 | AB33: 0 | AC33: 4 | AD33: =VLOOKUP(B33,[4]PCS!$Y$1:$Z$65536,2,0) -> 6200 | AE33: =VLOOKUP(B33,[4]PCS!$Y$1:$AA$65536,3,0) -> 0 | AF33: =VLOOKUP(B33,[4]PCS!$Y$1:$AB$65536,4,0) -> 0
A34: 30 | B34: D55741 BZ570 | C34: AES-024=PANEL, COWL TOP, INNER | D34: PRESS D | F34: 7379 | G34: 0 | H34: 1 | J34: 4770 | K34: 0 | L34: 0 | N34: 3960 | O34: 0 | P34: 0 | R34: 4200 | S34: 0 | T34: 0 | V34: 6420 | W34: 0 | X34: 0 | Z34: 4727 | AA34: 0 | AB34: 1 | AC34: 4 | AD34: =VLOOKUP(B34,[4]PCS!$Y$1:$Z$65536,2,0) -> 5400 | AE34: =VLOOKUP(B34,[4]PCS!$Y$1:$AA$65536,3,0) -> 0 | AF34: =VLOOKUP(B34,[4]PCS!$Y$1:$AB$65536,4,0) -> 0
A35: 31 | B35: DV67147 BZ170-00 | C35: T-4023=PANEL R/D HINGE SIDE RH | D35: PRESS D | F35: 7400 | G35: 0 | H35: 0 | J35: 6000 | K35: 0 | L35: 0 | N35: 4800 | O35: 0 | P35: 0 | R35: 4800 | S35: 0 | T35: 0 | V35: 5400 | W35: 0 | X35: 0 | Z35: 3800 | AA35: 0 | AB35: 0 | AC35: 4 | AD35: =VLOOKUP(B35,[4]PCS!$Y$1:$Z$65536,2,0) -> 4400 | AE35: =VLOOKUP(B35,[4]PCS!$Y$1:$AA$65536,3,0) -> 0 | AF35: =VLOOKUP(B35,[4]PCS!$Y$1:$AB$65536,4,0) -> 0
A36: 32 | B36: DV67148 BZ170-00 | C36: T-4024=PANEL R/D HINGE SIDE LH | D36: PRESS D | F36: 7400 | G36: 0 | H36: 0 | J36: 6000 | K36: 0 | L36: 0 | N36: 4800 | O36: 0 | P36: 0 | R36: 4800 | S36: 0 | T36: 0 | V36: 5400 | W36: 0 | X36: 0 | Z36: 3400 | AA36: 0 | AB36: 0 | AC36: 4 | AD36: =VLOOKUP(B36,[4]PCS!$Y$1:$Z$65536,2,0) -> 4400 | AE36: =VLOOKUP(B36,[4]PCS!$Y$1:$AA$65536,3,0) -> 0 | AF36: =VLOOKUP(B36,[4]PCS!$Y$1:$AB$65536,4,0) -> 0
A37: 33 | B37: T57417 BZ120-00-28 | C37: T114=REINFORCEMENT, FR FLR UNDER, RH | D37: PRESS D | F37: 7500 | G37: 0 | H37: 0 | J37: 7800 | K37: 0 | L37: 0 | N37: 7000 | O37: 0 | P37: 0 | R37: 6626 | S37: 0 | T37: 0 | V37: 10100 | W37: 0 | X37: 0 | Z37: 8200 | AA37: 0 | AB37: 0 | AC37: 4 | AD37: =VLOOKUP(B37,[4]PCS!$Y$1:$Z$65536,2,0) -> 9800 | AE37: =VLOOKUP(B37,[4]PCS!$Y$1:$AA$65536,3,0) -> 0 | AF37: =VLOOKUP(B37,[4]PCS!$Y$1:$AB$65536,4,0) -> 0
... A44: 40 | B44: DV57417 BZ120-00 | C44: RC-2764=REINFORCEMENT, FR FLOOR UNDER RH | D44: PRESS D | F44: 10900 | G44: 0 | H44: 0 | J44: 11200 | K44: 0 | L44: 0 | N44: 10300 | O44: 0 | P44: 0 | R44: 7100 | S44: 0 | T44: 0 | V44: 9700 | W44: 0 | X44: 0 | Z44: 9500 | AA44: 0 | AB44: 0 | AC44: 4 | AD44: =VLOOKUP(B44,[4]PCS!$Y$1:$Z$65536,2,0) -> 12556 | AE44: =VLOOKUP(B44,[4]PCS!$Y$1:$AA$65536,3,0) -> 0 | AF44: =VLOOKUP(B44,[4]PCS!$Y$1:$AB$65536,4,0) -> 0
A45: 41 | B45: D58115 BZ100 | C45: AES-012=REINFORCEMENT, FR FLR PANEL, LH | D45: PRESS D | F45: 12800 | G45: 0 | H45: 0 | J45: 12600 | K45: 0 | L45: 0 | N45: 11100 | O45: 0 | P45: 0 | R45: 8500 | S45: 0 | T45: 0 | V45: 14600 | W45: 0 | X45: 0 | Z45: 11362 | AA45: 0 | AB45: 0 | AC45: 4
A46: 42 | B46: DV61731 BZ180-00 | C46: AA-1897=PANEL ROOF SIDE INR RH | D46: PRESS D | N46: 10 | O46: 0 | P46: 0 | AC46: 4
A47: 43 | B47: DV61732 BZ170 | C47: AAS-088=PANEL ROOF SIDE INR LH | D47: PRESS D | N47: 10 | O47: 0 | P47: 0 | AC47: 4
A48: 44 | B48: IFG-8980152102 | C48: IB-075=REINFORCEMENT FRAME FLR RR | D48: PRESS D | N48: 13 | O48: 0 | P48: 0 | R48: 48 | S48: 0 | T48: 0 | AC48: 4
A49: 45 | B49: D61627 BZ110 | C49: AES-028=EXTENSION, QRTR PNL,RR LWR | D49: PRESS D | V49: 11340 | W49: 0 | X49: 0 | Z49: 8520 | AA49: 0 | AB49: 0 | AC49: 4 | AD49: =VLOOKUP(B49,[4]PCS!$Y$1:$Z$65536,2,0) -> 9440 | AE49: =VLOOKUP(B49,[4]PCS!$Y$1:$AA$65536,3,0) -> 0 | AF49: =VLOOKUP(B49,[4]PCS!$Y$1:$AB$65536,4,0) -> 0
A50: 46 | B50: D61627 BZ120 | C50: AES-029=EXTENSION, QRTR PNL,RR LWR RH | D50: PRESS D | V50: 3000 | W50: 0 | X50: 0 | Z50: 1350 | AA50: 0 | AB50: 0 | AC50: 4 | AD50: =VLOOKUP(B50,[4]PCS!$Y$1:$Z$65536,2,0) -> 2820 | AE50: =VLOOKUP(B50,[4]PCS!$Y$1:$AA$65536,3,0) -> 0 | AF50: =VLOOKUP(B50,[4]PCS!$Y$1:$AB$65536,4,0) -> 0
A51: 47 | B51: D61628 BZ160 | C51: AES-033=EXTENSION, QRTR PNL,RR LWR | D51: PRESS D | V51: 11340 | W51: 0 | X51: 0 | Z51: 8520 | AA51: 0 | AB51: 0 | AC51: 4 | AD51: =VLOOKUP(B51,[4]PCS!$Y$1:$Z$65536,2,0) -> 9440 | AE51: =VLOOKUP(B51,[4]PCS!$Y$1:$AA$65536,3,0) -> 0 | AF51: =VLOOKUP(B51,[4]PCS!$Y$1:$AB$65536,4,0) -> 0
A52: 48 | B52: D61628 BZ170 | C52: AES-034=EXTENSION, QRTR PNL,RR LWR | D52: PRESS D | V52: 3000 | W52: 0 | X52: 0 | Z52: 1350 | AA52: 0 | AB52: 0 | AC52: 4 | AD52: =VLOOKUP(B52,[4]PCS!$Y$1:$Z$65536,2,0) -> 2820 | AE52: =VLOOKUP(B52,[4]PCS!$Y$1:$AA$65536,3,0) -> 0 | AF52: =VLOOKUP(B52,[4]PCS!$Y$1:$AB$65536,4,0) -> 0
A53: 49 | B53: D55711 BZ080-00 | C53: GT-6193=PANEL, COWL TOP, OUTER | D53: PRESS D | V53: 5800 | W53: 0 | X53: 0 | Z53: 6589 | AA53: 11 | AB53: 0 | AC53: 4 | AD53: =VLOOKUP(B53,[4]PCS!$Y$1:$Z$65536,2,0) -> 7700 | AE53: =VLOOKUP(B53,[4]PCS!$Y$1:$AA$65536,3,0) -> 0 | AF53: =VLOOKUP(B53,[4]PCS!$Y$1:$AB$65536,4,0) -> 0
A54: 50 | B54: T57418 BZ050-00-28 | C54: T117=REINFORCEMENT, FR FLOOR UNDER LH | D54: PRESS D | V54: 1500 | W54: 0 | X54: 0 | Z54: 200 | AA54: 0 | AB54: 0 | AC54: 4 | AD54: =VLOOKUP(B54,[4]PCS!$Y$1:$Z$65536,2,0) -> 600 | AE54: =VLOOKUP(B54,[4]PCS!$Y$1:$AA$65536,3,0) -> 0 | AF54: =VLOOKUP(B54,[4]PCS!$Y$1:$AB$65536,4,0) -> 0
A55: 51 | B55: D53321 BZ140-00 | C55: K-4004=PANEL, HOOD, INNER | D55: PRESS D | V55: 150 | W55: 0 | X55: 0 | Z55: 630 | AA55: 0 | AB55: 0 | AC55: 4 | AD55: =VLOOKUP(B55,[4]PCS!$Y$1:$Z$65536,2,0) -> 2025 | AE55: =VLOOKUP(B55,[4]PCS!$Y$1:$AA$65536,3,0) -> 0 | AF55: =VLOOKUP(B55,[4]PCS!$Y$1:$AB$65536,4,0) -> 0
A56: 52 | B56: D55741 BZ150-00 | C56: K-1017=PANEL, COWL TOP, INNER | D56: PRESS D | V56: 8 | W56: 0 | X56: 0 | Z56: 499 | AA56: 0 | AB56: 3 | AC56: 4 | AD56: =1800-2 -> 1798 | AE56: =VLOOKUP(B56,[4]PCS!$Y$1:$AA$65536,3,0) -> 0 | AF56: 2
A57: 53 | B57: D67145 BZ060-00 | C57: K-4047=PANEL, FR DOOR HINGE SIDE,RH | D57: PRESS D | V57: 300 | W57: 0 | X57: 0 | Z57: 400 | AA57: 0 | AB57: 0 | AC57: 4 | AD57: =VLOOKUP(B57,[4]PCS!$Y$1:$Z$65536,2,0) -> 2100 | AE57: =VLOOKUP(B57,[4]PCS!$Y$1:$AA$65536,3,0) -> 0 | AF57: =VLOOKUP(B57,[4]PCS!$Y$1:$AB$65536,4,0) -> 0
A58: 54 | B58: D67146 BZ060-00 | C58: K-4048=PANEL, FR DOOR HINGE SIDE,LH | D58: PRESS D | V58: 300 | W58: 0 | X58: 0 | Z58: 400 | AA58: 0 | AB58: 0 | AC58: 4 | AD58: =VLOOKUP(B58,[4]PCS!$Y$1:$Z$65536,2,0) -> 2100 | AE58: =VLOOKUP(B58,[4]PCS!$Y$1:$AA$65536,3,0) -> 0 | AF58: =VLOOKUP(B58,[4]PCS!$Y$1:$AB$65536,4,0) -> 0
A59: 55 | B59: D57611 BZ151-00 | C59: GT-6195=MEMBER, RR FLOOR SIDE, FR RH | D59: PRESS D | Z59: 500 | AA59: 0 | AB59: 0 | AD59: =VLOOKUP(B59,[4]PCS!$Y$1:$Z$65536,2,0) -> 1850 | AE59: =VLOOKUP(B59,[4]PCS!$Y$1:$AA$65536,3,0) -> 0 | AF59: =VLOOKUP(B59,[4]PCS!$Y$1:$AB$65536,4,0) -> 0
A60: 56 | B60: D57612 BZ152-00 | C60: GT-6197=MEMBER, RR FLOOR SIDE, FR LH | D60: PRESS D | Z60: 400 | AA60: 0 | AB60: 0 | AD60: =VLOOKUP(B60,[4]PCS!$Y$1:$Z$65536,2,0) -> 2050 | AE60: =VLOOKUP(B60,[4]PCS!$Y$1:$AA$65536,3,0) -> 0 | AF60: =VLOOKUP(B60,[4]PCS!$Y$1:$AB$65536,4,0) -> 0
A61: 57 | B61: DV58311 BZ121-00 | C61: GT-5059(K-1124)=PANEL RR FLOOR | D61: PRESS D | Z61: 182 | AA61: 0 | AB61: 0 | AD61: =VLOOKUP(B61,[4]PCS!$Y$1:$Z$65536,2,0) -> 750 | AE61: =VLOOKUP(B61,[4]PCS!$Y$1:$AA$65536,3,0) -> 0 | AF61: =VLOOKUP(B61,[4]PCS!$Y$1:$AB$65536,4,0) -> 0
A62: 58 | B62: DV61745 BZ060-S | C62: NXS-015=REINF BACK DOOR OPENING LWR RH | D62: PRESS D | Z62: 20 | AA62: 0 | AB62: 0
A63: 59 | B63: DV61746 BZ040-S | C63: NXS-016=REINF BACK DOOR OPENING LWR LH | D63: PRESS D | Z63: 20 | AA63: 0 | AB63: 0
A64: 60 | B64: T57418 BZ020-00E28 | C64: T116E=REINFORCEMENT,FR FLR UNDER,LH | D64: PRESS D | N64: 200 | O64: 0 | P64: 0 | R64: 100 | S64: 0 | T64: 0 | Z64: 100 | AA64: 0 | AB64: 0 | AC64: 4 | AD64: =VLOOKUP(B64,[4]PCS!$Y$1:$Z$65536,2,0) -> 500 | AE64: =VLOOKUP(B64,[4]PCS!$Y$1:$AA$65536,3,0) -> 0 | AF64: =VLOOKUP(B64,[4]PCS!$Y$1:$AB$65536,4,0) -> 0
A65: 61 | B65: IFGV-8980152102S | C65: IB-075S=REINFORCEMENT FRAME FLR RR | D65: PRESS D | J65: 120 | K65: 0 | L65: 0 | N65: 24 | O65: 0 | P65: 0 | V65: 264 | W65: 0 | X65: 0 | Z65: 240 | AA65: 0 | AB65: 0 | AC65: 4 | AD65: =VLOOKUP(B65,[4]PCS!$Y$1:$Z$65536,2,0) -> 120 | AE65: =VLOOKUP(B65,[4]PCS!$Y$1:$AA$65536,3,0) -> 0 | AF65: =VLOOKUP(B65,[4]PCS!$Y$1:$AB$65536,4,0) -> 0
A66: 62 | B66: DV61626 BZ121 | C66: AAS-072=EXTENSION QUARTER PANEL RR LH | D66: PRESS D | AD66: =VLOOKUP(B66,[4]PCS!$Y$1:$Z$65536,2,0) -> 20 | AE66: =VLOOKUP(B66,[4]PCS!$Y$1:$AA$65536,3,0) -> 0 | AF66: =VLOOKUP(B66,[4]PCS!$Y$1:$AB$65536,4,0) -> 0
C67: MONTHLY D LINE | D67: QTY | F67: =SUM(F5:F65) -> 172759 | G67: =SUM(G5:G65) -> 80 | H67: =SUM(H5:H65) -> 34 | J67: =SUM(J5:J65) -> 157689 | K67: =SUM(K5:K65) -> 86 | L67: =SUM(L5:L65) -> 7 | N67: =SUM(N5:N65) -> 154401 | O67: =SUM(O5:O65) -> 4 | P67: =SUM(P5:P65) -> 0 | R67: =SUM(R5:R65) -> 113538 | S67: =SUM(S5:S65) -> 54 | T67: =SUM(T5:T65) -> 0 | V67: =SUM(V5:V65) -> 208077 | W67: =SUM(W5:W65) -> 108 | X67: =SUM(X5:X65) -> 8 | Z67: =SUM(Z5:Z65) -> 184264 | AA67: =SUM(AA5:AA65) -> 78 | AB67: =SUM(AB5:AB65) -> 8 | AD67: =SUM(AD5:AD66) -> 195027 | AE67: =SUM(AE5:AE66) -> 0 | AF67: =SUM(AF5:AF66) -> 2 | AH67: =SUM(AH5:AH66) -> 0 | AI67: =SUM(AI5:AI66) -> 0 | AJ67: =SUM(AJ5:AJ66) -> 0 | AL67: =SUM(AL5:AL66) -> 0 | AM67: =SUM(AM5:AM66) -> 0 | AN67: =SUM(AN5:AN66) -> 0 | AP67: =SUM(AP5:AP66) -> 0 | AQ67: =SUM(AQ5:AQ66) -> 0 | AR67: =SUM(AR5:AR66) -> 0 | AT67: =SUM(AT5:AT66) -> 0 | AU67: =SUM(AU5:AU66) -> 0 | AV67: =SUM(AV5:AV66) -> 0 | AX67: =SUM(AX5:AX66) -> 0 | AY67: =SUM(AY5:AY66) -> 0 | AZ67: =SUM(AZ5:AZ66) -> 0
C68: TOTAL | D68: % | F68: =F67/(F67+G67+H67) -> 0.99934056 | G68: =G67/(F67+G67+H67) -> 0.00046276747 | H68: =H67/(F67+G67+H67) -> 0.00019667617 | J68: =J67/(J67+K67+L67) -> 0.99941058 | K68: =K67/(J67+K67+L67) -> 0.00054505584 | L68: =L67/(J67+K67+L67) -> 4.436501e-05 | N68: =N67/(N67+O67+P67) -> 0.99997409 | O68: =O67/(N67+O67+P67) -> 2.5905897e-05 | P68: =P67/(N67+O67+P67) -> 0 | R68: =R67/(R67+S67+T67) -> 0.99952461 | S68: =S67/(R67+S67+T67) -> 0.00047538559 | T68: =T67/(R67+S67+T67) -> 0 | V68: =V67/(V67+W67+X67) -> 0.99944282 | W68: =W67/(V67+W67+X67) -> 0.00051874943 | X68: =X67/(V67+W67+X67) -> 3.8425884e-05 | Z68: =Z67/(Z67+AA67+AB67) -> 0.9995335 | AA68: =AA67/(Z67+AA67+AB67) -> 0.00042310822 | AB68: =AB67/(Z67+AA67+AB67) -> 4.3395715e-05 | AD68: =AD67/(AD67+AE67+AF67) -> 0.99998975 | AE68: =AE67/(AD67+AE67+AF67) -> 0 | AF68: =AF67/(AD67+AE67+AF67) -> 1.0254885e-05 | AH68: =AH67/(AH67+AI67+AJ67) -> #DIV/0! | AI68: =AI67/(AH67+AI67+AJ67) -> #DIV/0! | AJ68: =AJ67/(AH67+AI67+AJ67) -> #DIV/0! | AL68: =AL67/(AL67+AM67+AN67) -> #DIV/0! | AM68: =AM67/(AL67+AM67+AN67) -> #DIV/0! | AN68: =AN67/(AL67+AM67+AN67) -> #DIV/0! | AP68: =AP67/(AP67+AQ67+AR67) -> #DIV/0! | AQ68: =AQ67/(AP67+AQ67+AR67) -> #DIV/0! | AR68: =AR67/(AP67+AQ67+AR67) -> #DIV/0! | AT68: =AT67/(AT67+AU67+AV67) -> #DIV/0! | AU68: =AU67/(AT67+AU67+AV67) -> #DIV/0! | AV68: =AV67/(AT67+AU67+AV67) -> #DIV/0! | AX68: =AX67/(AX67+AY67+AZ67) -> #DIV/0! | AY68: =AY67/(AX67+AY67+AZ67) -> #DIV/0! | AZ68: =AZ67/(AX67+AY67+AZ67) -> #DIV/0!
C70: YTD D LINE | D70: QTY | F70: =F67 -> 172759 | G70: =G67 -> 80 | H70: =H67 -> 34 | J70: =F70+J67 -> 330448 | K70: =G70+K67 -> 166 | L70: =H70+L67 -> 41 | N70: =J70+N67 -> 484849 | O70: =K70+O67 -> 170 | P70: =L70+P67 -> 41 | R70: =N70+R67 -> 598387 | S70: =O70+S67 -> 224 | T70: =P70+T67 -> 41 | V70: =R70+V67 -> 806464 | W70: =S70+W67 -> 332 | X70: =T70+X67 -> 49 | Z70: =V70+Z67 -> 990728 | AA70: =W70+AA67 -> 410 | AB70: =X70+AB67 -> 57 | AD70: =Z70+AD67 -> 1185755 | AE70: =AA70+AE67 -> 410 | AF70: =AB70+AF67 -> 59 | AH70: =AD70+AH67 -> 1185755 | AI70: =AE70+AI67 -> 410 | AJ70: =AF70+AJ67 -> 59 | AL70: =AH70+AL67 -> 1185755 | AM70: =AI70+AM67 -> 410 | AN70: =AJ70+AN67 -> 59 | AP70: =AL70+AP67 -> 1185755 | AQ70: =AM70+AQ67 -> 410 | AR70: =AN70+AR67 -> 59 | AT70: =AP70+AT67 -> 1185755 | AU70: =AQ70+AU67 -> 410 | AV70: =AR70+AV67 -> 59 | AX70: =AT70+AX67 -> 1185755 | AY70: =AU70+AY67 -> 410 | AZ70: =AV70+AZ67 -> 59
C71: TOTAL | D71: % | F71: =F70/(F70+G70+H70) -> 0.99934056 | G71: =G70/(F70+G70+H70) -> 0.00046276747 | H71: =H70/(F70+G70+H70) -> 0.00019667617 | J71: =J70/(J70+K70+L70) -> 0.99937397 | K71: =K70/(J70+K70+L70) -> 0.00050203384 | L71: =L70/(J70+K70+L70) -> 0.00012399631 | N71: =N70/(N70+O70+P70) -> 0.999565 | O71: =O70/(N70+O70+P70) -> 0.00035047211 | P71: =P70/(N70+O70+P70) -> 8.4525626e-05 | R71: =R70/(R70+S70+T70) -> 0.99955734 | S71: =S70/(R70+S70+T70) -> 0.00037417398 | T71: =T70/(R70+S70+T70) -> 6.8487201e-05 | V71: =V70/(V70+W70+X70) -> 0.99952779 | W71: =W70/(V70+W70+X70) -> 0.00041147928 | X71: =X70/(V70+W70+X70) -> 6.0730376e-05 | Z71: =Z70/(Z70+AA70+AB70) -> 0.99952885 | AA71: =AA70/(Z70+AA70+AB70) -> 0.00041364212 | AB71: =AB70/(Z70+AA70+AB70) -> 5.7506343e-05 | AD71: =AD70/(AD70+AE70+AF70) -> 0.99960463 | AE71: =AE70/(AD70+AE70+AF70) -> 0.00034563455 | AF71: =AF70/(AD70+AE70+AF70) -> 4.9737655e-05 | AH71: =AH70/(AH70+AI70+AJ70) -> 0.99960463 | AI71: =AI70/(AH70+AI70+AJ70) -> 0.00034563455 | AJ71: =AJ70/(AH70+AI70+AJ70) -> 4.9737655e-05 | AL71: =AL70/(AL70+AM70+AN70) -> 0.99960463 | AM71: =AM70/(AL70+AM70+AN70) -> 0.00034563455 | AN71: =AN70/(AL70+AM70+AN70) -> 4.9737655e-05 | AP71: =AP70/(AP70+AQ70+AR70) -> 0.99960463 | AQ71: =AQ70/(AP70+AQ70+AR70) -> 0.00034563455 | AR71: =AR70/(AP70+AQ70+AR70) -> 4.9737655e-05 | AT71: =AT70/(AT70+AU70+AV70) -> 0.99960463 | AU71: =AU70/(AT70+AU70+AV70) -> 0.00034563455 | AV71: =AV70/(AT70+AU70+AV70) -> 4.9737655e-05 | AX71: =AX70/(AX70+AY70+AZ70) -> 0.99960463 | AY71: =AY70/(AX70+AY70+AZ70) -> 0.00034563455 | AZ71: =AZ70/(AX70+AY70+AZ70) -> 4.9737655e-05
